0.0	0.14593524640836925	0.31091304380117657	0.166239564000707	0.055967160968412255	7.274273172698184e-05	0.02276219533777634	0.040274974416861134	0.0	8.794192886432133e-05	0.0	0.0	0.0	0.0	0.0	0.0	0.1071624609317026	0.0006863013507289365	0.0	0.05447810020912012	0.00022402898250739538	7.306715634136769e-05	0.0	3.024257558846544e-05	0.0	4.477800229339736e-05	0.007275706269371322	0.000299932723935876	0.001330796068172699	0.5285058040063231	0.01750606564758632	0.11928942035148941	0.04509988439069562	0.05063757515869926	0.008018703876408476	0.031707082697298036	0.06259848013297872	0.23883100526683398	0.06227946543649653	5.506138364166911e-05	0.007038394737157261	0.00014083207536684625	0.11892875532339615	6.527891702962535e-05	0.05793890450093667	4.0151532975866724e-05	3.5864263478119314e-05	0.0017725580299360422	9.621881326209498e-05	1.2765705841321115e-05	1.2547723125191286e-05	2.226521621867827e-05	0.00010369909086775818	1.4526001095373534e-05	0.0	0.0	0.0003077528184104811	0.026190868357431608	0.02738195997727514	0.0068271713125009825	0.0	0.0003740558084062646	0.00013344983511932358	0.0007734609567546085	0.0012610516471792254	0.0	0.00011227938347937521	0.0	0.00026468839009831147	0.0	0.0	0.00044520767353957907	0.0	0.0022744370840713513	0.002447552710517188	0.034429026897784445	0.0058976179072255	0.00017591257622494487	0.005427932766759995	0.004064881357306352	0.0014021366640354226	0.00016213853859863134	0.0	0.0	3.0675265701748615e-05	0.019753629098482238	0.0	3.6372124319749546e-05	0.0	0.0	0.0	0.0	0.0	0.0	0.0	0.0023672860660757388	0.0	7.477022946814802e-05	0.0	0.0	0.0	0.0	0.0	0.0	1.2579749996675061e-05	0.0	9.513509680165016e-06	0.00025373256198205475	1.5207743084553994e-05	0.0	0.0	3.906746116121937e-05	6.284219816248224e-05	0.0015934840611085599	9.027544166838462e-05	0.00024813356993180064	2.9853723512350072e-05	0.0	0.0	0.0	1.3532246178548535e-05	0.0	2.7221268295913056e-05	5.72264062142773e-05	2.905413798888003e-05	0.0	0.0	5.723272454056768e-05	1.1177991524089667e-05	1.1105040152615651e-05	0.0	0.0	0.0	0.0	0.0	0.00013720024889253576	0.0	1.479707207669754e-05	0.0	1.384769695151079e-05	0.0	0.0	0.0	0.0	0.0	0.0	0.0	0.0	0.0	5.8732724217890986e-05	0.0	0.0	4.443622041671443e-05	0.00018722346930291945	0.00016472698177371037	0.0	0.0	0.0	0.0	0.0	0.0	0.0	0.0	0.0	9.313939270207784e-05	0.00020605970844913332
0.14593524640836925	0.0	0.8545998596778652	0.1571961250285824	0.16082798246921123	0.01883981337592324	0.011409641197779265	0.15627836280697419	0.00025906275658330307	0.42013654779194676	0.03390331442637466	0.008441859711991613	0.01654381277530614	0.03846166352760624	0.009158896853874504	0.01177954643603233	0.30425670627467427	0.056597624346994294	0.0046329611158978596	0.005389987851163119	0.0006177555293633944	8.66404583264985e-05	0.001714286864917115	0.0007951776529995345	0.0005371672535568868	6.0167381878480323e-05	0.0003554955858169311	7.996899902600122e-05	0.0001537810521543871	0.00863078137082614	0.002413726394213928	0.00029043347525347534	2.406339480186311e-05	3.6202452328966624e-05	0.0334828097259775	0.010331323668641907	0.27579447188408546	0.23417248187439832	0.0031535839923402505	0.0	7.730031374979483e-05	0.0004873712706817984	0.0014727074782163747	0.0003647122553675363	0.001542072483762026	1.106189537752423e-05	8.648328892702051e-05	0.0018543881750245717	0.0001653560624736776	3.594914263022272e-05	1.015210230311455e-05	0.0	0.00012228782902502428	4.4260308149013955e-05	0.0007241145878515253	0.0	0.0587994794507453	0.10231250243581906	0.0015728626344677175	0.023769524048756766	0.006293629270504497	0.006911038755577226	0.009156468718601918	1.902822223890011e-05	0.0005916147274602174	0.0	6.105267571386207e-05	0.0	0.0	0.005665085810081069	0.007265242436954758	0.059051975540788955	1.3318364268291737e-05	0.004392382861616133	0.005747072289899887	0.07939745405935916	0.038395844496061315	0.0005706698146339188	0.002236280808018068	0.16810887106405575	0.034835698675976356	0.0017462936795485321	0.0052690646502284244	0.00011704020147798625	3.370092585373685e-05	0.10743376306404924	0.0004923211150792065	0.43838786414326847	0.07677592528269497	0.007920471640461809	0.00020837289903295707	1.81925099563012e-05	0.0	0.0	6.880815999938329e-05	0.010454046131209593	6.422335160063153e-05	2.3935385566314946e-05	0.0	0.0	0.0	0.0	0.0	0.0	1.1773540377018737e-05	0.0	0.0	3.805515528580624e-05	2.547877426735509e-05	2.3211944092783075e-05	2.081583660991078e-05	6.052391967777425e-05	0.00017591893219857986	0.0	0.00458854675343758	0.0023175951560210823	0.00023505670878770947	0.0	0.0	0.0	3.7473890386339276e-05	0.0	2.096537737186236e-05	0.0002620417918763975	6.73947216677057e-05	7.18766068175756e-05	0.0	4.551809123904698e-05	1.0690313332054095e-05	6.727106942361922e-05	0.0	0.0	0.0	0.0	0.001062652395149469	0.0037501069051155502	1.3992734723761991e-05	0.0004713214538316425	0.000373078098604043	0.00039402274514424644	0.00035159858889388467	0.0	0.0	7.955205284856663e-06	0.0	0.0	0.0	0.0020462601570834867	0.013434813368353712	0.036368283695593015	0.0	6.604722220090741e-05	0.0003350008020884982	0.001334009691415557	0.0016652539505595046	3.624577064913398e-05	0.0	0.0	0.0	0.0	1.1344179758158994e-05	0.0	0.0	0.0	0.0038669292037632327	0.00033290223075194586
0.31091304380117657	0.8545998596778652	0.0	0.14303341210522827	0.4237798837770824	0.050028405323882266	0.0018878925156273053	0.005086589735072074	0.0	0.014179710741660422	0.00024200711103745484	1.2070212470869984e-05	0.004082505170148677	0.03709885885884883	0.02264108273029641	0.03909800821383898	0.14677528261245137	0.002018176972116713	0.00019127418951607467	0.00039022292428155366	0.0002423191992597878	0.0001241450028335871	0.00045972849858419033	0.00017634198183697232	0.0013347063527719173	6.39369590683004e-05	0.005114826648379212	0.0003500658470455316	0.0006541660273459838	0.029631032129894323	0.0024728472561266145	0.013664338916882894	0.00044746971791025173	0.021335813885769012	0.0015745676069489427	0.0012978303747571641	0.4677107951332568	0.11522323339529246	0.0007644425408751302	0.0	0.00019775514866196916	0.00019196644337843806	0.023695749994654316	0.00040401279766650813	0.022734161436397407	1.1140882261090474e-05	0.0	0.0003627170911859766	1.2091984572987453e-05	2.3894835703314407e-05	0.0	0.0	0.0	1.8183472757151435e-05	0.0005617341365990436	0.0	0.023386790964506434	0.03161447979578395	0.0007198784388565466	0.003544093535956428	0.0010471277592150093	0.0019253172413363372	0.0024900249727280695	0.0	1.4296333929011994e-05	1.6930422213797746e-05	2.3648405368117503e-05	0.0	2.5195369648662782e-05	1.291024409758598e-05	0.0	0.00562329874423277	0.0	0.001351275910496482	0.0008491808661996125	0.009393221578914365	0.003966451375927728	6.376649556505396e-05	0.0001280338201823571	0.03681624498773629	0.01947088673514628	0.001125514325570753	0.0029291872090499403	1.6427857710787093e-05	0.0	0.011298183765100707	0.0	0.04587024338623119	0.0017599211588171665	0.00028680823614623353	0.0	2.2885010879730627e-05	0.0	0.0	0.0	0.00035635737301766235	0.0	4.9267982540574917e-05	0.0	8.421058117555759e-06	0.0	0.0	0.0	1.3628963124945669e-05	0.0	0.0	0.0	4.214524635731783e-05	9.28436498548775e-06	0.0	0.0	0.0	3.808120357532875e-05	9.442941110133016e-06	0.0013566827661099857	0.0007890765886164334	9.718312795547581e-05	0.0	0.0	0.0	0.0	0.0	0.0	0.0	0.0	3.213361272434412e-05	0.0	1.2782813345624917e-05	0.0	0.0	0.0	0.0	0.0	0.0	0.0003760081528654134	0.001982188365427987	1.3055127607547421e-05	0.00023425115661923943	6.863522141278903e-05	0.00020267088456520842	6.0034096505326694e-05	3.1232553374757863e-05	0.0	1.4962148795874663e-05	5.0133185549153566e-05	0.0	0.0	0.0	0.0016446376825230945	0.004993236530245068	0.0	2.6805462098436245e-05	8.533794100885162e-05	0.0004449549303874588	0.0007100037524896563	0.0	0.0	0.0	0.0	0.0	0.0	0.0	0.0	0.0	0.0007607418473071156	0.00013193345517420606
0.166239564000707	0.1571961250285824	0.14303341210522827	0.0	0.16359545872488768	0.0004282373873790336	0.050289116253663536	0.031249531763361583	0.0	0.004922518463526128	0.0	0.0	0.0	0.0	0.0	0.0	0.14454538936694497	0.0	0.0	8.15580971127022e-05	0.0	0.0	0.0	0.0	0.0	8.456210636865766e-06	0.0001480716147321643	5.451918015775062e-05	0.00013434279156666478	0.019347698876564286	0.0002780731899927856	0.013484525093257881	0.02953824731824784	0.0031987390125883656	4.321456867694978e-05	0.00022455698008722638	0.022856203697303134	0.007193502361446022	7.705211858054311e-05	0.00011786517875801868	0.022986161902822863	9.873506627664222e-05	0.08516448240499627	0.00013935025384757705	0.037877236458715983	0.0	0.0	1.6749110765951046e-05	0.0	0.0	0.0	0.0	0.0	0.0	0.0	0.0	3.069556772097246e-05	0.0003620393104320267	0.0001195938034130186	0.00019266131235390623	0.0	2.1664559263852224e-05	0.0	0.0	0.0	0.0	0.0	0.0	0.0	0.0	0.0	0.00036682630802675124	0.0	6.833639837004429e-05	0.00013370494638123876	0.0009305223983400858	0.0003152870354786164	0.0	0.0	0.0007060115601238696	0.0006012601460898903	3.009458020409669e-05	0.00013405618416900114	0.0	0.0	0.0006764302390233224	0.0	0.0003614653729913305	0.0	0.0	0.0	0.0	0.0	0.0	0.0	0.0	0.0	0.0	0.0	0.0	0.0	0.0	0.0	0.0	0.0	0.0	0.0	0.0	0.0	0.0	0.0	0.0	0.0	0.0	2.585805106276182e-05	2.238327461830015e-05	0.0	0.0	0.0	0.0	0.0	0.0	7.882441231877302e-06	1.4787106549124788e-05	0.0	0.0	0.0	0.0	0.0	0.0	0.0	0.0	0.0	0.0	1.6147306026229812e-05	0.00011979629011483743	0.0	4.5349155667052886e-05	0.0	4.5556578762148066e-05	0.0	0.0	0.0	0.0	0.0	0.0	0.0	0.0	0.0	8.517449093042784e-05	0.0	0.0	0.0	2.672311450069717e-05	5.64989126009521e-05	0.0	0.0	0.0	0.0	0.0	0.0	0.0	0.0	0.0	1.410809353331086e-05	0.0
0.055967160968412255	0.16082798246921123	0.4237798837770824	0.16359545872488768	0.0	0.10110120602698758	0.0015179561512843462	0.005757183025117166	0.0	0.007624424665616137	8.854635239005756e-06	0.0	0.0	0.0	0.0011917394810590047	0.012052724908358878	0.3647554558202945	0.0	0.0	5.8330934310438457e-05	0.0	0.0	1.2129947787948382e-05	0.0	2.6204342356740517e-05	1.2980116650857577e-05	0.0003725423856141506	0.0	0.0001982267955128179	0.00861763163268703	0.00025772548066612245	0.001843703405034447	0.001315474599806059	0.0021797475986862175	7.808496062329854e-05	0.00019608612342631612	0.12595837008734448	0.051749034404625464	0.00044811529916586977	3.693633680858779e-05	0.004409979658356721	1.1361353374872978e-05	0.04009377178912296	0.0001474596167443472	0.030735141449849814	0.0	0.0	5.00374364149799e-05	3.788900194439769e-05	0.0	0.0	0.0	0.0	0.0	0.0	0.0	0.016323789777866055	0.017917469079021718	0.0003312303231988648	0.002236908959471393	0.0010974744364275562	0.0006241973453714565	0.0019006793388742407	0.0	3.813905009758383e-05	0.0	0.0	0.0	0.0	0.0	0.0	0.0003186182111775156	0.0	0.00034601771348041494	0.0006904677713324255	0.004579599230262591	0.003951443144486544	1.6450064134708862e-05	1.2659763459051423e-05	0.0017326298604918933	0.001101824409873234	8.123040085225144e-05	0.00028076004424476726	1.9640716988019884e-05	0.0	0.0004866473122459499	0.0	0.0035802777614612597	7.268183209690591e-05	0.0	0.0	0.0	0.0	0.0	0.0	1.6394175274370717e-05	0.0	0.0	0.0	0.0	0.0	0.0	0.0	0.0	0.0	0.0	0.0	2.1093836539089423e-05	0.0	0.0	0.0	0.0	0.0	1.1219397175508017e-05	0.0006000146801091222	9.204323884451113e-05	4.717704351446133e-05	0.0	0.0	0.0	0.0	0.0	0.0	2.3566616052951417e-05	1.1354928534144384e-05	3.093038981885459e-05	0.0	0.0	0.0	0.0	0.0	0.0	0.0	0.0	6.87969769015936e-05	0.000532853352694889	1.5750936418165946e-05	1.6214860054013495e-05	0.0	1.0093113505331935e-05	0.0	0.0	0.0	0.0	0.0	0.0	0.0	0.0	0.0002388734204529159	0.0004366872714255568	0.0	1.3453868998318406e-05	1.2719967990594893e-05	7.859966226290342e-05	8.673392382784503e-05	0.0	0.0	0.0	0.0	0.0	0.0	0.0	0.0	1.527208974222686e-05	0.0003402893343936264	2.121826560399275e-05
7.274273172698184e-05	0.01883981337592324	0.050028405323882266	0.0004282373873790336	0.10110120602698758	0.0	6.820251890342894e-05	0.0	0.0	0.00012995855077338722	6.132623325638268e-05	0.00018933977162053023	0.003613385442295899	0.015014697431377837	0.1638412994122233	0.05163259343409435	0.18236560987085731	0.0	3.416060176724474e-05	6.242767151560632e-05	0.0001373338602365996	0.0	0.00037059439125975286	0.0	0.000690277546646196	0.0	0.0001481572303030563	0.0001381242230788809	0.00011655532020818287	5.9446988003401856e-05	0.0	1.8773483777518735e-05	1.3894974670452193e-05	0.0	1.2034231709979805e-05	0.0	0.018235412433082965	0.044918134006949294	0.00036847260253034436	0.0	6.535858707476122e-05	0.003116999898778983	0.0004922134243909841	0.0004725061147598092	0.0002089356570487773	1.1243687976799035e-05	0.0	0.0	0.0	0.0	0.0	0.0	0.0	0.0	2.945628692344766e-05	0.0	0.0103657592860976	0.0026797370123103352	2.272891947982588e-05	0.0016813553764096815	0.0002654062441549741	0.0006840085062392742	0.0010741925600966863	2.6736954950075758e-05	2.1578183400245683e-05	0.0	0.0	0.0	0.0	0.0	0.0	0.0	0.0	0.00025926428006403695	0.00010556112485668062	0.0012637864108909554	0.0013368551061823102	1.6894813335213447e-05	0.0	5.244354431808573e-05	0.00012255127045059393	0.0	0.0	0.0	0.0	0.0	0.0	0.00020736540283536876	0.00011403885508298677	0.0	0.0	0.0	0.0	0.0	0.0	0.0	0.0	0.0	0.0	0.0	9.161223276122515e-06	0.0	0.0	0.0	0.0	0.0	0.0	0.0	0.0	0.0	0.0	0.0	0.0	0.0	2.807829586224127e-05	0.0	0.0	0.0	0.0	0.0	0.0	0.0	0.0	0.0	0.0	0.0	0.0	0.0	0.0	0.0	0.0	0.0	0.0	0.0	0.0	0.0	0.0	0.0	0.0	0.0	0.0	0.0	0.0	0.0	0.0	0.0	0.0	0.0	2.6249853405171406e-05	0.00012894081541630663	0.0	0.0	0.0	0.0	0.0	0.0	0.0	0.0	0.0	0.0	0.0	0.0	0.0	0.0	0.0	0.0
0.02276219533777634	0.011409641197779265	0.0018878925156273053	0.050289116253663536	0.0015179561512843462	6.820251890342894e-05	0.0	0.005660652180562867	0.0	0.0	0.0	0.0	0.0	0.0	0.0	0.0	0.20598990887753457	0.0	0.00012975688772200926	7.839256238403464e-05	0.0	0.0	0.0	0.0001464593525098252	0.0	0.0003591474663889272	0.003196926773181113	0.00012128199114705197	0.00038222020253849803	0.12095980547717691	0.007372006512003226	0.02957764221581102	0.12201649952948565	0.0016527422485972316	0.0007741138360857041	0.0	0.0007543788786119768	0.0011608728915522123	3.424381525390859e-05	0.00712658066029813	0.051867423785927395	0.00055402503292379	0.025800644968526763	0.0	0.00470648602767905	0.0	0.0	0.0	0.0	0.0	0.0	0.0	0.0	0.0	0.0	0.0	0.0	3.396927979865736e-05	0.0	0.0	0.0	0.0	0.0	0.0	0.0	0.0	0.00010964093820312776	0.0	0.0	0.0	0.0	0.0	0.0	0.0	0.0	2.6651499150840936e-05	0.0	0.0	0.0	0.0	0.0	2.129513413575671e-05	0.0	0.0	0.0	0.00010208068294597691	0.0	0.0	0.0	0.0	0.0	0.0	0.0	0.0	0.0	0.0	0.0	0.00024683526452560573	0.0	0.0	0.0	0.0	0.0	0.0	0.0	0.0	0.0	0.0004465007790210855	0.0003380405570389974	0.0	0.0	0.0	0.0007970854404490584	6.134285685457495e-05	0.0	0.0	1.9603078825741028e-05	8.605182281154945e-05	3.2781791646737194e-05	0.0	0.0	0.0	0.0	0.0	0.0	0.0	0.0	0.0	0.0	0.0	0.0	0.0	0.0	0.0	0.0	0.0	2.098675096306425e-05	0.0	0.0	0.0	0.0	0.0	0.0	1.6461657680376773e-05	0.00013556139754443167	0.0	4.354313174455327e-05	0.0	0.0	0.0	0.0	0.0	0.0	0.0	0.0	0.0	0.0	0.0	0.0	0.0	0.0	0.0	0.0	0.0	0.0	0.0
0.040274974416861134	0.15627836280697419	0.005086589735072074	0.031249531763361583	0.005757183025117166	0.0	0.005660652180562867	0.0	0.0	0.03313443569596186	0.0	0.0	0.0	0.0	0.0	0.0	0.04622247212464235	0.2046151482403876	0.0011722441415875633	0.0031868697460328784	0.0004831918121601303	3.800209273099382e-05	0.0009652529864133056	0.0004338437656546422	0.00016763953185631628	0.0	1.6609883539952423e-05	0.0	0.0	0.004157148475726676	0.001917368076154712	3.283965377886687e-05	1.7859802926112635e-05	4.846631723087514e-05	0.03581895571708487	0.12372819307911051	0.0793458146448746	0.03550321501273976	0.00084543912784375	0.0	0.0	0.00035822372818715626	0.0001930273372840286	0.0	0.00020958619398045897	0.0	2.1912179622428418e-05	0.0019654611906678447	3.955247281938682e-05	0.0	0.0	1.096563019926188e-05	6.627707484930792e-05	0.0	0.0	0.0	0.0031825647400446936	0.05594449630927678	0.001604191311154525	0.019041779012782846	0.0006341011257898681	0.003973313908357062	0.0017934310400071465	0.0	0.00014753764040682948	0.0	2.704124098980695e-05	0.0	2.7950347229735445e-05	0.0	0.0	0.0580730786672925	0.0	0.002901219994891612	0.0032228643372720278	0.051433070296346486	0.023992640929764785	0.000371082414705484	0.006898312285614754	0.04285012018071467	0.01199802846430193	0.001848458972605834	0.00034657386392815024	0.0	1.67479482894092e-05	0.5324616515558875	0.0	0.03413852163730894	0.0	0.0	0.0	0.0	0.0	0.0	5.56557828732473e-05	0.05327480107969478	0.0	8.275613570337703e-06	0.0	0.0	0.0	0.0	0.0	0.0	5.650384073017755e-05	0.0	2.0429213991175803e-05	4.5441486238695006e-05	2.564363474385791e-05	1.2708770201158742e-05	1.0203697529717162e-05	7.474026310010781e-05	8.115363699846999e-05	0.002123024459419323	0.00042377395310090783	0.001273771167992825	0.00017570195677847378	0.0	9.730104953913743e-06	0.0	5.4405295104007154e-05	7.708537128629331e-06	3.738111171947394e-05	0.00013163152438907944	6.452684796435509e-05	5.2074174283665296e-05	1.3390867544542735e-05	2.2245725912932254e-05	0.0	8.323117173346497e-06	0.0	0.0	0.0	0.0	0.00012100374788747564	0.0015698091465005059	5.1808051632580856e-05	0.0005465606360699344	3.121920555465615e-05	0.0002052480326186913	2.9851533538770357e-05	0.0	1.3841134376594784e-05	0.0	0.0	0.0	0.0	0.0	0.0	0.025081654753570742	0.0	9.39248852634924e-05	0.00013157908806570568	0.001220254294208482	0.0009411614846549332	8.605712649599257e-05	0.0	0.0	0.0	0.0	0.0	0.0	0.0	0.0	0.002032449585463968	0.0003176400101233603
0.0	0.00025906275658330307	0.0	0.0	0.0	0.0	0.0	0.0	0.0	0.0009033088298443635	0.007066260123512607	0.024935260221524223	0.004387179952686849	0.0006783008308964216	0.00037154992953071227	0.0	0.00014464435199121835	0.0006202112022911813	0.00013115594476806558	0.0	0.0	0.00013025168768976178	0.0	0.0	0.0	0.0	0.0	0.0	0.0	0.0	0.0	0.0	0.0	0.0	0.00011748474315898188	0.0	0.0033641650201553176	0.0003456060168119769	0.0	0.0	0.0	0.0	0.0	0.0	0.0	0.0	0.0	0.0	0.0	0.0	0.0	0.0	0.0	0.0	0.0	0.0	0.0	0.0	0.0	0.0	0.0	0.0	0.0	0.0	0.0	0.0	0.0	0.0	0.0	0.007626590363086253	0.003958248219722242	0.004514897120135901	0.0034331602397093095	0.0	0.0	0.0	0.0	0.0	0.0	2.887487602574201e-05	0.0	0.0	0.0	0.0	0.0	0.0	0.0014450134570640873	0.00021240155973865799	0.0013397148792789854	0.0024708546400275112	0.0	3.750856726358881e-05	0.0	0.0	0.0	0.0	1.5443137238428037e-05	3.771602800602859e-05	0.0	0.0	0.0	0.0	0.0	0.0	0.0	0.0	0.0	0.0	0.0	0.0	0.0	0.0	0.0	0.0	0.0005458570613755943	1.0357954310245531e-05	0.0	0.0	0.0	0.0	0.0	0.0	0.0	0.0	0.0	0.0	0.0	0.0	0.0	0.0	0.0	0.0	0.0	0.0	0.0	0.0	0.0	0.0	0.0	0.0	0.0	0.0	0.0	0.0	0.0	0.0	0.0	0.0003374363704160625	0.0	0.0	0.0	0.0	0.0	0.0	0.0	0.0	0.0	0.0	0.0	0.0	0.0	0.0	0.0	0.0	0.0	0.0
8.794192886432133e-05	0.42013654779194676	0.014179710741660422	0.004922518463526128	0.007624424665616137	0.00012995855077338722	0.0	0.03313443569596186	0.0009033088298443635	0.0	0.032199386295343295	0.0051171818736005905	0.0009390203277440898	0.0008485770312579694	3.843574239244919e-05	0.00011535497502898219	0.01849456546983498	0.08732522945224197	0.018725213255403914	2.0844157513525537e-05	0.0009565972117940788	0.0	0.003272041598894496	0.003509875412719605	0.0004761242348460169	0.0	0.0	0.0	0.0	0.0001440061266594352	4.550971608222479e-05	0.0	0.0	0.0	0.06580914416508524	0.000174416881200092	0.023512983594473603	0.01733432422267508	0.0003300305464027435	0.0	0.0	0.0	1.2675005124229838e-05	0.0	8.100465727377502e-05	0.0	0.0	0.00011322379190976396	1.2028325668023721e-05	0.0	0.0	0.0	1.2357214706537418e-05	0.0	7.32929265484536e-05	0.0	0.006596228769802502	0.015906348851884394	4.314271091492381e-05	0.0019464959928384186	0.0010590913709341942	0.0009148971159028644	0.001408352171754839	0.0	0.00013985691732000487	0.0	0.0	0.0	0.0	0.019914311430447536	0.06430057377318585	0.14401047467246425	8.459537743896806e-05	0.00040567202632852463	0.0006697303761786978	0.006749999580960955	0.005602871300585021	3.178107472585266e-05	2.767050166244572e-05	0.07852650724684218	0.016232435773750515	0.0006687641754451778	0.0036281847695403655	1.773384042058932e-05	0.0	0.021670537949573385	0.0003548474004669428	0.3684416053293426	0.036457465140780375	0.00320246125972026	7.046037707303325e-05	0.0	0.0	0.0	5.975231990472954e-05	0.011197746193162153	1.18601384517811e-05	0.0	0.0	0.0	0.0	0.0	0.0	1.7289996592809785e-05	2.185122948981711e-05	0.0	0.0	1.1165217137321677e-05	2.4577836582967772e-05	0.0	1.907576899862095e-05	0.0	9.024018538932003e-05	0.0	0.0021832677493631544	0.001406388201612044	0.0003210704058579552	0.0	0.0	0.0	1.874864387593394e-05	0.0	0.0	2.068639861172535e-05	1.0704177655358363e-05	0.0	0.0	0.0	0.0	0.0	0.0	0.0	0.0	0.0	0.0009667294170164801	0.00244454869758832	2.315409848875594e-05	0.00017493032394922398	0.0002076863161462042	0.00021988806660250382	0.0001086014977745676	0.0	4.196505422930074e-05	0.0	7.896408396708407e-06	0.0	0.0	0.002452421874818763	0.015349807028782735	0.03501619379395442	0.0	9.007497598620907e-05	7.056756457235712e-05	0.0007865672094560654	0.00088844569172822	1.996517098569907e-05	0.0	0.0	0.0	0.0	0.0	0.0	0.0	0.0	0.0008869028856427922	4.530892075622746e-05
0.0	0.03390331442637466	0.00024200711103745484	0.0	8.854635239005756e-06	6.132623325638268e-05	0.0	0.0	0.007066260123512607	0.032199386295343295	0.0	0.04540012221789402	0.008964674785456752	0.003745398221343328	0.00017483954977389957	0.0	0.0007620529996400845	0.002261668843920998	0.00034443846155165776	0.0	0.0	0.0	0.0	2.5010790227662738e-05	0.0	0.0	0.0	0.0	0.0	0.0	0.0	0.0	0.0	0.0	0.0005754380812973857	0.0	0.016611094098580893	0.0013008574480619147	0.0	0.0	0.0	0.0	0.0	0.0	0.0	0.0	0.0	0.0	0.0	0.0	0.0	0.0	0.0	0.0	7.233620651816636e-05	0.0	0.00011800711291991365	2.0334462052518932e-05	0.0	2.308266862093868e-05	0.0	2.2538161303178937e-05	4.54641453489793e-05	0.0	0.0	0.0	0.0	0.0	0.0	0.020840740798468538	0.019188782419005852	0.0027126149139548037	0.0012877149529046115	0.0	0.0	0.0	0.0	0.0	0.0	0.007043484339057295	0.00018625101084615125	0.0	1.096241548332773e-05	0.0	0.0	0.0	0.003066587178941801	0.023853448251173325	0.06784650469881214	0.013215911435835453	0.0002276483302643286	9.528328225919838e-05	0.0	0.0	0.0	2.5110797184683217e-05	5.576951733761258e-05	0.0	0.0	0.0	0.0	0.0	0.0	0.0	0.0	0.0	0.0	0.0	8.02035998309539e-06	0.0	0.0	0.0	3.078251839525453e-05	0.0	0.0007390814090501504	8.19865303213665e-05	0.0	0.0	0.0	0.0	0.0	0.0	0.0	0.0	0.0	0.0	0.0	0.0	0.0	0.0	0.0	0.0	0.0	0.0	0.0	0.0	0.0	0.0	0.0	0.0	0.0	0.0	0.0	0.0	0.0	0.0	0.0	0.0026295159192934073	0.000911421448777323	0.0006308003287433428	0.0	0.0	0.0	0.0	9.738465419089272e-06	0.0	0.0	0.0	0.0	0.0	0.0	0.0	0.0	0.0	0.0	0.0
0.0	0.008441859711991613	1.2070212470869984e-05	0.0	0.0	0.00018933977162053023	0.0	0.0	0.024935260221524223	0.0051171818736005905	0.04540012221789402	0.0	0.025308822040758017	0.002098500603619082	0.015440393727677177	0.0	0.02969150754326424	0.003223610434182934	0.000328265747240764	0.0	0.0	0.0	1.2660430092518502e-05	7.063143834265315e-05	0.0	0.0	2.419197884808661e-05	0.0	0.0	0.0	0.0	0.0	0.0	0.0	0.0004330441562572479	0.0	0.03559786856786662	0.002350211572065461	0.0	0.0	0.0	0.0	1.992797724573166e-05	0.00019110981753682309	0.0	0.0	0.0	0.0	0.0	0.0	0.0	0.0	0.0	0.0	0.0	0.0	0.0	0.0	0.0	0.0	0.0	0.0	0.0	0.0	0.0	0.0	0.0	0.0	0.0	0.017751291547816874	0.012458298981806235	0.004853313057929241	0.0029358967839912234	0.0	0.0	0.0	0.0	0.0	0.0	0.001110621964392068	4.379444154289614e-05	0.0	0.0	0.0	0.0	0.0	0.015784953139128168	0.0028276007870719202	0.03297649738895505	0.02792919712051677	0.0005264613018851943	6.119154758565697e-05	3.189907986825534e-05	0.0	0.0	2.758515054119342e-05	0.0	0.0	0.0	2.1166326960149642e-05	0.0	0.0	1.0602504114670385e-05	0.0	0.0	0.0	0.0	0.0	0.0	0.0	0.0	0.0	3.3793136137522045e-05	1.1051576332203827e-05	0.0020837054175825253	0.00021969227470042117	0.0	0.0	0.0	0.0	0.0	0.0	0.0	0.0	0.0	0.0	0.0	0.0	0.0	0.0	0.0	0.0	0.0	0.0	0.0	0.0	0.0	0.0	0.0	0.0	0.0	0.0	0.0	0.0	0.0	0.0	0.0	0.005955197757729216	0.00021379303864972325	0.0001914446842390703	5.7044762367925006e-05	0.0	0.0	0.0	0.0	0.0	0.0	0.0	0.0	0.0	0.0	0.0	0.0	0.0	0.0	0.0
0.0	0.01654381277530614	0.004082505170148677	0.0	0.0	0.003613385442295899	0.0	0.0	0.004387179952686849	0.0009390203277440898	0.008964674785456752	0.025308822040758017	0.0	0.02624788983170309	0.02828312177171353	0.00018617374013056015	0.0522576271051246	5.2554497470093404e-05	0.0	0.00017029630679822358	0.0001091339496780177	5.5295936698772005e-05	0.00035878943463281377	0.0	0.0005054275009237119	1.1686229757393423e-05	6.634913003033589e-05	0.00019935882086215373	0.0002069383001389542	0.0	0.0	0.0	0.0	0.0	1.265191903796458e-05	0.0	0.13532884232630835	0.06104418097070904	0.0	0.0	0.00010518964106159722	0.000496359184866363	0.00011871348545471407	0.0006852584825555656	0.00034091834944029696	2.6971202237282554e-05	0.0	0.0	0.0	1.2821192517831912e-05	0.0	0.0	0.0	0.0	2.508501518125651e-05	0.0	0.00020552920594354892	4.3595647035527796e-05	0.0	5.0322884090785495e-05	0.0	0.0	0.0	0.0	0.0	0.0	0.0	0.0	0.0	0.0005942724206300399	0.0	0.00010872288842329693	0.0010435529069464352	0.0	0.0	0.0	2.262104790070464e-05	0.0	0.0	0.0017762153721276848	0.00021860060087685652	0.0	0.0	0.0	0.0	0.0	0.003172427500178633	0.002268742795114187	0.02440599876524451	0.013477300352053662	0.00042653881816018084	0.00013427480229884884	0.0	0.0	0.0	2.5640802010736992e-05	0.0	0.0	0.0	0.0	0.0	0.0	0.0	0.0	0.0	0.0	0.0	0.0	0.0	0.0	0.0	0.0	8.398072118133317e-06	0.0	0.0009859542180787866	0.00017832734669021073	0.0	0.0	0.0	0.0	0.0	0.0	0.0	0.0	0.0	0.0	0.0	0.0	0.0	0.0	0.0	0.0	0.0	0.0	0.0	9.800691888503973e-06	0.0	0.0	0.0	9.60611480195422e-06	9.794280821194103e-06	0.0	0.0	0.0	0.0	0.0	0.0	0.001473233128805649	5.2888330247707164e-05	0.0002934840616204721	3.9530945884122915e-05	0.0	0.0	1.87166243502735e-05	0.0	0.0	0.0	0.0	0.0	0.0	0.0	0.0	0.0	0.0	0.0	0.0
0.0	0.03846166352760624	0.03709885885884883	0.0	0.0	0.015014697431377837	0.0	0.0	0.0006783008308964216	0.0008485770312579694	0.003745398221343328	0.002098500603619082	0.02624788983170309	0.0	0.024133731523019022	0.004851905366786089	0.040768096306569086	7.261834306410675e-05	0.0	0.00015896415858044835	0.0003965236637525944	8.421454057433184e-05	0.0005156836439590829	2.0315029595131624e-05	0.0013437931178645563	3.501872248390693e-05	0.0002691897967736768	0.00018084394863136614	0.00026334159583055357	0.0	0.0	0.0	0.0	1.1342717939316833e-05	0.0	0.0	0.04527517294198338	0.0689911737407812	0.0002532399868805421	0.0	3.811003225898093e-05	0.0002893015738649086	0.0003620910479839556	0.0010730461378518563	0.0004888677250811374	9.870324876112329e-05	0.0	0.0	0.0	0.0	0.0	0.0	0.0	0.0	0.00015537769256519058	0.0	0.0008405144750292181	7.072642810234025e-05	0.0	0.0003200803458902653	2.304964914507762e-05	0.0005232766781163796	0.00021555710690228302	6.761407621634223e-05	0.0	0.0	1.989393670042813e-05	0.0	0.0	0.001061254923423909	0.0006827776327365499	4.130759936849973e-05	9.82315229426732e-05	2.063916129481217e-05	6.449083598371551e-05	2.362359668628172e-05	6.604425357005476e-05	0.0	0.0	0.0007269537843788304	6.537064708021057e-05	0.0	0.0	0.0	0.0	0.0	0.00023787281831052104	0.001094344417377339	0.008168481570545616	0.002077624952724484	3.564213312649264e-05	5.52710013014839e-05	0.0	0.0	0.0	1.3716038678224376e-05	0.0	0.0001113534240842755	0.0	7.829453925842691e-05	0.0	0.0	0.0	0.0	0.0	0.0	0.0	0.0	9.320722219823517e-06	0.0	0.0	0.0	0.0	0.0	0.000267334217927004	2.266298428785834e-05	0.0	0.0	0.0	0.0	0.0	0.0	0.0	0.0	0.0	0.0	0.0	0.0	0.0	0.0	0.0	0.0	0.0	0.0	2.1907916290214157e-05	0.0	0.0	0.0	0.0	0.0	0.0	1.670136199608869e-05	0.0	1.6654393719954954e-05	0.0	0.0	0.0	0.0003443440429297344	0.0	5.182352836410588e-05	0.0	0.0	0.0	0.0	0.0	0.0	0.0	0.0	0.0	0.0	0.0	0.0	0.0	0.0	0.0	1.8310136788802605e-05
0.0	0.009158896853874504	0.02264108273029641	0.0	0.0011917394810590047	0.1638412994122233	0.0	0.0	0.00037154992953071227	3.843574239244919e-05	0.00017483954977389957	0.015440393727677177	0.02828312177171353	0.024133731523019022	0.0	0.008900249536656616	0.07667631656617205	2.5047070330853814e-05	0.0	2.4446211365886253e-05	0.0	0.0	0.0001064116968216449	0.0	0.000427830231347639	0.0	0.00011474384843945734	0.00014816817374335988	7.494160385348735e-05	2.1800701244052837e-05	0.0	0.0	0.0	0.0	0.0	0.0	0.001922009503404994	0.00803507036343826	4.841105092906409e-05	0.0	0.00011685753839864696	0.0006344295924435401	0.00027868895087860326	0.0010363781880443936	0.00014687851620767716	0.0	0.0	0.0	0.0	0.0	0.0	0.0	0.0	0.0	0.0	0.0	2.7587909816081217e-05	0.0	0.0	0.0	0.0	2.9199443883682733e-05	0.0	0.0	0.0	0.0	0.0	0.0	0.0	0.00023828140402278028	0.0	5.246357637830238e-05	0.001147199028918627	0.0	0.0	0.0	0.0	0.0	0.0	0.0	0.0	0.0	0.0	0.0	0.0	0.0	0.00021104925426694684	2.2002639763805643e-05	0.00014303294463906916	0.00015786707639445848	0.0	0.0	0.0	0.0	0.0	0.0	0.0	0.0	0.0	0.0	0.0	0.0	0.0	0.0	0.0	0.0	0.0	0.0	8.941038649449936e-06	0.0	0.0	0.0	0.0	0.0	4.129725277634168e-05	0.0	0.0	0.0	0.0	0.0	0.0	0.0	0.0	0.0	0.0	0.0	0.0	0.0	0.0	0.0	0.0	0.0	0.0	0.0	0.0	0.0	0.0	0.0	0.0	0.0	0.0	0.0	0.0	0.0	0.0	0.0	0.0	0.0	0.0	0.0	0.0	0.0	0.0	0.0	0.0	0.0	0.0	0.0	0.0	0.0	0.0	0.0	0.0	0.0	0.0	0.0
0.0	0.01177954643603233	0.03909800821383898	0.0	0.012052724908358878	0.05163259343409435	0.0	0.0	0.0	0.00011535497502898219	0.0	0.0	0.00018617374013056015	0.004851905366786089	0.008900249536656616	0.0	0.06220859669224939	0.0	0.0	0.0	5.183749552893679e-05	0.0	9.315365094515818e-05	0.0	0.0006082725516796659	0.0	0.00011383009321158998	8.962982001073764e-05	8.542230687154998e-05	1.0674892612431904e-05	0.0	0.0	0.0	0.0	0.0	1.0416744770798396e-05	0.00852927022884559	0.03366219304992194	0.0001424915372587539	0.0	0.0	0.00034743472096400267	4.7424661118353705e-05	0.00017692332111290057	5.92595005545919e-05	0.0	0.0	1.711537535355936e-05	0.0	0.0	0.0	0.0	0.0	0.0	0.00018208109363075816	0.0	0.002442232943312147	0.000293735171245128	0.0	0.0005936652332382751	0.00025218600080356316	0.0004315220777896829	0.0002911043546064091	0.0	0.0	0.0	0.0	0.0	0.0	0.0	0.0	0.0	0.0	7.896187838363016e-05	1.886512659645192e-05	0.0003493455734583102	0.00023659120353315336	1.7050344616089128e-05	0.0	0.00010496874664474571	2.1376399142782645e-05	0.0	0.0	0.0	0.0	0.0	0.0	2.4098098307722157e-05	0.0	0.0	0.0	0.0	0.0	0.0	0.0	0.0	0.0	0.0	0.0	0.0	0.0	0.0	0.0	0.0	0.0	0.0	0.0	0.0	0.0	0.0	0.0	0.0	1.773071660921897e-05	0.0	0.0	0.0	0.0	0.0	0.0	0.0	0.0	0.0	0.0	0.0	0.0	0.0	0.0	0.0	0.0	0.0	0.0	0.0	0.0	0.0	0.0	0.0	0.0	0.0	0.0	0.0	0.0	0.0	0.0	0.0	0.0	0.0	0.0	0.0	0.0	0.0	0.0	0.0	0.0	0.0	0.0	0.0	0.0	0.0	0.0	0.0	0.0	0.0	0.0	0.0	0.0	0.0
0.1071624609317026	0.30425670627467427	0.14677528261245137	0.14454538936694497	0.3647554558202945	0.18236560987085731	0.20598990887753457	0.04622247212464235	0.00014464435199121835	0.01849456546983498	0.0007620529996400845	0.02969150754326424	0.0522576271051246	0.040768096306569086	0.07667631656617205	0.06220859669224939	0.0	4.308136227139691e-05	0.0020129048545129155	0.005574317955837508	0.010182838822882448	6.407561882944682e-05	0.03128148612697788	0.00701101010922838	0.06156260854229427	0.03123598690164956	0.06102087984556637	0.01695842377243486	0.01100311826662815	0.1966188720936829	0.059539223081177275	0.02350712748666989	0.04093043653943877	0.008322581511318273	0.00804732547854635	0.0035569887826374523	0.031013993808568334	0.0090249456690677	0.0006550047899817208	0.004795913568507485	0.041930026860782746	0.01195004060074544	0.04832765846876073	0.03124258753894918	0.037787424976494184	0.00024442681514131323	0.0	0.0	0.0	0.00031569516299514625	0.0	0.0	0.0	0.0	0.0	0.0	0.0011027998874633908	0.0030913016101913396	8.934173242967343e-05	0.0003181070079862714	0.00026812205564251716	0.00017069497748544525	0.00010088899941070835	0.002454103348470257	0.00019027478106997052	0.0009705973777363639	0.0010813074206391074	0.0	0.0	0.0	0.00013562632544037527	0.00046097594426434274	0.003515733574599166	7.171304196066234e-05	0.0	0.0026944820080089895	0.00035518219003804395	1.2069865380717722e-05	0.00010747943152521012	0.001426509003965463	0.0011181938196224825	2.3066691455199574e-05	2.062011173846604e-05	0.0	0.0	0.0016159540008322587	4.0398487619203786e-05	0.0020943398512365155	0.0001963187353496044	0.00023664387492287447	0.0	1.2784986791102285e-05	0.0	0.0	0.0	0.0002144402552692603	0.0002126299652598636	0.0017530653698536608	1.1053044578641575e-05	0.00020953941669573045	0.0002159936829561071	0.000247563138285288	9.442891525825578e-06	0.00022688931618221366	2.1439047078810857e-05	0.0	7.537083775689437e-06	0.0008226275715243925	0.0006267644333198927	0.0	2.0677414669794787e-05	0.0	0.002470926810905257	4.304514552593219e-05	0.00019885925896442818	0.0006515935291986681	0.00014267930843999015	0.0	6.436454658905425e-05	1.06442834848505e-05	2.275138300756405e-05	8.727444144530806e-06	2.2882039494194155e-05	1.5547242246637723e-05	0.0	3.053114156627393e-05	0.0	8.582848039907232e-06	0.0	0.0	0.0	0.0	0.0	0.0	3.7126751567994034e-05	0.00019526852135290544	0.0001490387281842332	0.0	0.0	3.433732574842285e-05	0.0	0.0002819083865041704	5.0190743747843036e-05	0.00023849534653607905	0.00039607768596313937	0.0	8.906617223206795e-05	4.240834528387473e-05	0.00020326088089392885	0.000535210455692344	0.0	0.0	1.7184602392606127e-05	0.0002864500492096034	4.737878369698418e-05	9.712448349316162e-06	0.0	0.0	0.0	0.0	0.0	0.0	0.0	0.0	9.56324861721267e-05	0.0
0.0006863013507289365	0.056597624346994294	0.002018176972116713	0.0	0.0	0.0	0.0	0.2046151482403876	0.0006202112022911813	0.08732522945224197	0.002261668843920998	0.003223610434182934	5.2554497470093404e-05	7.261834306410675e-05	2.5047070330853814e-05	0.0	4.308136227139691e-05	0.0	0.056220208074173224	0.0001516740716865801	0.0023465065710902896	4.37007565850778e-05	0.005999839365529735	0.004607422110011251	0.000958914036723996	0.00010834046118791016	0.0	0.0	3.934872355418352e-05	0.004252110782235541	0.002455645344219553	0.0	0.0	0.0	0.2998890919619067	0.07590798298950946	0.0011808277104363855	4.0497046530800435e-05	0.0	0.0	2.5147199412186913e-05	0.0	0.0	0.0	0.0	0.0	2.707887915208581e-05	2.4275782755300397e-05	0.0	0.0	0.0	0.0	0.0	0.0	0.0	0.0	0.0	0.0009062573074306403	0.0012587700895471078	9.65988990162957e-05	0.0	5.782800710740114e-05	0.0	0.0	0.00013802580281969943	0.0	0.0002446658528235573	0.0	0.00014899435757487396	0.008024977260033426	0.02708281523338002	0.06221352943097906	0.0006469396875069597	0.0	0.0	8.318626671545883e-05	0.00016547571675341747	0.0	8.349827321550817e-05	0.00024301755199196914	1.2138788486324079e-05	0.0	0.0	0.0	0.0	0.007086659138824084	0.000138413416206356	0.002830202008306685	0.0009273710465598097	0.0002347034876276478	1.2246346031498147e-05	0.0	0.0	0.0	0.0	0.013396508110280175	0.0	2.221721493613902e-05	0.0	0.0	0.0	0.0	0.0	0.0	0.0	0.0	0.0	0.0005313995683468082	0.00011629265652165802	0.0	0.0	0.0	0.0005966943128710229	0.0020507754533334232	6.52341892296069e-05	1.3801741480768646e-05	0.0	0.0	0.0	0.0	0.0	0.0	0.0	0.0	0.0	1.3563960852540823e-05	0.0	0.0	0.0	0.0	0.0	0.0	0.0	0.0	0.0	0.0	0.0	0.0	0.0	0.0	0.0	0.0	0.0	0.0	0.0	0.0	0.0	0.00011809233181634599	5.892564298482432e-05	0.0033702220536733964	0.0	0.0	0.0	0.0	0.0	0.0	0.0	0.0	0.0	0.0	0.0	0.0	0.0	0.0	0.0	0.0
0.0	0.0046329611158978596	0.00019127418951607467	0.0	0.0	3.416060176724474e-05	0.00012975688772200926	0.0011722441415875633	0.00013115594476806558	0.018725213255403914	0.00034443846155165776	0.000328265747240764	0.0	0.0	0.0	0.0	0.0020129048545129155	0.056220208074173224	0.0	0.014484849603014952	0.003453206335957699	7.889404521456009e-05	0.025788800867843745	0.02725938234633741	0.002360586632961792	0.03533599022515038	0.010172956630002342	0.00017160937822753767	0.00015048454598691428	0.00015336740700631072	0.009927787963836024	9.901294224505197e-05	0.0	0.00017673480157591286	0.17987739802087183	0.0	0.0002657944231700274	0.003412374231733254	0.00028994102227627517	0.0006323742384220856	0.0010000383706556429	0.0	0.001308024380391227	0.0	9.181519051396553e-05	7.96076010463477e-05	2.5866223291214755e-05	0.0002531173263226044	0.00011220972028206846	6.940552969826982e-05	1.2604776298526965e-05	0.0	0.0	1.5833207802987886e-05	0.0	0.0	1.3971832183481255e-05	0.0	0.0023270740540181963	0.0	1.4090484676564835e-05	0.0	0.0	0.0022024488593047646	0.002026233736163761	0.0012858689015907954	0.015303111258820593	0.0	0.0028748715513550872	0.001349887692212746	0.005221760819639787	0.003475915800942672	7.605608645848636e-05	0.0	0.0	9.362495713345082e-05	0.0	0.0	0.0	4.789278748337298e-05	0.0	0.0	1.6842591877171985e-05	0.0	0.0	0.0	4.0988614336288507e-05	0.00019520360172101294	0.00030821360905268003	8.795845145744265e-05	0.0	0.0	0.0	0.0	0.0	0.00070257548239493	0.0321824135318039	0.011146587218478865	0.00032726554544574	4.1989480928323486e-05	0.0364700777775688	0.014488702351452965	0.00030812261266619824	0.004841661553715181	0.00048302783410065424	1.6804751704751803e-05	8.010184915912282e-05	0.0	0.0018207749500373236	0.0	0.0	3.0315638065517367e-05	0.03659704361053498	0.0	0.0	0.00029936767953254567	0.00022529448789420305	0.0	0.0	0.0	4.557250542535198e-05	1.2505731644362504e-05	2.6143803590235567e-05	1.1220506394830468e-05	0.0	5.921655411673042e-05	0.0	0.0	0.0	0.0	0.0	0.0	0.0	0.0	0.0	0.0	0.00024252347191490388	0.0	0.0	0.0	0.0	0.0005842518250926061	0.00017068422136363675	0.00024888856538944084	0.0007051151134922206	0.0	0.00024641395033797353	1.3144454655676119e-05	4.795471828339855e-05	0.0	0.0	0.0	0.0	4.1562536167110845e-05	0.0	0.0	0.0	0.0	1.3621232564120363e-05	0.0	0.0	0.0	0.0	0.0	0.0	0.0
0.05447810020912012	0.005389987851163119	0.00039022292428155366	8.15580971127022e-05	5.8330934310438457e-05	6.242767151560632e-05	7.839256238403464e-05	0.0031868697460328784	0.0	2.0844157513525537e-05	0.0	0.0	0.00017029630679822358	0.00015896415858044835	2.4446211365886253e-05	0.0	0.005574317955837508	0.0001516740716865801	0.014484849603014952	0.0	0.0171549693064068	0.024118826098211754	0.008263321148547675	0.005146140572816336	0.014400660880254946	0.019215117618941117	0.021476495507655218	0.0019492964419841221	0.01980583120854326	0.03403147362506958	0.030550172082246103	0.004009326569403365	0.00036114745034881816	0.0012701138616120725	0.01686784187403594	0.013534037927699874	0.0005531287120893647	0.049782850624599535	0.03328519282525158	0.0002867146016909498	0.005690735954142611	0.0056736208404840035	0.027140360515357446	0.07205087118020063	0.15709190643741583	0.0002943705996546797	0.0009156873869223544	0.0005891924817014859	0.00025496705789390895	0.00035418588703875167	0.00036398776068658444	0.0005251947093165344	0.0003693308958738536	0.0	0.0	0.0	0.00029721740370026865	0.0	0.0009755104379234561	0.0	0.00019482241501154085	0.0	0.0	0.053305834852794796	0.005002810361989942	0.01106329131718668	0.06820663616027328	0.0	0.0022205010934187824	0.0	0.0	0.0	0.0003416543807367866	0.0005620783526979319	0.000842336055569071	0.0018824411479973443	8.191728675421759e-05	0.0	0.0	0.0	0.0	0.0	0.0	0.0	0.0	0.00010798807377879691	0.0	0.0	0.0	0.0	0.0	0.0	0.0	0.0	1.2308305296589292e-05	7.21229884866928e-05	0.02339093607854921	0.02657978186850375	0.0006500235449442678	0.0003875848215043206	0.012717660519652904	0.005197308178842032	0.0003003505663037563	0.001270982074571761	9.786605170398409e-05	7.921193204618375e-05	3.515084813520273e-05	0.0001419136450104226	0.0028154031915969486	1.577669454766677e-05	0.0	0.0	0.026993167450994875	8.88851610447497e-05	0.0	0.0004080335808949169	0.0005323545327253213	0.0	0.0	2.617678082761252e-05	0.0	0.0	3.4567133403655625e-05	0.00021344647556028226	5.511578129987157e-05	0.00015109858244070494	6.424549099391537e-05	0.00016834240961566822	2.3334103298278182e-05	6.42810649798389e-05	5.526856983396219e-05	0.0	0.0	0.0	0.0	0.0	0.0006952561903439648	0.0	0.0	0.0	0.0	0.0005617303525818016	0.00023063347544597689	0.0006429457110243326	0.001815144690490073	0.0	0.0005200246848835933	0.0	0.0	0.0	0.00034175496525916567	2.4450718028498195e-05	1.096672013579816e-05	0.0001831869513209417	1.412361525800361e-05	0.00012468000006482044	0.0	0.0	0.0	0.0	0.0	0.0	0.0	0.0	0.0	0.0
0.00022402898250739538	0.0006177555293633944	0.0002423191992597878	0.0	0.0	0.0001373338602365996	0.0	0.0004831918121601303	0.0	0.0009565972117940788	0.0	0.0	0.0001091339496780177	0.0003965236637525944	0.0	5.183749552893679e-05	0.010182838822882448	0.0023465065710902896	0.003453206335957699	0.0171549693064068	0.0	0.009043159095337688	0.014166797737369721	0.01191884886673359	0.03787988319742675	0.006395999794846846	0.004855065859525278	0.0011114139148504154	0.032007795255674806	0.0026382524006370836	0.006720778437515145	0.0004282801363978933	2.2230472310791e-05	0.000293667558450759	0.05944310345122179	0.00024505192817845536	9.883908129851605e-05	0.004813349143708791	0.0007211253409457747	7.353998495154505e-05	0.0019229101904131597	4.585647475421267e-05	0.0020146137060479694	0.0020594131811011995	0.019146734161390393	0.007919436772349159	0.006552291496989035	0.0012021773083427546	0.006320195994262982	0.00309482856034599	0.002887742360318374	0.0015372728311501597	0.0002603287706683759	0.0007063956557793795	0.0	0.0	0.0	0.0007286265963864087	0.0014671266973803792	0.0	0.0	0.0	0.0	0.0027455924727114688	0.0005697886904715043	0.00028067112580806115	0.0017670796507954743	0.0	0.0003877268722811613	0.0	3.945946092263077e-05	0.0004412715738807278	2.3609825103996937e-05	0.00041098114851732847	0.00024743197493684864	0.0007135269259728893	0.0	0.0004519432370855785	1.4626751817005973e-05	1.5790052927389508e-05	0.0	0.0	0.0	0.0	0.0	1.0999768076724604e-05	0.0	9.619031697694821e-05	0.0	0.0	0.0	0.0	0.0	0.0	0.0	4.842682057529442e-05	0.00011961819705583646	0.0001810316509455086	0.00027339115227646	0.0	8.389428471468487e-05	4.92740125432997e-05	0.0	4.724185020432006e-05	0.0	0.0	0.0	0.0	3.0108222316245332e-05	1.3260469079956969e-05	0.0	0.0	0.0007067433565532106	0.0	0.0	3.4583843315271785e-05	0.00027501646802685344	0.0	1.9431579561405263e-05	0.0	0.0	0.0	0.0	0.0068310605880454785	0.0007302347128097058	0.006008643461504253	0.0002693220858695427	0.0022670222384687726	0.00019594222517490883	0.0004730176457584203	2.9210829909841678e-05	0.0	0.0	0.0	0.0	0.0	7.89412191737469e-05	0.0	0.0	0.0	0.0	4.405241492122557e-05	3.095684029220425e-05	1.1502516225318344e-05	9.856278192743815e-05	0.0	3.6540079224329577e-05	0.0	0.0	0.0	2.259891126210462e-05	0.000132150693207496	0.0002091294417046356	0.0003132776984491736	0.0	7.445649394493276e-05	0.0	0.0	2.7303075516523505e-05	0.0	6.99642530206258e-05	2.5466535207462157e-05	0.0	7.528128849760985e-05	0.0	0.0
7.306715634136769e-05	8.66404583264985e-05	0.0001241450028335871	0.0	0.0	0.0	0.0	3.800209273099382e-05	0.00013025168768976178	0.0	0.0	0.0	5.5295936698772005e-05	8.421454057433184e-05	0.0	0.0	6.407561882944682e-05	4.37007565850778e-05	7.889404521456009e-05	0.024118826098211754	0.009043159095337688	0.0	0.003050588028071591	1.6000732976903134e-05	0.012036686820033886	0.00037977522145656674	0.0014871769036169287	0.000982755145075485	0.00454595183066875	8.437015633217593e-05	0.00034939603375520726	1.8483534948468846e-05	0.0	5.092170091686772e-05	0.0005894282137632348	1.723536937762837e-05	8.70432757309891e-05	0.0024621865648271207	0.004231269083736367	0.0	0.0004574669555659581	0.003543501345062989	0.006643140154370978	0.018734442618078127	0.01888754039480271	0.0	0.0	0.0	0.0	1.7866173591394082e-05	0.0	0.0	0.0	0.0	0.0	0.0	0.0013553129105481159	8.196413106958263e-05	1.1795830359680774e-05	0.0	0.0	0.00011392945924552495	0.0	0.0026164940241905953	5.0885987360301095e-05	0.0009447322416270026	0.0020008496743512683	0.0	4.2594201959905904e-05	0.0	0.0	0.0	0.0005147858080485943	0.00011524584180470423	0.00011189412993846271	0.0003096109536036724	6.680203584941881e-05	3.761096069496288e-05	0.0	0.0	0.0	0.0	0.0	0.0	0.0	0.0	0.0	0.0	0.0	0.0	0.0	0.0	0.0	0.0	0.0	0.0	0.00013349112415579655	0.0013051241207892774	9.438989057182495e-06	0.0002735595920053801	6.431589703760614e-05	0.0	0.0	1.071224704228466e-05	1.1876394758806794e-05	0.0	0.0	0.0	0.0005861410322002482	0.0	0.0	0.0	0.0010203628745264113	0.0	0.0	0.00011457207095206292	0.00012042345263668803	0.0	0.0	0.0	1.748760291325472e-05	0.0	0.0	0.0	0.0	9.222035674546412e-06	0.0	0.0	0.0	0.0	0.0	0.0	0.0	0.0	0.0	0.0	4.4592580857398424e-05	0.0	0.0	0.0	0.0	0.00014851209325463126	0.0	0.00016934746699991186	0.00033598046955263575	0.0	6.138659664135581e-05	0.0	0.0	0.0	0.00039962690773589414	0.0	0.0	9.407132057863087e-06	0.0	0.0	0.0	0.0	0.0	0.0	0.0	0.0	0.0	0.0	0.00040493719974706293	0.0
0.0	0.001714286864917115	0.00045972849858419033	0.0	1.2129947787948382e-05	0.00037059439125975286	0.0	0.0009652529864133056	0.0	0.003272041598894496	0.0	1.2660430092518502e-05	0.00035878943463281377	0.0005156836439590829	0.0001064116968216449	9.315365094515818e-05	0.03128148612697788	0.005999839365529735	0.025788800867843745	0.008263321148547675	0.014166797737369721	0.003050588028071591	0.0	0.2915869488110476	0.20181226779795244	0.1805435542913012	0.07017629207224718	0.010183297141655097	0.0068383488279238885	0.0	0.0008862651414624374	1.154094314537709e-05	0.0	0.0	0.07833751214951637	0.0	0.0	0.029735538102524665	0.0003759587393483397	0.0001340529676166113	0.013648780544795703	0.0020686670214360692	0.007927264675433976	0.0021643337115980696	0.007219335972954573	0.0003445987997556744	4.2080975912562104e-05	8.661757241391908e-05	0.0001140973214090853	0.00017118088257937492	1.0274293646586607e-05	0.0	0.0	0.0	0.0	0.0	0.0	2.7346570136450812e-05	0.0033622770701017077	0.0	0.0	0.0	0.0	0.019801850873254517	0.0027868585342037304	0.004957353397183263	0.007419330135912843	0.0	0.0005029047927669138	0.0	9.586167402351602e-05	0.0009640851272195465	1.4732339763300074e-05	0.0	0.0	4.5516691859703035e-05	0.0	0.0	0.0	1.0482904928605386e-05	0.0	0.0	0.0	0.0	0.0	4.3412467912099824e-05	1.5254438646996728e-05	3.461661349225366e-05	0.0	1.3886855699218657e-05	1.3996679430889379e-05	1.1218105228830025e-05	0.0	0.0	0.0	7.921402927874398e-05	0.0021371048261424786	0.0005427950706178792	1.1522388513877393e-05	0.00046879528211914644	0.01815431519088842	0.008659113446519826	0.004160878989664499	0.0024332332427540555	0.00012936944420751723	5.002208272599563e-05	0.0	0.0	0.0002897748312875222	0.0	0.0	0.0	0.006198111321327939	0.0	0.0	0.0025963969984308236	0.0004850614499944257	0.0	0.0	0.0	0.0	3.1147758240508594e-05	5.683781216020647e-05	0.0	0.0	4.7135440444040975e-05	0.0	8.892459250614859e-05	0.0	0.0	0.0	0.0	0.0	0.0	0.0	0.0	6.367958345634423e-05	0.0	0.0	0.0	0.0	0.00042514637051866436	3.203599224167762e-05	8.491204119100754e-05	7.64788183900199e-05	0.0	2.3083199356674227e-05	0.0	0.0	0.0	1.5172998258438783e-05	0.0	0.0	0.0	0.0	0.0	0.0	0.0	0.0	0.0	0.0	0.0	0.0	0.0	0.0	0.0
3.024257558846544e-05	0.0007951776529995345	0.00017634198183697232	0.0	0.0	0.0	0.0001464593525098252	0.0004338437656546422	0.0	0.003509875412719605	2.5010790227662738e-05	7.063143834265315e-05	0.0	2.0315029595131624e-05	0.0	0.0	0.00701101010922838	0.004607422110011251	0.02725938234633741	0.005146140572816336	0.01191884886673359	1.6000732976903134e-05	0.2915869488110476	0.0	0.009537815318182858	0.18875607352635482	0.045267214221722044	0.0017502249401462663	0.0014179299518797595	0.0	0.01336872199178612	1.0074415630277374e-05	0.0	2.3824611468751044e-05	0.1416736172030159	0.0	0.0	0.009311185746181515	0.0007338872967442875	0.00013842147181986357	0.009341570844515958	0.0004688356758834014	0.006506917057916318	0.00024406435018082138	0.0011480673291099672	0.00011989070873676057	0.0001344588160914526	0.00043792091430367873	0.00016630522732467154	7.46505788613197e-05	2.075823709096515e-05	1.1396561906085811e-05	0.0	0.0	0.0	0.0	0.0	0.0	0.0026717409128270003	0.0	0.0	0.0	0.0	0.003071212022995919	0.0025215583077257283	0.0014180866584923687	0.006150087192359909	0.0	0.0009657382459930111	5.834434778383608e-05	0.0007612569961237159	0.0007835790460592579	0.0	0.0	0.0	3.85988031422366e-05	0.0	0.0	0.0	1.1677452416744081e-05	0.0	0.0	0.0	0.0	0.0	2.5706671090294552e-05	1.2685979784282422e-05	0.00010348528333396244	3.231595626036839e-05	9.394152906269759e-06	0.0	0.0	0.0	0.0	0.0	0.00012044124146610558	0.003940315680290001	0.0006621442158755792	9.827034010959548e-06	2.5470705798656738e-05	0.019221214753308746	0.01955453135185414	0.0001559427819616885	0.005751802331653432	0.00014460489757412174	2.453429972455636e-05	4.664678158459095e-05	0.0	0.0006532703309065408	0.0	0.0	5.448647655229281e-05	0.014734656268686773	1.8648141994066826e-05	0.0	8.346762368589834e-05	0.00023709740054580008	0.0	8.370194902247816e-05	0.0	6.225915741022555e-05	7.766291828092863e-06	0.0	0.0	0.0	6.27634812379234e-05	0.0	0.0	0.0	7.903970003597092e-06	0.0	0.0	0.0	0.0	0.0	0.0	7.87680101690314e-05	0.0	0.0	0.0	0.0	0.00012444774441396344	4.909484148472528e-05	6.335015541804392e-05	9.550961304442703e-05	0.0	4.100995578951324e-05	0.0	0.0	0.0	0.0	0.0	0.0	1.2037460199332479e-05	0.0	0.0	0.0	0.0	0.0	0.0	0.0	0.0	0.0	0.0	0.0	0.0
0.0	0.0005371672535568868	0.0013347063527719173	0.0	2.6204342356740517e-05	0.000690277546646196	0.0	0.00016763953185631628	0.0	0.0004761242348460169	0.0	0.0	0.0005054275009237119	0.0013437931178645563	0.000427830231347639	0.0006082725516796659	0.06156260854229427	0.000958914036723996	0.002360586632961792	0.014400660880254946	0.03787988319742675	0.012036686820033886	0.20181226779795244	0.009537815318182858	0.0	0.027317852986729695	0.10889530922392407	0.11395397705938541	0.10080157268850906	0.0	0.0008904069838592984	7.867907153131113e-05	0.0	0.0001915863438508184	0.04332767382279404	0.0	2.5891447930296407e-05	0.03622032604855499	0.0006086160882898975	0.0001355085314903933	0.023571554944726382	0.002795291420933304	0.019542611911029736	0.0045384750900770215	0.03663973085698875	0.0022285681498825614	0.0	0.00023290753207424816	9.323687636878506e-05	0.0007145873653556619	1.301596794161181e-05	0.0	0.0	0.0	0.0	0.0	0.0	0.0	0.001402249652898719	0.0	0.0	0.0	0.0	0.016185886147107045	0.002131278561664268	0.003402886044942565	0.004305234462562173	0.0	0.00013934779116030633	0.0	7.453344879012082e-05	0.00015535059290470432	6.367782413165706e-05	0.0	0.0	1.960149029144635e-05	0.0	0.0	0.0	0.0	0.0	0.0	0.0	0.0	0.0	1.2353185522441817e-05	0.0	9.762036329694208e-06	0.0	0.0	0.0	0.0	0.0	0.0	0.0	2.037110485573668e-05	0.0005295285045045596	0.0002986429658542358	1.845718364373406e-05	7.469646362851235e-05	0.0009726430912829286	0.0004974469892774888	0.00014377314744498052	0.00010756489007912857	0.0	3.629743106991884e-05	1.762482472948466e-05	0.0	9.199665806055667e-06	0.0	0.0	0.0	0.0007288389163909811	0.0	0.0	2.245998429663464e-05	1.1815067234521955e-05	0.0	0.0	0.0	0.0	0.0	0.0	0.0	0.0	0.0	0.0	0.0	0.0	0.0	0.0	0.0	0.0	0.0	0.0	0.0	1.1709047721107186e-05	0.0	0.0	0.0	0.0	1.1465507049162163e-05	0.0	0.0	6.823250822716689e-05	0.0	0.0	0.0	0.0	0.0	3.319364165923785e-05	0.0	0.0	0.0	0.0	0.0	0.0	0.0	0.0	0.0	0.0	0.0	0.0	0.0	0.0	0.0
4.477800229339736e-05	6.0167381878480323e-05	6.39369590683004e-05	8.456210636865766e-06	1.2980116650857577e-05	0.0	0.0003591474663889272	0.0	0.0	0.0	0.0	0.0	1.1686229757393423e-05	3.501872248390693e-05	0.0	0.0	0.03123598690164956	0.00010834046118791016	0.03533599022515038	0.019215117618941117	0.006395999794846846	0.00037977522145656674	0.1805435542913012	0.18875607352635482	0.027317852986729695	0.0	0.3090755026094539	0.021205197117087248	0.013238471020314136	0.00023471175443357667	0.03317052347631578	0.0006865528423364064	0.0	0.0010459247355649787	0.05624453559769431	0.0	0.0	0.03979833840676803	0.003008067818753616	0.0012116024918432202	0.04379387098453423	0.00309691319573746	0.03256815519257574	0.0007566582435158309	0.008989955767003396	0.00060883219231171	0.00018690321436150024	0.0009660780288875208	0.0004545329161954319	8.842793404509382e-05	3.4714345539612135e-05	0.0	6.962570055152366e-05	0.0	0.0	0.0	0.0	0.0	0.01040483784312495	0.0	0.0	0.0	0.0	0.012760756199852194	0.007006247469465589	0.005142503316860344	0.01973174263475091	0.0	0.0037749415434180267	0.0	0.0	0.0	0.0	0.0	0.0	3.9688750697318974e-05	0.0	3.380427424214381e-05	0.0	0.0	0.0	0.0	0.0	0.0	0.0	0.0	0.0	0.0	0.0	0.0	0.0	0.0	0.0	0.0	2.673394040782744e-05	2.116448683140581e-05	0.006037475373645803	0.0010488274156157144	3.615981900682458e-05	4.463460172152033e-05	0.027358419448995343	0.030911512146510223	0.0003586798762690109	0.01304735686323218	0.000681849731289407	4.619988740367459e-05	5.768260388043925e-05	0.0	0.0020227721840377576	0.0	0.0	6.499649307834749e-05	0.028398198162820243	0.0	0.0	0.0006937356581722106	0.00034382022236869556	0.0	0.00026737642794607826	0.0	0.00021191179625102482	1.0494024668668717e-05	5.802102504294954e-05	3.351274881576188e-05	0.0	7.146272522581063e-05	0.0	0.0	1.525171288742789e-05	8.205887933532734e-06	0.0	0.0	0.0	0.0	0.0	0.0	0.00020877531241716524	0.0	0.0	0.0	0.0	0.00034404391738069163	0.00018388229961138208	5.470432520714699e-05	0.0003824043145814897	0.0	7.108911619221568e-05	0.0	0.0	0.0	0.0	0.0	0.0	4.505011729986178e-05	0.0	7.222943313963207e-06	0.0	0.0	0.0	0.0	0.0	0.0	0.0	0.0	0.0	0.0
0.007275706269371322	0.0003554955858169311	0.005114826648379212	0.0001480716147321643	0.0003725423856141506	0.0001481572303030563	0.003196926773181113	1.6609883539952423e-05	0.0	0.0	0.0	2.419197884808661e-05	6.634913003033589e-05	0.0002691897967736768	0.00011474384843945734	0.00011383009321158998	0.06102087984556637	0.0	0.010172956630002342	0.021476495507655218	0.004855065859525278	0.0014871769036169287	0.07017629207224718	0.045267214221722044	0.10889530922392407	0.3090755026094539	0.0	0.43144365632974807	0.1557797235386906	0.01250913090023392	0.1367751011373294	0.05676652763225856	4.595353970899001e-05	0.07163064941107568	0.041438752308826064	0.0001622221377410198	0.00034300237053729103	0.050606670521500446	0.0035607149267286153	0.0024290987250612794	0.1067876834383928	0.012275994106850046	0.260228299851995	0.005891828350744683	0.12880968743387414	0.002412529709091202	0.00014266405300139283	0.000968452373450554	0.000452689205444575	0.00012002392065168108	4.007595271786899e-05	4.903979280293034e-05	1.7027374226541287e-05	1.2673416589935161e-05	0.0	0.0	0.0	3.3125015141248375e-05	0.010642893120668217	0.0	0.0	0.0	0.0	0.016522127283200485	0.00890339133243898	0.006676447626908526	0.023432189240775815	0.0	0.0028060042042207024	0.0	0.0	0.0	0.0	0.0	0.0	0.00031526911442437966	0.0	1.5658678386529004e-05	2.362012578475911e-05	0.0	2.3536466039328124e-05	0.0	0.0	0.0	0.0	1.1485925683331363e-05	0.0	0.0	0.0	0.0	0.0	0.0	0.0	0.0	0.0	2.2037717906654394e-05	0.0028335959329466717	0.0013301132380834386	3.15964971413085e-05	0.00013392023501666302	0.02167170914468925	0.0112367937719343	0.00036669348176755653	0.006263629426629181	0.000521995921882116	5.0485278207105826e-05	0.0001535279628303431	2.9434189768647925e-05	0.0014845324558847943	0.0	0.0	1.692959764512914e-05	0.015417080067805239	3.217511478969353e-05	0.0	0.00045409333845455066	0.00040083669229807174	0.0	8.362917578721979e-05	0.0	0.00015568938227660873	0.0	0.0	9.442581164789975e-06	0.0	6.84712502400228e-05	0.0	1.002744551768795e-05	7.665536056207041e-06	0.0	0.0	0.0	0.0	0.0	0.0	0.0	0.00012689944416955696	0.0	0.0	0.0	0.0	0.00035400961115279777	0.00013937584853250892	0.00033672521207736355	0.00043506837041538656	0.0	3.1951238886798593e-05	0.0	0.0	0.0	0.0	0.0	0.0	1.3407564600968118e-05	0.0	0.0	0.0	0.0	0.0	0.0	0.0	0.0	0.0	0.0	0.0	0.0
0.000299932723935876	7.996899902600122e-05	0.0003500658470455316	5.451918015775062e-05	0.0	0.0001381242230788809	0.00012128199114705197	0.0	0.0	0.0	0.0	0.0	0.00019935882086215373	0.00018084394863136614	0.00014816817374335988	8.962982001073764e-05	0.01695842377243486	0.0	0.00017160937822753767	0.0019492964419841221	0.0011114139148504154	0.000982755145075485	0.010183297141655097	0.0017502249401462663	0.11395397705938541	0.021205197117087248	0.43144365632974807	0.0	0.21166588241903145	0.00042862887568749546	0.0015348124082293654	0.0005668353407679058	0.0	0.001658750090809383	0.0008955612083444875	0.0	0.0	0.00834030949160831	0.00025459484778054246	8.42659925573796e-05	0.015074379029368465	0.002587975510582618	0.030428335096700287	0.0019837203235688232	0.04464732887005323	0.0015134417829037173	0.0	6.828503270042063e-05	3.274332983401767e-05	0.0005008700722449606	0.0	0.0	0.0	0.0	0.0	0.0	0.0	0.0	0.0015089609133139225	0.0	0.0	0.0	0.0	0.0028272534673626838	0.0006808641945124309	0.0007187423191289352	0.0019593030327093803	0.0	8.679306046032221e-05	0.0	0.0	0.0	0.0	0.0	0.0	0.0	0.0	0.0	1.063619297868215e-05	0.0	0.0	0.0	0.0	0.0	0.0	1.03155340169801e-05	0.0	0.0	0.0	0.0	0.0	0.0	0.0	0.0	0.0	0.0	7.691682687939284e-05	1.2185358251542238e-05	0.0	0.0	0.0012637403691067894	0.0005722102852066428	5.503303886412868e-05	0.00033071404679838317	4.117577168216282e-05	0.0	0.0	0.0	8.442051654223152e-05	0.0	0.0	0.0	0.0004716432045663373	0.0	0.0	0.0	1.1162896775377684e-05	0.0	0.0	0.0	4.395397262457429e-05	0.0	0.0	0.0	0.0	0.0	0.0	0.0	0.0	0.0	0.0	0.0	0.0	0.0	0.0	0.0	2.382065574288856e-05	0.0	0.0	0.0	0.0	3.548665602106391e-05	0.0	1.2253055522880784e-05	0.0	0.0	0.0	0.0	0.0	0.0	0.0	0.0	0.0	0.0	0.0	0.0	0.0	0.0	0.0	0.0	0.0	0.0	0.0	0.0	0.0	0.0
0.001330796068172699	0.0001537810521543871	0.0006541660273459838	0.00013434279156666478	0.0001982267955128179	0.00011655532020818287	0.00038222020253849803	0.0	0.0	0.0	0.0	0.0	0.0002069383001389542	0.00026334159583055357	7.494160385348735e-05	8.542230687154998e-05	0.01100311826662815	3.934872355418352e-05	0.00015048454598691428	0.01980583120854326	0.032007795255674806	0.00454595183066875	0.0068383488279238885	0.0014179299518797595	0.10080157268850906	0.013238471020314136	0.1557797235386906	0.21166588241903145	0.0	0.0011297357553722367	0.0017132289919813677	0.002088542036213819	2.408898397742751e-05	0.004263429528916874	0.0015575684117598023	0.0	3.262266183065845e-05	0.0029788764185464845	0.00019006377688600255	0.00012793132758236793	0.007631402681733991	0.004292323374613138	0.03018271143207347	0.023577599466470818	0.17943871374054482	0.002673207504618063	9.839334592122956e-06	6.727617293437649e-05	0.0001670314317460028	0.0010580837094555805	0.0	0.0	0.0	0.0	0.0	0.0	0.0	0.0	0.00018314082505980705	0.0	0.0	0.0	0.0	0.0011464844584449933	0.00041960824320582703	0.00020674913784242665	0.0007756003212845592	0.0	3.3407838521669757e-05	0.0	0.0	0.0	8.207863776362526e-05	0.0	0.0	1.3501566347417441e-05	0.0	0.0	0.0	0.0	0.0	0.0	0.0	0.0	0.0	0.0	0.0	0.0	0.0	0.0	0.0	0.0	0.0	0.0	0.0	0.0	0.0	0.0	0.0	0.0	0.00011306374111108535	0.0001184327767531832	0.0	4.6688279058800845e-05	0.0	1.0925750642639988e-05	0.0	0.0	0.0	0.0	0.0	0.0	6.896180891303105e-05	0.0	0.0	0.0	0.0	0.0	8.693905869897236e-06	0.0	1.6517636527050576e-05	0.0	0.0	0.0	0.0	0.0	0.0	0.0	0.0	0.0	0.0	0.0	0.0	0.0	0.0	0.0	0.0	0.0	0.0	0.0	0.0	1.6676978453777992e-05	0.0	9.664313005501066e-06	9.870955606867818e-06	0.0	0.0	0.0	0.0	0.0	0.0	0.0	0.0	0.0	0.0	0.0	0.0	0.0	0.0	0.0	0.0	0.0	0.0	0.0	0.0	0.0
0.5285058040063231	0.00863078137082614	0.029631032129894323	0.019347698876564286	0.00861763163268703	5.9446988003401856e-05	0.12095980547717691	0.004157148475726676	0.0	0.0001440061266594352	0.0	0.0	0.0	0.0	2.1800701244052837e-05	1.0674892612431904e-05	0.1966188720936829	0.004252110782235541	0.00015336740700631072	0.03403147362506958	0.0026382524006370836	8.437015633217593e-05	0.0	0.0	0.0	0.00023471175443357667	0.01250913090023392	0.00042862887568749546	0.0011297357553722367	0.0	0.10433559339645121	0.41173873413155676	0.22118227118629963	0.06665748407500251	0.038169509099492044	0.03677730845853009	0.025593617515802886	0.18499979564849206	0.038809616186045066	0.0010354705436233078	0.006637894734243862	2.6726180463709007e-05	0.03131890349584495	5.3332016140284974e-05	0.017243228941211858	0.00040823200994757414	0.00034801783609272045	0.004674504201702151	0.003398589131297014	0.0003939564380699711	0.00022556153887371146	0.00010130939353396781	0.00013224772969720793	7.789550816674811e-05	0.0	0.0	9.06823653881155e-05	0.004184172413629625	0.05157442203729325	0.006212145137568665	2.219582022569508e-05	0.00010086122301624806	0.0	0.006881912681776945	0.021543789856911324	8.911419004270956e-05	0.0036036114368653326	5.8659442284367064e-05	0.007091062100448108	0.0	0.0	1.1280176517726824e-05	1.7380265742780587e-05	0.00034078466647445674	0.003728949121347915	0.00998498174816713	0.0016604209130170688	4.6713834259932415e-05	0.0020930748095548115	0.00023467075372066913	8.885234266080222e-05	0.0	3.5374830552536066e-05	0.0	6.313989683514382e-05	0.0008026807678516969	0.0	0.0	0.0	0.0	0.0	0.0	0.0	0.0	0.00011358338465333443	0.003509909934416342	0.0	0.00022056271344457744	1.5399433262535884e-05	0.0	0.0	0.0	0.0	0.0	0.0	1.124371093249697e-05	1.0187559674092711e-05	0.02785673545560033	0.0045900239066861215	0.0	8.429446680505617e-05	1.3563958097857e-05	0.007388577872209199	0.0194291257956369	0.001187853353199801	0.00028469925210511334	7.33592152581688e-05	6.899753716124452e-05	3.726301291782384e-05	0.0	7.764094325044307e-05	0.0	1.0703881067741483e-05	0.0	2.0945437134437443e-05	0.0	1.3579084066317994e-05	1.0972486607110945e-05	2.0787138314622694e-05	1.0414316976188255e-05	0.0	0.0	0.0	0.0	0.0	0.0	0.00037053585239364993	0.0	0.0	0.0	0.0	3.1489353716924616e-05	4.470365521549077e-05	0.0	0.00043544287058917255	0.0	0.00018371001709863388	0.0	0.0	0.0	0.0	0.0	2.8032416604415867e-05	6.848880492132187e-05	2.981552063990303e-05	0.0	0.0	0.0	0.0	0.0	0.0	0.0	0.0	0.0	0.0	0.00011561657265289646
0.01750606564758632	0.002413726394213928	0.0024728472561266145	0.0002780731899927856	0.00025772548066612245	0.0	0.007372006512003226	0.001917368076154712	0.0	4.550971608222479e-05	0.0	0.0	0.0	0.0	0.0	0.0	0.059539223081177275	0.002455645344219553	0.009927787963836024	0.030550172082246103	0.006720778437515145	0.00034939603375520726	0.0008862651414624374	0.01336872199178612	0.0008904069838592984	0.03317052347631578	0.1367751011373294	0.0015348124082293654	0.0017132289919813677	0.10433559339645121	0.0	0.22394121600781197	0.002322431805872157	0.09407442891786179	0.0857534723811722	0.006295191436048182	0.007256224745557112	0.06868981115417096	0.008833717180673226	0.009261038969940977	0.03556846394044572	0.0002750189380599479	0.012310239195686072	5.7339726557852586e-05	0.004966527963688358	0.000883248524937195	0.0006595163017553006	0.004579815595061128	0.004001839993672425	0.00043390513449918344	0.0003614763311232792	0.00018610736143450908	9.453661971989766e-05	7.491788510818783e-05	0.0	2.4834634629564774e-05	2.1608835684539137e-05	0.0005199083646894162	0.027065566634174653	0.00023260241044711268	0.0	2.0646294089264204e-05	0.0	0.0060583459338848285	0.02830738707932465	0.0015277227557979227	0.033549237788256775	0.0001237618456070071	0.016566581306220043	0.0	1.600576853879474e-05	0.0	0.0	0.0	0.0006622862859352061	0.00291691845642082	0.00017746370742377317	6.713774548489305e-05	0.0006877438160814954	4.761496109927047e-05	0.00012174070567593179	0.0	9.85273980146931e-06	0.0	0.0	8.882727687515004e-05	0.0	0.0	0.0	0.0	0.0	0.0	0.0	0.0	0.0	0.001509802700592414	0.00341898733489501	0.005511014588722917	7.46505944711943e-05	0.0001333624078847531	0.0018690528496545095	0.002687594819323668	1.7100716763107748e-05	0.0022991594809480672	0.00011262810532264747	0.0	6.832542830113121e-05	0.022606209512044728	0.024164483396475797	1.678395200599751e-05	0.00018804935930150047	0.00010554536622918537	0.05104546501947889	0.006222235383448197	0.0004174169859434286	0.00028813252281131423	0.0005474082577686055	0.0	0.00020751088870284376	0.0	7.359279407545284e-05	0.0	0.00014000481353575872	8.191603520956802e-05	3.0810263569965805e-05	9.762254408824396e-05	0.0	4.7681730960413765e-05	8.447425950392896e-06	2.8425083917522484e-05	0.0	0.0	0.0	0.0	0.0	1.5010477426665935e-05	0.0016496661933425255	6.197266938219111e-05	0.0	0.0	0.0	0.0011142266205023423	0.0004591333528333152	0.0005783855460782709	0.003709711581709747	0.0	0.0010344710433544126	0.0	0.0	0.0	0.0	0.0	1.3179224273945148e-05	6.36757930115068e-05	2.9097886957940114e-05	0.0	0.0	0.0	0.0	0.0	0.0	0.0	0.0	0.0	0.0	0.0
0.11928942035148941	0.00029043347525347534	0.013664338916882894	0.013484525093257881	0.001843703405034447	1.8773483777518735e-05	0.02957764221581102	3.283965377886687e-05	0.0	0.0	0.0	0.0	0.0	0.0	0.0	0.0	0.02350712748666989	0.0	9.901294224505197e-05	0.004009326569403365	0.0004282801363978933	1.8483534948468846e-05	1.154094314537709e-05	1.0074415630277374e-05	7.867907153131113e-05	0.0006865528423364064	0.05676652763225856	0.0005668353407679058	0.002088542036213819	0.41173873413155676	0.22394121600781197	0.0	0.20009570943275246	0.20777720164289046	0.0034616019692624857	0.0	0.0008611639911802402	0.013890373811429615	0.0020362680500262695	0.00196264598100839	0.022101492328362896	0.00012028351011114283	0.0996894342982605	9.03865435733146e-05	0.029387845658858526	0.00010572629661244699	3.919585054312469e-05	0.0002871299758621923	0.00018115618101548287	1.290794118197267e-05	0.0001232174503130532	3.7597437034215484e-05	0.0	0.0	0.0	0.0	0.0	7.213938344613386e-05	0.0019559284716596757	0.0	0.0	0.0	0.0	0.00048127817835346554	0.0030243243929836453	0.00010671113002683983	0.0025794930276086176	0.0	0.0007303281663740892	0.0	0.0	0.0	0.0	0.0	0.0	0.00011523786424056966	0.0	0.0	2.089251506849626e-05	0.00010643291523232889	2.8698803068156376e-05	1.4269380266764427e-05	0.0	0.0	0.0	2.4607722146951328e-05	0.0	0.0	0.0	0.0	0.0	0.0	0.0	0.0	0.0	0.0	6.987922878851144e-05	2.133039225127718e-05	0.0	0.0	0.0	6.095264029177641e-05	0.0	1.527299511495211e-05	0.0	0.0	1.4059929724430376e-05	0.0005236378263380399	0.0007811763475364048	0.0	0.0001054717794439935	0.0	0.0010007966625515008	1.7765146483158872e-05	0.0	2.2988000241022274e-05	1.1538915698138411e-05	0.0	0.0	0.0	0.0	0.0	0.0	0.0	0.0	0.0	0.0	0.0	0.0	0.0	0.0	0.0	0.0	0.0	0.0	1.0537885661534457e-05	0.0	0.0	0.0	0.0	0.0	0.0	0.0	0.0	9.386134664638578e-05	0.0	6.727914523814091e-05	0.0	0.0	0.0	0.0	0.0	0.0	1.6185383101452476e-05	0.0	0.0	0.0	0.0	0.0	0.0	0.0	0.0	0.0	0.0	0.0	0.0
0.04509988439069562	2.406339480186311e-05	0.00044746971791025173	0.02953824731824784	0.001315474599806059	1.3894974670452193e-05	0.12201649952948565	1.7859802926112635e-05	0.0	0.0	0.0	0.0	0.0	0.0	0.0	0.0	0.04093043653943877	0.0	0.0	0.00036114745034881816	2.2230472310791e-05	0.0	0.0	0.0	0.0	0.0	4.595353970899001e-05	0.0	2.408898397742751e-05	0.22118227118629963	0.002322431805872157	0.20009570943275246	0.0	0.02755441174697513	2.6473783483513485e-05	0.0	0.0	0.0021620936459307853	0.00010872171676447606	0.0013652579157270443	0.09815157198498914	5.2824116733082206e-05	0.1333866594722028	3.485454516897354e-05	0.008969439521533878	0.0	0.0	2.4960841383713706e-05	0.0	0.0	0.0	0.0	0.0	0.0	0.0	0.0	0.0	0.0	0.00011034978811684575	0.0	0.0	0.0	0.0	5.3143369887844925e-05	0.0001633146306238854	0.0	0.0	0.0	4.856868495186764e-05	0.0	0.0	0.0	0.0	0.0	0.0	0.0	0.0	0.0	0.0	0.0	0.0	0.0	0.0	0.0	0.0	0.0	0.0	0.0	0.0	0.0	0.0	0.0	0.0	0.0	0.0	0.0	0.0	0.0	0.0	0.0	0.0	0.0	0.0	0.0	0.0	0.0	0.0	1.5004586994584456e-05	0.0	0.0	0.0	0.0	0.0	0.0	0.0	0.0	0.0	0.0	0.0	0.0	0.0	0.0	0.0	0.0	0.0	0.0	0.0	0.0	0.0	0.0	0.0	0.0	0.0	0.0	0.0	0.0	0.0	0.0	0.0	0.0	0.0	0.0	0.0	0.0	0.0	0.0	0.0	0.0	0.0	0.0	0.0	0.0	0.0	0.0	0.0	0.0	0.0	0.0	0.0	0.0	0.0	0.0	0.0	0.0	0.0	0.0
0.05063757515869926	3.6202452328966624e-05	0.021335813885769012	0.0031987390125883656	0.0021797475986862175	0.0	0.0016527422485972316	4.846631723087514e-05	0.0	0.0	0.0	0.0	0.0	1.1342717939316833e-05	0.0	0.0	0.008322581511318273	0.0	0.00017673480157591286	0.0012701138616120725	0.000293667558450759	5.092170091686772e-05	0.0	2.3824611468751044e-05	0.0001915863438508184	0.0010459247355649787	0.07163064941107568	0.001658750090809383	0.004263429528916874	0.06665748407500251	0.09407442891786179	0.20777720164289046	0.02755441174697513	0.0	0.0030930861383983133	0.0	0.0004542609839163244	0.006007850346732899	0.0007032685296062126	0.000681964360107763	0.018328722863180748	0.00030899484654593105	0.23344990733198157	0.0003275476131245862	0.03438716235553758	7.759578847444346e-05	1.4225187793620832e-05	4.929648708977276e-05	5.056347633289218e-05	0.0	0.0	0.0	0.0	0.0	0.0	0.0	0.0	0.00013014927313914545	0.00032319442220828993	0.0	0.0	0.0	0.0	0.00042319702682834537	0.0003914934046272112	0.00011113554880081181	0.0014771952593076927	0.0	0.0003057507858841114	0.0	0.0	1.6972533982483457e-05	0.0	0.0	1.4562519019594845e-05	0.00014898148952885855	0.0	0.0	2.8005097487457807e-05	6.21046398529692e-05	2.5171820775527842e-05	0.0	0.0	0.0	0.0	5.06121773051034e-05	0.0	0.0	0.0	0.0	0.0	0.0	0.0	0.0	0.0	0.0	2.7250271901983366e-05	7.568713054485591e-05	0.0	0.0	4.352328332992009e-05	0.0	0.0	0.0	0.0	0.0	0.0	0.00010779109736270259	9.166418609671591e-05	0.0	0.0	0.0	0.00016467352346266598	0.0	0.0	0.0	0.0	0.0	0.0	0.0	0.0	0.0	0.0	9.42280437193423e-06	0.0	0.0	0.0	0.0	0.0	0.0	0.0	0.0	0.0	0.0	0.0	0.0	0.0	0.0	0.0	1.1094647649061734e-05	0.0	0.0	0.0	0.0	0.0	0.0	0.0	0.0	0.0	0.0	0.0	0.0	0.0	0.0	0.0	0.0	0.0	0.0	0.0	0.0	0.0	0.0	0.0	0.0	0.0	0.0
0.008018703876408476	0.0334828097259775	0.0015745676069489427	4.321456867694978e-05	7.808496062329854e-05	1.2034231709979805e-05	0.0007741138360857041	0.03581895571708487	0.00011748474315898188	0.06580914416508524	0.0005754380812973857	0.0004330441562572479	1.265191903796458e-05	0.0	0.0	0.0	0.00804732547854635	0.2998890919619067	0.17987739802087183	0.01686784187403594	0.05944310345122179	0.0005894282137632348	0.07833751214951637	0.1416736172030159	0.04332767382279404	0.05624453559769431	0.041438752308826064	0.0008955612083444875	0.0015575684117598023	0.038169509099492044	0.0857534723811722	0.0034616019692624857	2.6473783483513485e-05	0.0030930861383983133	0.0	0.06722006005121908	0.0037287181406565253	0.012326789739665176	0.0021449078094398564	0.002199351773876104	0.007747154148495349	6.419728953769049e-05	0.0034942634170403186	5.295875373772823e-05	0.0009561012071112999	0.00035486442533073427	0.000218220712541657	0.0014878138333291216	0.0010799541372546674	0.00011689996236482416	3.54140306204999e-05	2.3925534817231675e-05	7.418440373062195e-05	2.804522404738895e-05	0.0	0.0	0.0	0.0003448260391274264	0.014175291374976447	0.0008773184676482664	1.2903787118880437e-05	0.0	0.0	0.002557064082170217	0.009072413369364924	0.0008232656205564146	0.022042723944763757	0.0	0.00786891508640519	0.001554298832625967	0.009395817992307761	0.017959920471748523	4.051820433844209e-05	0.0	0.00030161637654223125	0.001081149901394795	0.0002224030809275921	3.213057430816992e-05	0.0007847963986559195	0.00016164653555311102	7.247882659631457e-05	0.0	0.0	0.0	0.0	0.0022360111364160993	8.97742076776243e-05	0.0010648124092479088	0.00034645398100965837	7.48608328530801e-05	0.0	0.0	0.0	0.0	1.0681069531623111e-05	0.027354416169945835	0.02179837709717343	0.01458892506724146	0.0006119305889698404	0.0002912404956683804	0.016180745358132718	0.011317284686198411	0.0005521657269900064	0.002411554718161834	0.00027659963527944454	5.5664877002527845e-05	3.226862161129621e-05	0.034102727024172906	0.03391644355397001	0.00010282029716779402	6.477130778244408e-05	9.117794584959661e-05	0.1682550216399322	0.033913832099085106	0.0015217025551562487	0.0009919260832029595	0.0007926409675773992	5.5952159297709615e-05	9.743405668923337e-05	1.0947195855619309e-05	4.1813004868682566e-05	2.9952229166727713e-05	6.777887058043505e-05	6.138740560014982e-05	3.5898540926225335e-05	0.00028130740633311777	0.0	9.366360901934863e-06	9.049541969377479e-06	9.24891955147243e-06	0.0	0.0	0.0	0.0	0.0	8.650082524376096e-06	0.004328498505070464	1.0479820601035322e-05	0.0	0.0	0.0	0.0018345270612992297	0.001391985159498681	0.0012835771608110894	0.007856361929207197	0.0	0.002968633430044233	2.441947348719892e-05	0.00010222050151075342	0.0001892357097690326	0.0	0.0	8.150857799941777e-05	0.0004994578854579333	2.053617744288797e-05	2.381412897886147e-05	0.0	0.0	0.0	0.0	0.0	0.0	0.0	0.0	0.0	0.0
0.031707082697298036	0.010331323668641907	0.0012978303747571641	0.00022455698008722638	0.00019608612342631612	0.0	0.0	0.12372819307911051	0.0	0.000174416881200092	0.0	0.0	0.0	0.0	0.0	1.0416744770798396e-05	0.0035569887826374523	0.07590798298950946	0.0	0.013534037927699874	0.00024505192817845536	1.723536937762837e-05	0.0	0.0	0.0	0.0	0.0001622221377410198	0.0	0.0	0.03677730845853009	0.006295191436048182	0.0	0.0	0.0	0.06722006005121908	0.0	0.035955630130824215	0.0681867743376759	0.014386614288709227	0.0	0.0	0.0	1.2178892090557481e-05	0.0	0.0	4.906438478297795e-05	3.364990176489801e-05	0.004111746347491147	0.0006280258884033613	4.0186353096671135e-05	5.826634156768429e-05	3.7253505585981064e-05	9.817394821588119e-05	0.0	0.0	0.0	0.0001736665760506484	0.015415387753554943	0.07166408288192969	0.0162641741086398	0.0	0.0002708186871853484	7.253847927288064e-05	0.0011452247268753225	0.005893486867780077	4.463372205917684e-05	0.00043816567346406725	0.0002612725124652979	0.0008023250564575293	0.0	0.0	0.00010292593745307938	0.0	0.0010481654430735668	0.003496998729852349	0.013668956578558272	0.004809407404294067	0.00014739782367850885	0.016288048429295005	0.009301741769310281	0.00026151653612512595	0.0	0.0	0.0	1.2033251960793299e-05	0.10345840945011085	0.0	0.0	0.0	0.0	0.0	0.0	0.0	0.0	1.7218101183439218e-05	0.03960772592626252	0.0	0.0	0.0	0.0	0.0	0.0	0.0	0.0	4.9873372042080305e-05	0.0	0.0	0.008338983237180806	0.00013792823651247987	0.0	0.0	4.857272331824245e-05	0.001030526667707353	0.07542913178946135	0.001059108073499987	6.87711636784177e-05	9.278488326824993e-06	0.0	0.0	0.0	2.378479526985531e-05	0.0	0.0	0.0	0.0	1.366670412875097e-05	0.0	0.0	0.0	0.0	0.0	0.0	0.0	0.0	0.0	0.0001518913914421546	0.00046927464300271855	2.925822516195638e-05	0.0	0.0	0.0	0.0	4.206664421124845e-05	0.0	3.6767744653834006e-05	0.0	8.882896641451566e-05	0.0	0.0	0.0	0.0	1.4379334386799231e-05	4.2064455155896475e-05	5.6473018573719534e-05	4.4830748977806725e-05	1.144397184984718e-05	0.0	0.0	1.0746155362768427e-05	0.0	0.0	0.0	0.0	0.0	7.643310808613133e-05	0.00018512967826089856
0.06259848013297872	0.27579447188408546	0.4677107951332568	0.022856203697303134	0.12595837008734448	0.018235412433082965	0.0007543788786119768	0.0793458146448746	0.0033641650201553176	0.023512983594473603	0.016611094098580893	0.03559786856786662	0.13532884232630835	0.04527517294198338	0.001922009503404994	0.00852927022884559	0.031013993808568334	0.0011808277104363855	0.0002657944231700274	0.0005531287120893647	9.883908129851605e-05	8.70432757309891e-05	0.0	0.0	2.5891447930296407e-05	0.0	0.00034300237053729103	0.0	3.262266183065845e-05	0.025593617515802886	0.007256224745557112	0.0008611639911802402	0.0	0.0004542609839163244	0.0037287181406565253	0.035955630130824215	0.0	0.03075847278652742	0.0022527684836864403	0.0	0.00011294006223838938	0.0002659338230228734	0.0004687406677591568	2.4588137263729946e-05	0.000578399547217535	0.0	0.0	0.003501615001330639	0.0002348971281217235	0.0	0.0	0.0	5.5075569344744083e-05	0.0	0.00011700528402502264	0.0	0.009772735726136933	0.1004710462981134	0.04544383295928953	0.021322127203755405	0.0008204568274736396	0.0022708512856077943	0.0017586068330885175	0.0	0.0005119859034120463	0.0	0.000617733790317482	0.0	0.00031685401253659333	0.0026638573274831317	0.0025640266977694846	0.00768265148481786	0.00032083649556039374	0.00261590878060957	0.0018933319949604387	0.009498338832396433	0.01192784028303941	0.00024670986581202186	0.0015581914238914714	0.051775860229805244	0.02498244813593902	0.0014940221586697796	0.0032786151346971245	0.00019566979888918068	0.00013169512544568447	0.028043068478890876	0.01628314669544927	0.05314058585707347	0.06465831196862047	0.041801628977923375	0.001049748205387648	0.0005510212357784833	0.0	0.0	0.0	0.0005272082412702115	8.600683148011903e-05	2.5012436610316322e-05	0.0	0.0	0.0	0.0	0.0	0.0	0.0	0.0	1.1686795385789744e-05	0.0017194759563527327	0.0004886294256541379	1.5823979612431508e-05	1.915744261706942e-05	1.9209702640683428e-05	0.0005871959915988172	0.0011222971129749696	0.008420483420740607	0.0011444170765560653	0.0001270826728772924	1.4748415179426307e-05	7.797382107102414e-05	2.3017894987285048e-05	0.0	0.0	3.78984633648446e-05	0.0	1.596922490419187e-05	1.8358955294187128e-05	0.0	0.0	0.0	0.0	0.0	0.0	0.0	0.0	0.0003934940754215815	0.0021384679933322093	0.00011947808098521513	0.00028065845242636274	0.00010351232606431793	0.00023219694579154092	0.0001302970995695778	0.0	0.0	0.0	0.00024814167329316076	0.0	0.00014671321498177446	0.007667796063030005	0.000917554599716723	0.009254007549687505	0.00033748988106609775	5.984170663767283e-05	6.124889183724208e-05	0.0006541747780580237	0.0008935037295436348	5.7860257108268485e-05	0.0	0.0	0.0	0.0	0.0	0.0	0.0	0.0	0.000855396037847612	0.0002171235816895882
0.23883100526683398	0.23417248187439832	0.11522323339529246	0.007193502361446022	0.051749034404625464	0.044918134006949294	0.0011608728915522123	0.03550321501273976	0.0003456060168119769	0.01733432422267508	0.0013008574480619147	0.002350211572065461	0.06104418097070904	0.0689911737407812	0.00803507036343826	0.03366219304992194	0.0090249456690677	4.0497046530800435e-05	0.003412374231733254	0.049782850624599535	0.004813349143708791	0.0024621865648271207	0.029735538102524665	0.009311185746181515	0.03622032604855499	0.03979833840676803	0.050606670521500446	0.00834030949160831	0.0029788764185464845	0.18499979564849206	0.06868981115417096	0.013890373811429615	0.0021620936459307853	0.006007850346732899	0.012326789739665176	0.0681867743376759	0.03075847278652742	0.0	0.06371194792717667	9.47065359593062e-05	0.002639900487521563	0.0008750372277230091	0.005540277989935645	0.0007243735161868873	0.008186296574509032	0.000132077587573732	0.00016402550982129774	0.0008699630029267768	0.0002513766471715236	9.773639792223822e-05	2.105043190549778e-05	3.962566109366313e-05	6.95831131407773e-05	9.472890215488518e-05	0.0027221732643770216	0.0	0.08571523329886649	0.01802634014004737	0.0030892288603420097	0.016922533981302442	0.001789931012294993	0.009481438826482351	0.004932782635546406	0.027099397666496328	0.023054126246260197	0.0002895708350190099	0.0026286801454895405	0.0	0.0005173296813588565	4.0855394157316914e-05	0.0	0.00135305187163701	0.0024663933709308267	0.002089583956775984	0.0049683793494472595	0.07192286875514879	0.01648551558311693	0.00020627401182600325	0.00016693140917910772	0.0011648398886622093	0.000664094990164992	5.154937397343975e-05	0.00012847680454880703	0.0	1.2931004312539994e-05	0.0009002053012104099	0.0	0.003058392573274674	0.0001671392675142353	1.1353077386665658e-05	0.0	0.0	0.0	0.0	1.1718583518015345e-05	0.00041628005633879414	0.000438735183209753	0.0035423723232371673	3.8022661036313276e-05	0.0004202528125742827	0.0008135951287952665	0.00031814373067531724	2.299233886792554e-05	0.00027917147138443326	5.991058475011126e-05	7.834153462228324e-06	8.126250026374018e-06	2.968187899431773e-05	0.0011351744450293624	0.0	0.0	5.7879873211239074e-05	0.005193078222376118	0.0001290442418540864	0.0003945840385865391	0.0009543744170756757	0.0004425523301149913	0.0	4.479272240511944e-05	0.0	6.599768105015297e-05	9.268701853695821e-06	0.0	0.00026274860424237135	6.586909057633388e-05	0.00019751099920491537	2.275638367679488e-05	4.495433051834371e-05	1.731349037226984e-05	4.8104753970196754e-05	0.0	0.0	0.0	0.0	9.821271212558504e-05	0.00011190405047286772	0.0003777948848193964	3.3438606502680625e-05	0.0	1.7650263315670665e-05	0.0	0.00048357054720106696	0.0002574954535544178	0.000376203250587192	0.0011750868136075317	0.0	9.405457026498727e-05	0.0	9.510350425197148e-05	0.0006017179231080668	0.0009453394703390236	0.0	0.00011706869684490487	0.00019726656050606903	6.779251912017908e-05	4.243549911980813e-05	0.0	0.0	0.0	0.0	0.0	0.0	0.0	0.0	0.0015629072771872617	0.00018875554910894552
0.06227946543649653	0.0031535839923402505	0.0007644425408751302	7.705211858054311e-05	0.00044811529916586977	0.00036847260253034436	3.424381525390859e-05	0.00084543912784375	0.0	0.0003300305464027435	0.0	0.0	0.0	0.0002532399868805421	4.841105092906409e-05	0.0001424915372587539	0.0006550047899817208	0.0	0.00028994102227627517	0.03328519282525158	0.0007211253409457747	0.004231269083736367	0.0003759587393483397	0.0007338872967442875	0.0006086160882898975	0.003008067818753616	0.0035607149267286153	0.00025459484778054246	0.00019006377688600255	0.038809616186045066	0.008833717180673226	0.0020362680500262695	0.00010872171676447606	0.0007032685296062126	0.0021449078094398564	0.014386614288709227	0.0022527684836864403	0.06371194792717667	0.0	0.0	0.00011766555325438635	0.00019899882042538828	0.0007389458033150531	0.0004909297197268813	0.002002445776680509	1.904638295062373e-05	5.554372968419619e-05	0.0009189753939722349	5.048776293184674e-05	6.131333582707394e-05	3.603500336796852e-05	6.884613790599088e-05	4.999326414285061e-05	2.8804444271669482e-05	0.003149958710994517	0.0	0.042646662634683925	0.0022961104794424554	0.0009888118388492273	0.011474434141766104	0.0011247323645139033	0.005166355627592415	0.0005798217022868208	0.0012436799136102408	0.0004510296958048161	2.770640529219102e-05	0.00018668781553872617	0.0	0.0	0.0	0.0	0.0	0.000939071035962525	0.0032576490484533135	0.014096033015490382	0.11379791988091705	0.027101130767512464	0.00044098830424153964	6.354472056763083e-05	3.086079916155321e-05	0.0	1.5278101380393208e-05	0.0	0.0	0.0	7.978484933566597e-05	0.0	0.0	0.0	0.0	0.0	0.0	0.0	0.0	0.0	0.0	2.2662549966054042e-05	6.107423019596342e-05	6.274843056415139e-05	0.00013940355881455943	3.328844410043009e-05	1.1919864586580285e-05	0.0	2.7066384824832158e-05	0.0	0.0	2.4664624730908616e-05	0.0	7.615297511350374e-05	0.0	0.0	0.0	0.0005768026037915205	0.0	0.0	5.7737569003493905e-05	0.0006049018361684753	0.0	0.0	2.666619814332116e-05	0.0	2.9537496836798708e-05	5.208415909402442e-05	0.0004106135047513909	0.00016954679316124352	0.0002172471586389847	0.0	0.00014244106777957648	6.597965899084471e-05	9.95830470024274e-05	7.080975544926564e-05	0.0	0.0	0.0	2.548354629783471e-05	2.0423688095576873e-05	2.562668425652769e-05	0.0	0.0	0.0	0.0	1.2041788725728784e-05	0.0	1.1740848708523766e-05	2.617310332480869e-05	0.0	0.0	0.0	0.0	0.0	0.0011180410320066182	5.3508890710841275e-05	0.0	0.000267950851129342	0.0	8.759275617114202e-05	0.0	0.0	0.0	0.0	0.0	0.0	0.0	3.1443436811754814e-05	0.0025483837890291736	0.0003283121122411562
5.506138364166911e-05	0.0	0.0	0.00011786517875801868	3.693633680858779e-05	0.0	0.00712658066029813	0.0	0.0	0.0	0.0	0.0	0.0	0.0	0.0	0.0	0.004795913568507485	0.0	0.0006323742384220856	0.0002867146016909498	7.353998495154505e-05	0.0	0.0001340529676166113	0.00013842147181986357	0.0001355085314903933	0.0012116024918432202	0.0024290987250612794	8.42659925573796e-05	0.00012793132758236793	0.0010354705436233078	0.009261038969940977	0.00196264598100839	0.0013652579157270443	0.000681964360107763	0.002199351773876104	0.0	0.0	9.47065359593062e-05	0.0	0.0	0.018503782461683577	0.0	0.0009373154218343898	4.436151706637656e-05	0.0004586334870021496	0.0	0.0	0.0	0.0	2.1374641654551343e-05	0.0	0.0	0.0	0.0	0.0	0.0	0.0	0.0	0.0003727565324331598	0.0	0.0	0.0	0.0	0.0	0.0	0.0	0.00043722027518398524	0.0	0.0003122368797605128	0.0	0.0	0.0	0.0	0.0	0.0	0.0	0.0	0.0	0.0	0.0	0.0	0.0	0.0	0.0	0.0	0.0	0.0	0.0	0.0	0.0	0.0	0.0	0.0	0.0	0.0	0.0	0.00010679858572647569	8.829613252825254e-05	0.0	0.0	1.7008005126880336e-05	0.0	0.0	4.7433186864554095e-05	0.0	0.0	0.0	0.0	4.689480963636195e-05	1.5926191234678364e-05	0.0	0.0	0.0002041375378775333	0.0	0.0	1.4943681855141072e-05	0.0	0.0	0.0	0.0	1.6763245966490636e-05	0.0	0.0	0.0	0.0	0.0	0.0	0.0	0.0	0.0	0.0	0.0	0.0	0.0	0.0	0.0	4.256850718813105e-05	0.0	0.0	0.0	0.0	1.2558571988019295e-05	0.0	0.0	5.974374273776563e-05	0.0	0.0	0.0	0.0	0.0	0.0	0.0	0.0	0.0	0.0	0.0	0.0	0.0	0.0	0.0	0.0	0.0	0.0	0.0	0.0	0.0
0.007038394737157261	7.730031374979483e-05	0.00019775514866196916	0.022986161902822863	0.004409979658356721	6.535858707476122e-05	0.051867423785927395	0.0	0.0	0.0	0.0	0.0	0.00010518964106159722	3.811003225898093e-05	0.00011685753839864696	0.0	0.041930026860782746	2.5147199412186913e-05	0.0010000383706556429	0.005690735954142611	0.0019229101904131597	0.0004574669555659581	0.013648780544795703	0.009341570844515958	0.023571554944726382	0.04379387098453423	0.1067876834383928	0.015074379029368465	0.007631402681733991	0.006637894734243862	0.03556846394044572	0.022101492328362896	0.09815157198498914	0.018328722863180748	0.007747154148495349	0.0	0.00011294006223838938	0.002639900487521563	0.00011766555325438635	0.018503782461683577	0.0	0.051339469579511895	0.37741755579797	0.01132559659272713	0.01422218266274965	0.00012254851393038994	0.0	0.0	0.0	4.192700102800395e-05	0.0	0.0	0.0	2.8654773121354016e-05	0.0	0.0	0.0	0.0	0.00014673217547001306	0.0	0.0	0.0	0.0	0.008938624024064777	0.00068540821614538	0.0006831415338055018	0.0019097150706957598	0.0	0.0	0.0	0.0	0.0	0.0	0.0	0.0	1.1382648916701849e-05	1.0275279823368502e-05	1.0781059960541046e-05	0.0	0.0	0.0	0.0	0.0	0.0	0.0	0.0	0.0	0.0	0.0	0.0	0.0	0.0	0.0	0.0	0.0	0.0	0.0002518871451637276	0.00029215129236590323	0.0	1.748107247631586e-05	1.0410745069594887e-05	0.00013739010536936922	9.735972430297287e-06	0.00013678246437301365	2.6053615244321407e-05	0.0	0.0	4.885071681982551e-05	0.00026869174719733053	1.4441763784583387e-05	0.0	0.0	0.0009127325910097871	0.0	0.0	4.459247067004845e-05	5.1556614200557736e-05	0.0	2.0802354269419547e-05	0.0	1.2559967694451671e-05	0.0	0.0	8.088801019045896e-06	0.0	9.870542404305576e-06	0.0	0.0	7.285965886981127e-06	0.0	0.0	0.0	0.0	0.0	0.0	0.0	7.305421300066308e-05	0.0	0.0	0.0	0.0	6.476966323624639e-05	9.549852222854118e-06	4.98310830554067e-05	6.148961263125697e-05	0.0	1.4119930409376647e-05	0.0	0.0	0.0	0.0	0.0	0.0	0.0	0.0	0.0	0.0	0.0	0.0	0.0	0.0	0.0	0.0	0.0	0.0	0.0
0.00014083207536684625	0.0004873712706817984	0.00019196644337843806	9.873506627664222e-05	1.1361353374872978e-05	0.003116999898778983	0.00055402503292379	0.00035822372818715626	0.0	0.0	0.0	0.0	0.000496359184866363	0.0002893015738649086	0.0006344295924435401	0.00034743472096400267	0.01195004060074544	0.0	0.0	0.0056736208404840035	4.585647475421267e-05	0.003543501345062989	0.0020686670214360692	0.0004688356758834014	0.002795291420933304	0.00309691319573746	0.012275994106850046	0.002587975510582618	0.004292323374613138	2.6726180463709007e-05	0.0002750189380599479	0.00012028351011114283	5.2824116733082206e-05	0.00030899484654593105	6.419728953769049e-05	0.0	0.0002659338230228734	0.0008750372277230091	0.00019899882042538828	0.0	0.051339469579511895	0.0	0.035604755305702014	0.09930872685325802	0.005911746497442357	5.976716673190394e-05	0.0	0.0	0.0	0.0	0.0	0.0	0.0	0.0	0.0	0.0	0.0	0.0	4.008781071317684e-05	0.0	0.0	0.0	0.0	0.00013406029140246956	0.0	4.74708039075909e-05	7.720639556208559e-05	0.0	0.0	0.0	0.0	0.0	0.0	0.0	0.0	0.0	0.0	0.0	0.0	0.0	0.0	0.0	0.0	0.0	0.0	0.0	0.0	0.0	0.0	0.0	0.0	0.0	0.0	0.0	0.0	0.0	0.0	9.141491476434504e-06	0.0	0.0	0.0	0.0	0.0	0.0	9.697749356835937e-06	0.0	0.0	0.0	0.0	0.0	0.0	0.0	1.1705648441362006e-05	0.0	0.0	0.0	2.569700674147819e-05	0.0	8.910708663154926e-06	0.0	0.0	0.0	0.0	0.0	0.0	0.0	0.0	0.0	0.0	0.0	0.0	0.0	0.0	0.0	0.0	0.0	0.0	0.0	0.0	0.0	0.0	8.632618747640819e-06	0.0	9.151807767071282e-06	0.0	0.0	0.0	0.0	0.0	0.0	0.0	0.0	0.0	0.0	0.0	0.0	0.0	0.0	0.0	0.0	0.0	0.0	0.0	0.0	0.0	0.0
0.11892875532339615	0.0014727074782163747	0.023695749994654316	0.08516448240499627	0.04009377178912296	0.0004922134243909841	0.025800644968526763	0.0001930273372840286	0.0	1.2675005124229838e-05	0.0	1.992797724573166e-05	0.00011871348545471407	0.0003620910479839556	0.00027868895087860326	4.7424661118353705e-05	0.04832765846876073	0.0	0.001308024380391227	0.027140360515357446	0.0020146137060479694	0.006643140154370978	0.007927264675433976	0.006506917057916318	0.019542611911029736	0.03256815519257574	0.260228299851995	0.030428335096700287	0.03018271143207347	0.03131890349584495	0.012310239195686072	0.0996894342982605	0.1333866594722028	0.23344990733198157	0.0034942634170403186	1.2178892090557481e-05	0.0004687406677591568	0.005540277989935645	0.0007389458033150531	0.0009373154218343898	0.37741755579797	0.035604755305702014	0.0	0.060124384877480515	0.514167984050189	0.00025328297188397653	0.0	5.493472052824588e-05	0.0	1.5395061579427532e-05	0.0	0.0	0.0	0.0	0.0	0.0	0.0	1.7893024412115012e-05	0.00030851877842766535	0.0	0.0	0.0	0.0	0.0020129345858146057	0.00031616522865752307	0.0010384658820530533	0.002307496505601421	0.0	2.8832962594286047e-05	0.0	0.0	0.0	0.00011825358549359465	0.0	0.0	2.1671778371728155e-05	0.0	0.0	4.510458015224628e-05	5.1090239814402305e-05	1.1470424159652527e-05	0.0	0.0	0.0	0.0	2.1431165928607356e-05	0.0	0.0	0.0	0.0	0.0	0.0	0.0	0.0	0.0	0.0	0.00039135778603692316	0.00028216428836032114	0.0	8.046672538612208e-05	0.0009502738549921226	0.0002585083392907597	3.6651113180393706e-05	0.0005112836289284358	4.530080913081706e-05	0.0	0.0	0.0	0.000299456886292817	0.0	0.0	0.0	0.0019179149423999879	1.279561436100261e-05	0.0	0.00017449357985969158	0.00010485001793874499	0.0	3.220725001207139e-05	0.0	5.391322594607706e-05	0.0	1.2796999048700085e-05	0.0	0.0	0.0	0.0	9.774540757455016e-06	0.0	0.0	0.0	0.0	0.0	0.0	0.0	0.0	7.504306711998254e-05	0.0	0.0	0.0	0.0	0.0001965500213517821	2.9328082105353374e-05	0.00011581548561166583	0.00023217951231632652	0.0	0.0	0.0	0.0	0.0	0.0	0.0	1.0035424000050445e-05	0.0	0.0	0.0	0.0	0.0	0.0	0.0	0.0	0.0	0.0	0.0	0.0	0.0
6.527891702962535e-05	0.0003647122553675363	0.00040401279766650813	0.00013935025384757705	0.0001474596167443472	0.0004725061147598092	0.0	0.0	0.0	0.0	0.0	0.00019110981753682309	0.0006852584825555656	0.0010730461378518563	0.0010363781880443936	0.00017692332111290057	0.03124258753894918	0.0	0.0	0.07205087118020063	0.0020594131811011995	0.018734442618078127	0.0021643337115980696	0.00024406435018082138	0.0045384750900770215	0.0007566582435158309	0.005891828350744683	0.0019837203235688232	0.023577599466470818	5.3332016140284974e-05	5.7339726557852586e-05	9.03865435733146e-05	3.485454516897354e-05	0.0003275476131245862	5.295875373772823e-05	0.0	2.4588137263729946e-05	0.0007243735161868873	0.0004909297197268813	4.436151706637656e-05	0.01132559659272713	0.09930872685325802	0.060124384877480515	0.0	0.03873430636361499	7.098077448040143e-05	0.0	8.901163683967749e-06	0.0	4.735662226623035e-05	0.0	0.0	0.0	0.0	0.0	0.0	0.0	0.0	0.0	0.0	0.0	0.0	0.0	0.00046608873279659443	0.0	6.099309098616187e-05	0.0005997799718715029	0.0	0.0	0.0	0.0	0.0	0.0	0.0	0.0	0.0	0.0	0.0	0.0	0.0	0.0	0.0	0.0	0.0	0.0	0.0	0.0	0.0	0.0	0.0	0.0	0.0	0.0	0.0	0.0	0.0	0.0	0.0	0.0	0.0	0.0	0.0	0.0	0.0	0.0	0.0	0.0	0.0	0.0	0.0	0.0	0.0	0.0	0.0	0.0	0.0	0.0	0.0	0.0	0.0	0.0	0.0	0.0	0.0	0.0	0.0	0.0	0.0	0.0	0.0	0.0	0.0	0.0	0.0	0.0	0.0	0.0	0.0	0.0	0.0	0.0	0.0	0.0	0.0	0.0	0.0	0.0	0.0	0.0	0.0	0.0	0.0	0.0	0.0	0.0	0.0	0.0	0.0	0.0	0.0	0.0	0.0	0.0	0.0	0.0	0.0
0.05793890450093667	0.001542072483762026	0.022734161436397407	0.037877236458715983	0.030735141449849814	0.0002089356570487773	0.00470648602767905	0.00020958619398045897	0.0	8.100465727377502e-05	0.0	0.0	0.00034091834944029696	0.0004888677250811374	0.00014687851620767716	5.92595005545919e-05	0.037787424976494184	0.0	9.181519051396553e-05	0.15709190643741583	0.019146734161390393	0.01888754039480271	0.007219335972954573	0.0011480673291099672	0.03663973085698875	0.008989955767003396	0.12880968743387414	0.04464732887005323	0.17943871374054482	0.017243228941211858	0.004966527963688358	0.029387845658858526	0.008969439521533878	0.03438716235553758	0.0009561012071112999	0.0	0.000578399547217535	0.008186296574509032	0.002002445776680509	0.0004586334870021496	0.01422218266274965	0.005911746497442357	0.514167984050189	0.03873430636361499	0.0	0.0007302438354040529	1.593280247567387e-05	2.0887572247624143e-05	7.029673967611461e-05	9.897541059721151e-05	0.0	0.0	0.0	0.0	0.0	0.0	0.0	1.6033142749427886e-05	0.00013681561423723877	0.0	0.0	0.0	0.0	0.00834840076266045	0.0012305202301445774	0.003210528242725792	0.007809231304409446	0.0	0.00032348335915017537	0.0	0.0	0.0	0.00021901269238329936	0.0	0.0	4.589457386690533e-05	0.0	0.0	0.0	9.738959425708162e-06	1.611548713336907e-05	0.0	0.0	0.0	0.0	9.788951426369435e-06	0.0	0.0	0.0	0.0	0.0	0.0	0.0	0.0	0.0	0.0	3.595461526860245e-05	0.0004387675029959427	1.3527250100457211e-05	9.59469470953955e-05	7.371802934446653e-05	2.090763552758961e-05	1.031817208578283e-05	3.106237039013964e-05	0.0	0.0	1.0170990251347587e-05	4.1092335525229276e-05	7.439091502539669e-05	0.0	0.0	0.0	0.00045520439056005686	9.079434879184368e-06	1.2148739322250366e-05	9.91170748000987e-06	0.00012299633093036205	0.0	0.0	0.0	1.1513220008135802e-05	0.0	2.0284827242517076e-05	0.0	0.0	0.0	0.0	0.0	0.0	0.0	0.0	0.0	0.0	0.0	0.0	0.0	2.3610686401782197e-05	0.0	0.0	0.0	0.0	0.0	0.0	1.0094669901649659e-05	5.79588509125261e-05	0.0	1.4179407704410504e-05	0.0	0.0	0.0	0.0002748132816353622	0.0	0.0	1.889348239272745e-05	0.0	0.0	0.0	0.0	0.0	0.0	0.0	0.0	0.0	6.364474588920816e-06	0.0	0.0
4.0151532975866724e-05	1.106189537752423e-05	1.1140882261090474e-05	0.0	0.0	1.1243687976799035e-05	0.0	0.0	0.0	0.0	0.0	0.0	2.6971202237282554e-05	9.870324876112329e-05	0.0	0.0	0.00024442681514131323	0.0	7.96076010463477e-05	0.0002943705996546797	0.007919436772349159	0.0	0.0003445987997556744	0.00011989070873676057	0.0022285681498825614	0.00060883219231171	0.002412529709091202	0.0015134417829037173	0.002673207504618063	0.00040823200994757414	0.000883248524937195	0.00010572629661244699	0.0	7.759578847444346e-05	0.00035486442533073427	4.906438478297795e-05	0.0	0.000132077587573732	1.904638295062373e-05	0.0	0.00012254851393038994	5.976716673190394e-05	0.00025328297188397653	7.098077448040143e-05	0.0007302438354040529	0.0	0.061892170592286154	0.0027276698409584416	0.22310655445525326	0.11348463546563063	0.024134214277673056	0.03045593246426376	0.06262365588376978	0.05441901355762488	0.0	0.0	0.0	0.0001301073863362992	0.0	0.0	0.0	0.0	0.0	9.566310723667094e-05	2.4900556048113592e-05	0.0	0.0	0.0	0.0	0.0	0.0	0.0	0.0	0.00045063515530676133	0.0004274482880183653	0.0008334872014930261	0.0	7.311289511032186e-05	3.1729186584544745e-05	1.0772688476630418e-05	1.1146307151618645e-05	0.0	0.0	0.0	0.0	3.3544942804726395e-05	0.0	3.265635528580992e-05	0.0	0.0	0.0	0.0	0.0	0.0	0.0	0.0	0.0	0.0	4.3400310574491476e-05	0.0	1.0055215484552852e-05	2.9009137475170377e-05	0.0	0.0	0.0	0.0	0.0	0.0	8.425548252065159e-06	0.0	0.0	0.0	8.262933210108337e-05	0.0	0.0	6.81275566128186e-05	0.0001502164766926478	0.0	0.0	0.0	0.0	0.0	0.0	0.0410489201244972	0.01344867557376541	0.004037014746953207	0.001523945326841192	0.012332699539009838	0.005770308564277767	0.015092925344477785	0.0013442130418551235	0.0003951267131213776	0.0	0.0	1.949583898742589e-05	7.487042190720726e-06	8.648934739480909e-06	0.0	0.0	0.0	0.0	0.0	0.0	7.671321810306e-06	0.0	0.0	1.9510529715854847e-05	0.0	0.0	0.0	0.0	0.0006177111413077062	0.0006134333304757221	0.0008220620294415311	0.0	0.0018218453971861523	0.0	0.0	0.0031113489084000807	0.0005077709416080039	0.001411156525205642	0.00048356036038056514	9.151677929644122e-05	0.0031225854277715293	0.0	0.00014117020361465124
3.5864263478119314e-05	8.648328892702051e-05	0.0	0.0	0.0	0.0	0.0	2.1912179622428418e-05	0.0	0.0	0.0	0.0	0.0	0.0	0.0	0.0	0.0	2.707887915208581e-05	2.5866223291214755e-05	0.0009156873869223544	0.006552291496989035	0.0	4.2080975912562104e-05	0.0001344588160914526	0.0	0.00018690321436150024	0.00014266405300139283	0.0	9.839334592122956e-06	0.00034801783609272045	0.0006595163017553006	3.919585054312469e-05	0.0	1.4225187793620832e-05	0.000218220712541657	3.364990176489801e-05	0.0	0.00016402550982129774	5.554372968419619e-05	0.0	0.0	0.0	0.0	0.0	1.593280247567387e-05	0.061892170592286154	0.0	0.0022250678595572147	0.060094566151306955	0.012933532357437463	0.014010615628484007	0.08446566368592054	0.09379729012118765	0.04711098714854681	0.0	0.0	0.0	0.0001233156382605719	0.0	0.0	0.0	0.0	0.0	2.3737579990412325e-05	0.0	0.0	0.0	0.0	0.0	0.0	0.0	0.0	0.0	0.00014051102799473558	0.0	0.0005049525787538863	0.0	0.0004224692173446169	2.088753276382366e-05	5.6371457056837215e-05	1.1399611340994906e-05	0.0	0.0	0.0	0.0	3.8393173805375314e-05	0.0	3.180190013498853e-05	0.0	0.0	0.0	0.0	0.0	0.0	0.0	0.0	2.3869802973867117e-05	6.0900143365360114e-05	0.0	0.0	1.8424700412975992e-05	1.902308016257029e-05	0.0	0.0	0.0	0.0	0.0	0.0	4.812825234079632e-05	0.0	0.0	0.0	7.342480335998408e-05	0.0	0.0	3.175671230278402e-05	4.278658539996419e-05	0.0	0.0	0.0	0.0	0.0	0.0	0.03581569203389247	0.020867526531522042	0.0011341088470421578	0.0010317489456785564	0.006468220648064837	0.011236892205048676	0.0274846831259294	0.0024401559328852927	0.00039855226520371634	0.0	0.0	0.0	0.0	0.0	0.0	0.0	0.0	0.0	2.6250377713311563e-05	0.0	0.0	1.6568397084477625e-05	0.0	0.0	0.0	0.0	0.0	0.0	0.00017754171088524132	0.0001987382934552247	0.0003469813532762778	0.0	0.003186325774041995	0.0	0.0	0.0022372409346739287	0.0002392516394497627	0.0008917537551713587	0.0001724295862317741	0.0001395586603647705	0.011524236272177081	0.0	5.5271049049335455e-05
0.0017725580299360422	0.0018543881750245717	0.0003627170911859766	1.6749110765951046e-05	5.00374364149799e-05	0.0	0.0	0.0019654611906678447	0.0	0.00011322379190976396	0.0	0.0	0.0	0.0	0.0	1.711537535355936e-05	0.0	2.4275782755300397e-05	0.0002531173263226044	0.0005891924817014859	0.0012021773083427546	0.0	8.661757241391908e-05	0.00043792091430367873	0.00023290753207424816	0.0009660780288875208	0.000968452373450554	6.828503270042063e-05	6.727617293437649e-05	0.004674504201702151	0.004579815595061128	0.0002871299758621923	2.4960841383713706e-05	4.929648708977276e-05	0.0014878138333291216	0.004111746347491147	0.003501615001330639	0.0008699630029267768	0.0009189753939722349	0.0	0.0	0.0	5.493472052824588e-05	8.901163683967749e-06	2.0887572247624143e-05	0.0027276698409584416	0.0022250678595572147	0.0	0.012908233466773542	0.007910863465615528	0.0005662140861244664	0.0018859444289910027	0.013841192191897458	0.014926944558295605	0.0	0.0	0.00023356963867767188	0.0026547858876144253	0.0053379688991063105	0.021246749004565368	0.00022194391830348948	0.0010348511548189943	0.0	5.253779857721214e-05	0.008908606937705659	0.0002378752865071588	0.00027216692674384574	0.0	3.626216101743552e-05	0.0	0.0	0.0	0.0	0.025975166071349885	0.012117658379782424	0.008676614640124461	0.01226933307770046	0.0019212914234642633	0.0	0.0	1.4769660218719798e-05	0.0	0.0	0.0	0.0	9.188636511442208e-05	0.0	2.2910567917317878e-05	0.0	0.0	0.0	0.0	0.0	0.0	0.0	0.0	0.0	4.938556254345271e-05	0.0	0.0	2.5317374591867926e-05	7.765126596867386e-06	0.0	0.0	0.0	0.0	0.0	2.416917006665206e-05	8.429287092493816e-05	0.0	0.0	0.0	0.0001725293030287731	2.5107553085455743e-05	1.6997653025354847e-05	1.022584610528022e-05	1.0268196613224103e-05	0.0	9.029477771184067e-06	9.366311317627425e-06	0.0	0.0	0.0	0.001927412011209316	0.0012817437792060585	0.003742427798109855	0.00036421903291534205	0.0014981603226456067	0.0002916380194889354	0.0008037275981785261	0.0006545187058333467	4.10717690563657e-05	0.0	0.0	0.0	0.0	3.4800624989287624e-05	0.0	0.0	0.0	0.0	0.0	1.1956026238370121e-05	2.2702991478160488e-05	2.52476232446812e-05	0.0	1.3471312574039572e-05	0.0	0.0	0.0	0.0	0.0016658890428976375	0.0006116440798225637	0.00030071611651004534	3.753182689493021e-05	0.005672250906872772	0.0	0.0	0.000521525602788833	0.00012870451405325165	0.0003284287124948465	0.00016037100311746072	2.4576794394283048e-05	0.0004271087346808349	0.00021209758405996257	0.0112810646975527
9.621881326209498e-05	0.0001653560624736776	1.2091984572987453e-05	0.0	3.788900194439769e-05	0.0	0.0	3.955247281938682e-05	0.0	1.2028325668023721e-05	0.0	0.0	0.0	0.0	0.0	0.0	0.0	0.0	0.00011220972028206846	0.00025496705789390895	0.006320195994262982	0.0	0.0001140973214090853	0.00016630522732467154	9.323687636878506e-05	0.0004545329161954319	0.000452689205444575	3.274332983401767e-05	0.0001670314317460028	0.003398589131297014	0.004001839993672425	0.00018115618101548287	0.0	5.056347633289218e-05	0.0010799541372546674	0.0006280258884033613	0.0002348971281217235	0.0002513766471715236	5.048776293184674e-05	0.0	0.0	0.0	0.0	0.0	7.029673967611461e-05	0.22310655445525326	0.060094566151306955	0.012908233466773542	0.0	0.1618513173582601	0.02254516149817383	0.04004665903533618	0.036816037055024724	0.03565769370691782	0.0	0.0	0.0	0.0005444503086613737	0.000918201515157504	0.0029171739184458098	0.0	9.774558938367796e-05	0.0	0.0	0.0018776047616776983	0.0	0.0008739657604229641	0.00012816783921961572	0.0	0.0	0.0	0.0	0.0	0.0014828348168308204	0.0004666193289614257	0.002839131101729167	0.0002657802916423988	0.0001844613111795432	1.1607926035396804e-05	2.981614228020218e-05	1.4582374780051352e-05	0.0	0.0	0.0	0.0	1.4889352145804478e-05	0.0	1.5997677114398452e-05	0.0	0.0	0.0	0.0	0.0	0.0	0.0	0.0	0.0	0.0	5.2939655515302395e-05	0.0	0.0	9.968332759136643e-06	0.0	1.190502785991284e-05	0.0	0.0	0.0	1.235083118606499e-05	1.1723709984470754e-05	0.0	0.0	0.0	0.00014586834888508064	2.740984338568974e-05	1.2604511848887034e-05	0.0	0.0003571959428255356	0.0	0.0	0.0	0.0	0.0	0.0	0.015156626296015966	0.00630273856891019	0.008269679526103227	0.003965564989401122	0.008786657366398578	0.0023028742821697874	0.007803265617581811	0.002369594573697197	0.00016475942368421206	0.0	0.0	0.0	0.0	0.0	0.0	0.0	0.0	0.0	1.0288059719503941e-05	2.1224134916832178e-05	0.0	1.0318083935902853e-05	0.0	1.2234209813131851e-05	0.0	0.0	1.8570061401453776e-05	0.0	0.0017533740799154924	0.0010331004926940094	0.0014974323616542729	0.0	0.004363001252332655	0.0	0.0	0.005832242276004165	0.000264811219610186	0.006099927486552076	0.003417891928474952	5.419936504750335e-05	0.0008792041965085631	0.0	0.000506090108879578
1.2765705841321115e-05	3.594914263022272e-05	2.3894835703314407e-05	0.0	0.0	0.0	0.0	0.0	0.0	0.0	0.0	0.0	1.2821192517831912e-05	0.0	0.0	0.0	0.00031569516299514625	0.0	6.940552969826982e-05	0.00035418588703875167	0.00309482856034599	1.7866173591394082e-05	0.00017118088257937492	7.46505788613197e-05	0.0007145873653556619	8.842793404509382e-05	0.00012002392065168108	0.0005008700722449606	0.0010580837094555805	0.0003939564380699711	0.00043390513449918344	1.290794118197267e-05	0.0	0.0	0.00011689996236482416	4.0186353096671135e-05	0.0	9.773639792223822e-05	6.131333582707394e-05	2.1374641654551343e-05	4.192700102800395e-05	0.0	1.5395061579427532e-05	4.735662226623035e-05	9.897541059721151e-05	0.11348463546563063	0.012933532357437463	0.007910863465615528	0.1618513173582601	0.0	0.003127567613992605	0.01906865443650267	0.04358764310723327	0.020277959657997596	0.0	0.0	0.0	6.794089189622136e-05	9.108978311446545e-05	0.0	0.0	0.0	0.0	2.1092084560225572e-05	0.0	0.0	0.0	0.0	0.0	0.0	0.0	0.0	0.0	0.0006798904523730357	0.00048781738069607464	0.0013009056623733307	0.0	0.0003289715357826082	1.0634969899097963e-05	2.4781444441071895e-05	0.0	0.0	0.0	0.0	0.0	2.2969923088039122e-05	0.0	5.949342095266055e-05	0.0	0.0	0.0	0.0	0.0	0.0	0.0	0.0	0.0	0.0	0.0	0.0	9.709711111898358e-06	0.0	0.0	0.0	0.0	0.0	0.0	9.900000074080226e-06	0.0	0.0	0.0	0.0	1.039200495605622e-05	0.0	0.0	0.0	4.9336301452212615e-05	0.0	0.0	0.0	0.0	0.0	0.0	0.013478929602410688	0.008680963431810813	0.0026610558159477363	0.002631279598217318	0.014303693718587083	0.003480420594960826	0.012200152639638832	0.0018414597702152609	0.0003138859803686153	0.0	0.0	2.1817556235679747e-05	0.0	0.0	0.0	0.0	0.0	0.0	1.7284048312369793e-05	8.310610909129807e-06	0.0	0.0	0.0	0.0	0.0	0.0	0.0	0.0	0.0011199365574405507	0.0004728007456330028	0.00023178755479339922	0.0	0.0029215958901423773	0.0	0.0	0.003069881359237964	0.000189599558498994	0.002213193492245656	0.0005163731229366826	0.00012497626813838867	0.001226913443745537	0.0	0.00028787144857731313
1.2547723125191286e-05	1.015210230311455e-05	0.0	0.0	0.0	0.0	0.0	0.0	0.0	0.0	0.0	0.0	0.0	0.0	0.0	0.0	0.0	0.0	1.2604776298526965e-05	0.00036398776068658444	0.002887742360318374	0.0	1.0274293646586607e-05	2.075823709096515e-05	1.301596794161181e-05	3.4714345539612135e-05	4.007595271786899e-05	0.0	0.0	0.00022556153887371146	0.0003614763311232792	0.0001232174503130532	0.0	0.0	3.54140306204999e-05	5.826634156768429e-05	0.0	2.105043190549778e-05	3.603500336796852e-05	0.0	0.0	0.0	0.0	0.0	0.0	0.024134214277673056	0.014010615628484007	0.0005662140861244664	0.02254516149817383	0.003127567613992605	0.0	0.0929122764784633	0.04944057566411678	0.05622075723047903	0.0	0.0	0.0	2.4751973916106267e-05	0.0	0.0	0.0	0.0	0.0	5.1681596956894536e-05	0.0	0.0	0.0	0.0	0.0	0.0	0.0	0.0	0.0	3.0935318866307986e-05	0.0	0.00020467310716475775	0.0	3.890131700208983e-05	0.0	2.219554475732025e-05	0.0	0.0	1.3480651870173668e-05	0.0	0.0	2.1463817195074103e-05	0.0	0.0	0.0	0.0	0.0	0.0	0.0	0.0	0.0	0.0	0.0	0.0	0.0	0.0	0.0	0.0	0.0	0.0	0.0	0.0	0.0	1.0518298023629251e-05	8.706251444228575e-06	0.0	0.0	0.0	9.463808757753177e-06	0.0	0.0	0.0	7.286130433423672e-05	0.0	0.0	0.0	0.0	0.0	0.0	0.012912772671382846	0.00554355064788767	0.00020232336743696168	0.0004283374310651706	0.0021534534297653735	0.005507126621653212	0.019623553526906833	0.0016478087238645746	0.00018863813163240894	0.0	0.0	0.0	0.0	0.0	0.0	0.0	0.0	0.0	0.0	8.632066892663219e-06	0.0	0.0	0.0	0.0	0.0	0.0	0.0	0.0	2.668387954007256e-05	2.5054687949645328e-05	0.0002725788511328084	0.0	0.00190970249097331	0.0	0.0	0.0007670120235619708	5.5402711913761573e-05	0.0005583768648627709	0.0001224681175669726	3.2420059432122395e-05	0.002639008278511747	0.0	2.5427505011662685e-05
2.226521621867827e-05	0.0	0.0	0.0	0.0	0.0	0.0	1.096563019926188e-05	0.0	0.0	0.0	0.0	0.0	0.0	0.0	0.0	0.0	0.0	0.0	0.0005251947093165344	0.0015372728311501597	0.0	0.0	1.1396561906085811e-05	0.0	0.0	4.903979280293034e-05	0.0	0.0	0.00010130939353396781	0.00018610736143450908	3.7597437034215484e-05	0.0	0.0	2.3925534817231675e-05	3.7253505585981064e-05	0.0	3.962566109366313e-05	6.884613790599088e-05	0.0	0.0	0.0	0.0	0.0	0.0	0.03045593246426376	0.08446566368592054	0.0018859444289910027	0.04004665903533618	0.01906865443650267	0.0929122764784633	0.0	0.37073557208542735	0.07719488466611245	0.0	0.0	0.0	5.011385317860908e-05	0.0	0.0	0.0	0.0	0.0	7.443435546987685e-05	0.0	0.0	0.0	0.0	0.0	0.0	0.0	0.0	0.0	0.0002161401100071951	0.000167251016769846	0.0001595145278652242	0.0	0.00017529258322666275	1.0742310742483856e-05	1.1892840220783224e-05	0.0	0.0	0.0	0.0	0.0	0.0	0.0	0.0	0.0	0.0	0.0	0.0	0.0	0.0	0.0	0.0	0.0	0.0	0.0	0.0	0.0	1.8693132407269324e-05	0.0	1.1356258128166778e-05	0.0	0.0	0.0	9.746349323976598e-06	0.0	0.0	0.0	0.0	0.0	0.0	0.0	0.0	4.279047868632825e-05	0.0	0.0	0.0	0.0	0.0	0.0	0.006553600529133757	0.0045214059603542285	6.450025149276673e-05	0.0005506856785688427	0.0016886013984640854	0.003187699543091238	0.02043614867795463	0.002045029385044943	0.0001884339067251454	0.0	0.0	0.0	0.0	7.876250539267372e-06	0.0	0.0	0.0	0.0	0.0	0.0	0.0	0.0	0.0	0.0	0.0	0.0	0.0	0.0	2.721289084352111e-05	5.251706499086782e-05	4.855865239365696e-05	0.0	0.0019420273747045938	0.0	0.0	0.01896231058662352	0.0007425270941977753	0.0011379045634260624	0.0005951993643654658	0.002220719855710426	0.07383900637559461	0.0	0.0
0.00010369909086775818	0.00012228782902502428	0.0	0.0	0.0	0.0	0.0	6.627707484930792e-05	0.0	1.2357214706537418e-05	0.0	0.0	0.0	0.0	0.0	0.0	0.0	0.0	0.0	0.0003693308958738536	0.0002603287706683759	0.0	0.0	0.0	0.0	6.962570055152366e-05	1.7027374226541287e-05	0.0	0.0	0.00013224772969720793	9.453661971989766e-05	0.0	0.0	0.0	7.418440373062195e-05	9.817394821588119e-05	5.5075569344744083e-05	6.95831131407773e-05	4.999326414285061e-05	0.0	0.0	0.0	0.0	0.0	0.0	0.06262365588376978	0.09379729012118765	0.013841192191897458	0.036816037055024724	0.04358764310723327	0.04944057566411678	0.37073557208542735	0.0	0.041464580092341975	0.0	0.0	9.151687662860041e-05	5.127324998389365e-05	9.479120759190064e-05	0.00031056312289640814	0.0	9.681523351331627e-05	0.0	0.0	0.0	0.0	0.0	0.0	0.0	0.0	0.0	0.0	0.0	0.0022912014163014843	0.0005331616311896004	0.00042210718027833416	0.0010473039102219686	0.03800512032493386	0.0	0.0	0.0	0.0	0.0	0.0	0.0	2.1298416800556527e-05	0.0	0.0	0.0	0.0	0.0	0.0	0.0	0.0	0.0	0.0	0.0	0.0	0.0	0.0	1.0499393547293865e-05	1.077007152706974e-05	0.0	0.0	0.0	0.0	0.0	0.0	0.0	0.0	0.0	0.0	1.9691095562633702e-05	0.0	0.0	0.0	1.2655871090915296e-05	0.0	0.0	0.0	0.0	0.0	0.0	0.0013443076652418719	0.0010856724071112136	0.00016574203406882008	4.599885517487497e-05	0.0005793130435051296	0.0008321787386496224	0.002786235475242449	0.0011772319170619565	7.05006523858869e-05	0.0	0.0	0.0	0.0	0.0	0.0	0.0	5.965962387837673e-05	0.0	0.0	6.005510096890613e-05	0.0	0.0	0.0	0.0	0.0	0.0	0.0	0.0	5.0705210321101514e-05	0.0	3.546502899895719e-05	7.1636931885157e-05	0.0017225243325451368	6.27762675616544e-05	0.0	0.0011370164699137663	0.0001683953252540142	0.00032003073036305043	0.00010204567275199383	0.0004297991424748499	0.011407094173110807	0.00018674668129396802	0.0024913461190536803
1.4526001095373534e-05	4.4260308149013955e-05	1.8183472757151435e-05	0.0	0.0	0.0	0.0	0.0	0.0	0.0	0.0	0.0	0.0	0.0	0.0	0.0	0.0	0.0	1.5833207802987886e-05	0.0	0.0007063956557793795	0.0	0.0	0.0	0.0	0.0	1.2673416589935161e-05	0.0	0.0	7.789550816674811e-05	7.491788510818783e-05	0.0	0.0	0.0	2.804522404738895e-05	0.0	0.0	9.472890215488518e-05	2.8804444271669482e-05	0.0	2.8654773121354016e-05	0.0	0.0	0.0	0.0	0.05441901355762488	0.04711098714854681	0.014926944558295605	0.03565769370691782	0.020277959657997596	0.05622075723047903	0.07719488466611245	0.041464580092341975	0.0	0.0	0.0	0.0	4.660961630968913e-05	4.554656548672375e-05	0.0	0.0	0.0	0.0	0.0	0.0	0.0	8.444807164376334e-06	0.0	0.0	0.0	0.0	0.0	0.0	7.190043575022487e-05	0.0	0.0003135320843110357	0.0	0.0017434960833369645	1.2047603863121067e-05	1.418697573889458e-05	0.0	0.0	0.0	0.0	9.862959678174839e-06	0.0	0.0	0.0	0.0	0.0	0.0	0.0	0.0	0.0	0.0	0.0	0.0	0.0	0.0	0.0	0.0	0.0	0.0	0.0	0.0	0.0	0.0	0.0	1.1105176050347182e-05	0.0	0.0	0.0	1.0825634416497674e-05	0.0	0.0	0.0	4.500063124278243e-05	0.0	0.0	0.0	0.0	0.0	0.0	0.00122707392886602	0.0014011441533174223	0.0003644352976270412	0.0004078369433049228	0.001513082506030551	0.0008201257199964796	0.004289843185918233	0.0015562059304863253	0.00010464652026799083	0.0	0.0	0.0	0.0	0.0	0.0	0.0	0.0	0.0	0.0	0.0	0.0	0.0	0.0	0.0	0.0	0.0	0.0	0.0	0.0	7.956113963202364e-05	0.0	0.0	0.0009874277461635187	0.0	0.0	0.0020638772296737926	0.00020314060405566148	0.0005484360018099697	0.0001790584122101295	7.205552444524518e-05	0.001556846803987418	0.0	6.749930874557124e-05
0.0	0.0007241145878515253	0.0005617341365990436	0.0	0.0	2.945628692344766e-05	0.0	0.0	0.0	7.32929265484536e-05	7.233620651816636e-05	0.0	2.508501518125651e-05	0.00015537769256519058	0.0	0.00018208109363075816	0.0	0.0	0.0	0.0	0.0	0.0	0.0	0.0	0.0	0.0	0.0	0.0	0.0	0.0	0.0	0.0	0.0	0.0	0.0	0.0	0.00011700528402502264	0.0027221732643770216	0.003149958710994517	0.0	0.0	0.0	0.0	0.0	0.0	0.0	0.0	0.0	0.0	0.0	0.0	0.0	0.0	0.0	0.0	0.0	1.298198524466679e-05	0.0	0.0	0.0	0.0	0.0	0.0	0.0	0.0	0.0	0.0	0.0	0.0	0.0	0.0	0.0	0.0	0.0	0.0	0.0	0.0	0.0	0.0	0.0	0.0	0.0	0.0	0.0	0.0	0.0	0.0	0.0	0.0	0.0	0.0	0.0	0.0	0.0	0.0	0.0	0.0	0.0	0.0	0.0	0.0	0.0	0.0	0.0	0.0	0.0	0.0	0.0	0.0	0.0	0.0	0.0	0.0	0.0	0.0	0.0	0.0	0.0	0.0	0.0	0.0	0.0	0.0	0.0	0.0	0.0	0.0	0.0	0.0	0.0	0.0	0.0	0.0	0.0	0.0	0.0	0.0	0.0	0.0	0.0	0.0	0.0	0.0	0.0	0.0	0.0	0.0	0.0	0.0	0.0	0.0	0.0	0.0	0.0	0.0	0.0	0.0	0.0	0.0	0.0	0.0	0.0	0.0	0.0	0.0	0.0
0.0	0.0	0.0	0.0	0.0	0.0	0.0	0.0	0.0	0.0	0.0	0.0	0.0	0.0	0.0	0.0	0.0	0.0	0.0	0.0	0.0	0.0	0.0	0.0	0.0	0.0	0.0	0.0	0.0	0.0	2.4834634629564774e-05	0.0	0.0	0.0	0.0	0.0	0.0	0.0	0.0	0.0	0.0	0.0	0.0	0.0	0.0	0.0	0.0	0.0	0.0	0.0	0.0	0.0	0.0	0.0	0.0	0.0	0.0	0.0	0.0	0.0	0.0	0.0	0.0	0.0	0.0	0.0	0.0	0.0	0.0	0.0	0.0	0.0	0.0	0.0	0.0	0.0	0.0	0.0	0.0	0.0	0.0	0.0	0.0	0.0	0.0	0.0	0.0	0.0	0.0	0.0	0.0	0.0	0.0	0.0	0.0	0.0	0.0	0.0	0.0	0.0	0.0	0.0	0.0	0.0	0.0	0.0	0.0	0.0	0.0	0.0	0.0	0.0	0.0	0.0	0.0	0.0	0.0	0.0	0.0	0.0	0.0	0.0	0.0	0.0	0.0	0.0	0.0	0.0	0.0	0.0	0.0	0.0	0.0	0.0	0.0	0.0	1.5858646389174092e-05	0.0	0.0	0.0	0.0	0.0	0.0	0.0	1.9680823346936912e-05	0.0	0.0	0.0	0.0	0.0	0.0	0.0	0.0	0.0	0.0	0.0	0.0	0.0	0.0	0.0	0.0	0.0	0.0	0.0	0.0	0.0
0.0003077528184104811	0.0587994794507453	0.023386790964506434	3.069556772097246e-05	0.016323789777866055	0.0103657592860976	0.0	0.0031825647400446936	0.0	0.006596228769802502	0.00011800711291991365	0.0	0.00020552920594354892	0.0008405144750292181	2.7587909816081217e-05	0.002442232943312147	0.0011027998874633908	0.0	1.3971832183481255e-05	0.00029721740370026865	0.0	0.0013553129105481159	0.0	0.0	0.0	0.0	0.0	0.0	0.0	9.06823653881155e-05	2.1608835684539137e-05	0.0	0.0	0.0	0.0	0.0001736665760506484	0.009772735726136933	0.08571523329886649	0.042646662634683925	0.0	0.0	0.0	0.0	0.0	0.0	0.0	0.0	0.00023356963867767188	0.0	0.0	0.0	0.0	9.151687662860041e-05	0.0	1.298198524466679e-05	0.0	0.0	0.003563316142454008	0.00018177712897079766	0.001467348775393015	0.0007912581659201403	0.00017715268342759414	0.00018977089799167236	0.0	0.00016217911876315315	0.0	0.0	0.0	0.0	2.7716920838285686e-05	0.00014349210818139993	0.0005874286163772966	0.0	0.0005252676074307887	0.0003302137842927581	2.654222451946399e-05	0.004078681625949547	0.0002386916902931399	2.6724602948149227e-05	0.0008840755608842144	0.00033344154916375133	1.4762542115914625e-05	7.626590980135422e-05	0.0	0.0	9.309677315335451e-05	0.0	0.0025715886517482687	5.677720452660791e-05	1.0621681304696974e-05	0.0	0.0	0.0	0.0	1.2956831309134624e-05	2.2409227412119353e-05	0.0	0.0	0.0	0.0	0.0	0.0	0.0	0.0	0.0	0.0	0.0	0.0	0.0	0.0	0.0	0.0	0.0	0.0	0.00030312610484432606	0.00013183878495783358	4.637213502376201e-05	0.0	0.0	0.0	0.0	0.0	0.0	0.0	0.0	0.0	0.0	0.0	0.0	0.0	0.0	0.0	0.0	0.0	7.580272625720687e-05	0.00022416195476483136	0.0	1.3829386568636913e-05	2.7680514019642286e-05	4.1854211264643023e-05	0.0	0.0	0.0	0.0	0.0	0.0	0.0	0.0	7.945680690329087e-05	0.00018348884904986326	0.0	0.0	0.0	4.205108024807139e-05	0.0001193474952021347	0.0	0.0	0.0	0.0	0.0	0.0	0.0	0.0	0.0	0.0034826847778843028	0.0
0.026190868357431608	0.10231250243581906	0.03161447979578395	0.0003620393104320267	0.017917469079021718	0.0026797370123103352	3.396927979865736e-05	0.05594449630927678	0.0	0.015906348851884394	2.0334462052518932e-05	0.0	4.3595647035527796e-05	7.072642810234025e-05	0.0	0.000293735171245128	0.0030913016101913396	0.0009062573074306403	0.0	0.0	0.0007286265963864087	8.196413106958263e-05	2.7346570136450812e-05	0.0	0.0	0.0	3.3125015141248375e-05	0.0	0.0	0.004184172413629625	0.0005199083646894162	7.213938344613386e-05	0.0	0.00013014927313914545	0.0003448260391274264	0.015415387753554943	0.1004710462981134	0.01802634014004737	0.0022961104794424554	0.0	0.0	0.0	1.7893024412115012e-05	0.0	1.6033142749427886e-05	0.0001301073863362992	0.0001233156382605719	0.0026547858876144253	0.0005444503086613737	6.794089189622136e-05	2.4751973916106267e-05	5.011385317860908e-05	5.127324998389365e-05	4.660961630968913e-05	0.0	0.0	0.003563316142454008	0.0	0.0051945455919062055	0.012038750287517217	0.001046870572758004	0.0019591901641339395	0.001484030353250425	0.0	0.0009642743721565887	0.0	0.0001066936763506115	0.0	0.00037995348530596077	0.0	0.0	0.005686345242597207	0.0	0.0029685554458655505	0.0038473808669311636	0.02345628934541143	0.017241455328898325	0.00022243871459833102	0.00026966283841273116	0.002121493138987767	0.0012827830819004326	0.00015159246050762984	0.0003324712577248652	0.0	0.0	0.003209701860557057	0.0	0.004313009098327349	0.0	0.0	0.0	0.0	0.0	0.0	0.0	0.00016994664009842557	0.0	0.0	0.0	0.0	0.0	0.0	0.0	0.0	0.0	0.0	0.0	0.0	0.0	0.0	0.0	0.0	9.832993769248704e-05	0.0001121963591476621	0.0008357060386491098	0.00034215180132700997	1.549481143263141e-05	0.0	1.9730571098972562e-05	0.0	0.0	0.0	0.0	0.0	0.0	3.877589808749285e-05	0.0	0.0	0.0	2.027248350464162e-05	0.0	0.0	0.0	0.0	0.00021881950090267365	0.0009174763749623272	4.606069139742517e-05	7.49728392125074e-05	9.946975971505719e-05	8.354938637245494e-05	3.0952971797994e-05	0.0	0.0	0.0	0.0	0.0	0.0	1.2481549193965574e-05	5.821866166491554e-05	0.0005732343278712795	0.0	0.0	4.8647991378748696e-05	0.0004897235355363634	0.00021194911670644395	0.0	0.0	0.0	0.0	0.0	0.0	0.0	0.0	0.0	0.0002654892133930131	9.800762959344759e-05
0.02738195997727514	0.0015728626344677175	0.0007198784388565466	0.0001195938034130186	0.0003312303231988648	2.272891947982588e-05	0.0	0.001604191311154525	0.0	4.314271091492381e-05	0.0	0.0	0.0	0.0	0.0	0.0	8.934173242967343e-05	0.0012587700895471078	0.0023270740540181963	0.0009755104379234561	0.0014671266973803792	1.1795830359680774e-05	0.0033622770701017077	0.0026717409128270003	0.001402249652898719	0.01040483784312495	0.010642893120668217	0.0015089609133139225	0.00018314082505980705	0.05157442203729325	0.027065566634174653	0.0019559284716596757	0.00011034978811684575	0.00032319442220828993	0.014175291374976447	0.07166408288192969	0.04544383295928953	0.0030892288603420097	0.0009888118388492273	0.0003727565324331598	0.00014673217547001306	4.008781071317684e-05	0.00030851877842766535	0.0	0.00013681561423723877	0.0	0.0	0.0053379688991063105	0.000918201515157504	9.108978311446545e-05	0.0	0.0	9.479120759190064e-05	4.554656548672375e-05	0.0	0.0	0.00018177712897079766	0.0051945455919062055	0.0	0.027191031335288388	0.0	0.00021848882866554748	0.0002443785953205293	0.0008682707052045901	0.0018927731743059247	0.0	0.0010523079383304753	0.0	0.0016245347057282106	0.0	0.0	0.0003969592022088727	0.0	0.0016525195673088543	0.006023439180113008	0.00462546197743169	0.006872771236211908	0.000137140538367611	0.0001447375319236829	2.0378557193503336e-05	4.968365789057378e-05	0.0	0.0	0.0	0.0	0.0002842810415278392	0.0	1.314666758495377e-05	0.0	0.0	0.0	0.0	0.0	0.0	0.0	0.0003442392198672953	0.000556783064530912	0.0007344162153067159	2.182079115262801e-05	3.183103183385297e-05	0.00018168221634225543	0.00010866757529186227	2.1000331094828545e-05	0.00018194599200278656	2.6111125695159316e-05	0.0	1.0824617019966572e-05	0.0010814936620526358	0.0009966790659627642	0.0	0.0	1.505453675676162e-05	0.00383401066777877	0.0008894153298479438	0.0001414202591136607	7.752158739477574e-05	0.00011066350527550258	0.0	1.3195873582518976e-05	0.0	2.734056033474034e-05	0.0	0.0	7.682984682181586e-06	0.0	5.33310924030015e-05	0.0	8.56659999693281e-06	0.0	8.574991681857547e-06	0.0	0.0	0.0	0.0	0.0	0.0	0.0006485350846371653	1.5808022647706513e-05	0.0	0.0	0.0	0.0001771976288476287	7.727759495469594e-05	0.00015898190425315384	0.0005550419097377683	0.0	0.0003670846955258713	0.0	0.0	0.0	0.0	0.0	0.0	5.460302171230901e-05	0.0	0.0	0.0	0.0	0.0	0.0	0.0	0.0	0.0	0.0	0.00010463148704054934	0.0001447364833074028
0.0068271713125009825	0.023769524048756766	0.003544093535956428	0.00019266131235390623	0.002236908959471393	0.0016813553764096815	0.0	0.019041779012782846	0.0	0.0019464959928384186	2.308266862093868e-05	0.0	5.0322884090785495e-05	0.0003200803458902653	0.0	0.0005936652332382751	0.0003181070079862714	9.65988990162957e-05	0.0	0.0	0.0	0.0	0.0	0.0	0.0	0.0	0.0	0.0	0.0	0.006212145137568665	0.00023260241044711268	0.0	0.0	0.0	0.0008773184676482664	0.0162641741086398	0.021322127203755405	0.016922533981302442	0.011474434141766104	0.0	0.0	0.0	0.0	0.0	0.0	0.0	0.0	0.021246749004565368	0.0029171739184458098	0.0	0.0	0.0	0.00031056312289640814	0.0	0.0	0.0	0.001467348775393015	0.012038750287517217	0.027191031335288388	0.0	0.0001367629667214443	0.0002078241403199463	1.4533437823265584e-05	0.0	0.0003203444208930961	0.0	0.0	0.0	0.0	0.0	0.0	0.00043052252426356796	0.0	0.005874766474104203	0.04832118483707371	1.1264016624632378e-05	0.013147104374954881	0.0019855835053426327	1.597084098532399e-05	0.0005221920544467545	0.00015576342633930284	0.0	1.8459086211976103e-05	0.0	0.0	0.000908244906332398	0.0	0.0003506025714634736	0.0	0.0	0.0	0.0	0.0	0.0	0.0	6.894800060162959e-05	0.0	0.0	0.0	0.0	0.0	0.0	0.0	0.0	0.0	0.0	0.0	1.3933952527260597e-05	0.0	0.0	0.0	0.0	0.0	0.00027146853452786465	1.6451213756059733e-05	6.667162361141451e-05	0.0	0.0	0.0	0.0	0.0	0.0	0.0	0.0	0.0	0.0	0.0	0.0	0.0	0.0	0.0	0.0	0.0	0.0	0.0	5.695335920647813e-05	0.0	0.0	0.0	3.85345620807742e-05	0.0	0.0	1.465953163538092e-05	0.0	0.0	0.0	0.0	0.0	1.739105859370577e-05	5.031073960836792e-05	0.0	1.1898867468823982e-05	0.0	6.983420715555994e-05	1.4266839530120686e-05	0.0	0.0	0.0	0.0	0.0	0.0	0.0	0.0	0.0	0.00515400840045092	0.0004766989334976571
0.0	0.006293629270504497	0.0010471277592150093	0.0	0.0010974744364275562	0.0002654062441549741	0.0	0.0006341011257898681	0.0	0.0010590913709341942	0.0	0.0	0.0	2.304964914507762e-05	0.0	0.00025218600080356316	0.00026812205564251716	0.0	1.4090484676564835e-05	0.00019482241501154085	0.0	0.0	0.0	0.0	0.0	0.0	0.0	0.0	0.0	2.219582022569508e-05	0.0	0.0	0.0	0.0	1.2903787118880437e-05	0.0	0.0008204568274736396	0.001789931012294993	0.0011247323645139033	0.0	0.0	0.0	0.0	0.0	0.0	0.0	0.0	0.00022194391830348948	0.0	0.0	0.0	0.0	0.0	0.0	0.0	0.0	0.0007912581659201403	0.001046870572758004	0.0	0.0001367629667214443	0.0	0.0003644107809416831	0.0	0.0	0.0	0.0	0.0	0.0	0.0	0.0	0.0	8.014488282863613e-05	0.0	0.0	0.0	0.0	0.0005378509881006446	0.0004522929607155067	0.0	2.851720788788358e-05	1.6862570680169437e-05	0.0	0.0	0.0	0.0	3.373277183432117e-05	0.0	9.61678369211077e-05	0.0	0.0	0.0	0.0	0.0	0.0	0.0	1.7630168815955988e-05	0.0	0.0	0.0	0.0	0.0	0.0	0.0	0.0	0.0	0.0	0.0	0.0	0.0	0.0	0.0	0.0	0.0	0.0	0.0	1.634298590450682e-05	0.0	0.0	0.0	0.0	0.0	0.0	0.0	0.0	0.0	0.0	0.0	0.0	0.0	0.0	0.0	0.0	0.0	0.0	0.0	1.5183085910324346e-05	0.0	0.0	0.0	0.0	0.0	0.0	0.0	0.0	0.0	0.0	0.0	0.0	0.0	0.0	0.0	0.0	0.0	1.3699921941841978e-05	0.0	0.0	0.0	0.0	0.0	0.0	0.0	0.0	0.0	0.0	0.0017859829958742485	0.0
0.0003740558084062646	0.006911038755577226	0.0019253172413363372	2.1664559263852224e-05	0.0006241973453714565	0.0006840085062392742	0.0	0.003973313908357062	0.0	0.0009148971159028644	2.2538161303178937e-05	0.0	0.0	0.0005232766781163796	2.9199443883682733e-05	0.0004315220777896829	0.00017069497748544525	5.782800710740114e-05	0.0	0.0	0.0	0.00011392945924552495	0.0	0.0	0.0	0.0	0.0	0.0	0.0	0.00010086122301624806	2.0646294089264204e-05	0.0	0.0	0.0	0.0	0.0002708186871853484	0.0022708512856077943	0.009481438826482351	0.005166355627592415	0.0	0.0	0.0	0.0	0.0	0.0	0.0	0.0	0.0010348511548189943	9.774558938367796e-05	0.0	0.0	0.0	9.681523351331627e-05	0.0	0.0	0.0	0.00017715268342759414	0.0019591901641339395	0.00021848882866554748	0.0002078241403199463	0.0003644107809416831	0.0	0.0	0.0	0.0	0.0	0.0	0.0	0.0	0.0	0.0	0.0001428168782646001	0.0	0.0	0.0010914187325035078	0.00018801430595080535	0.0017066001577389623	8.053502317851771e-05	0.0	0.00011146281716705368	9.881665082698296e-05	3.4097376265857565e-05	1.4371691975854099e-05	0.0	0.0	0.00010792775630521984	0.0	0.00015818784737996636	0.0	0.0	0.0	0.0	0.0	0.0	0.0	0.0	0.0	0.0	0.0	0.0	0.0	0.0	0.0	0.0	0.0	0.0	0.0	0.0	0.0	0.0	0.0	0.0	0.0	0.0	1.4829493786185328e-05	1.6676186941314477e-05	1.0547824560497707e-05	0.0	0.0	0.0	0.0	0.0	0.0	0.0	0.0	0.0	0.0	0.0	0.0	0.0	0.0	0.0	0.0	0.0	0.0	6.722494408071251e-05	0.0	0.0	0.0	1.2477812006347152e-05	0.0	0.0	0.0	0.0	0.0	0.0	0.0	0.0	1.185307360619493e-05	0.0	0.0	0.0	0.0	0.0	3.9088516127334186e-05	0.0	0.0	0.0	0.0	0.0	0.0	0.0	0.0	0.0	0.006020516159477462	0.0
0.00013344983511932358	0.009156468718601918	0.0024900249727280695	0.0	0.0019006793388742407	0.0010741925600966863	0.0	0.0017934310400071465	0.0	0.001408352171754839	4.54641453489793e-05	0.0	0.0	0.00021555710690228302	0.0	0.0002911043546064091	0.00010088899941070835	0.0	0.0	0.0	0.0	0.0	0.0	0.0	0.0	0.0	0.0	0.0	0.0	0.0	0.0	0.0	0.0	0.0	0.0	7.253847927288064e-05	0.0017586068330885175	0.004932782635546406	0.0005798217022868208	0.0	0.0	0.0	0.0	0.0	0.0	0.0	0.0	0.0	0.0	0.0	0.0	0.0	0.0	0.0	0.0	0.0	0.00018977089799167236	0.001484030353250425	0.0002443785953205293	1.4533437823265584e-05	0.0	0.0	0.0	0.0	0.0	0.0	0.0	0.0	0.0	0.0	0.0	8.791287062369001e-05	0.0	0.0	0.0	0.0	0.0	0.0	0.0	0.00014860336143657476	6.984082115123907e-05	0.0	0.0	0.0	0.0	0.0001928358022865646	0.0	0.000259864403528444	0.0	0.0	0.0	0.0	0.0	0.0	0.0	2.6110444370045574e-05	0.0	0.0	0.0	0.0	0.0	0.0	0.0	0.0	0.0	0.0	0.0	0.0	0.0	0.0	0.0	0.0	0.0	0.0	1.4739151177981211e-05	1.7524484455730635e-05	0.0	0.0	0.0	0.0	0.0	0.0	0.0	0.0	0.0	0.0	0.0	0.0	0.0	0.0	0.0	0.0	0.0	0.0	0.0	0.0	0.0	0.0	0.0	0.0	0.0	0.0	0.0	0.0	0.0	0.0	0.0	0.0	0.0	1.837566336934741e-05	0.0	0.0	0.0	0.0	0.0	0.0	0.0	0.0	0.0	0.0	0.0	0.0	0.0	0.0	0.0	0.0
0.0007734609567546085	1.902822223890011e-05	0.0	0.0	0.0	2.6736954950075758e-05	0.0	0.0	0.0	0.0	0.0	0.0	0.0	6.761407621634223e-05	0.0	0.0	0.002454103348470257	0.0	0.0022024488593047646	0.053305834852794796	0.0027455924727114688	0.0026164940241905953	0.019801850873254517	0.003071212022995919	0.016185886147107045	0.012760756199852194	0.016522127283200485	0.0028272534673626838	0.0011464844584449933	0.006881912681776945	0.0060583459338848285	0.00048127817835346554	5.3143369887844925e-05	0.00042319702682834537	0.002557064082170217	0.0011452247268753225	0.0	0.027099397666496328	0.0012436799136102408	0.0	0.008938624024064777	0.00013406029140246956	0.0020129345858146057	0.00046608873279659443	0.00834840076266045	9.566310723667094e-05	2.3737579990412325e-05	5.253779857721214e-05	0.0	2.1092084560225572e-05	5.1681596956894536e-05	7.443435546987685e-05	0.0	0.0	0.0	0.0	0.0	0.0	0.0008682707052045901	0.0	0.0	0.0	0.0	0.0	0.002814183429570221	0.00506916314932208	0.018885387025460585	0.0	0.005083308303452311	0.0	0.0	0.0	0.0	0.0	0.0	0.00039635404226434786	0.0	0.0	0.0	0.0	0.0	0.0	0.0	0.0	0.0	0.0	0.0	0.0	0.0	0.0	0.0	0.0	0.0	0.0	0.0	0.0	0.0004717333736294645	0.003459981464108152	0.0	0.00018221920153692697	0.0006967691756004755	0.0002682381444432583	0.0	0.0002764647255611081	7.294797403077652e-05	7.748680216663213e-06	1.9627409110832526e-05	3.712832173773048e-05	0.0012603120687682977	0.0	0.0	0.0	0.004835278060789672	0.0	0.0	0.00032703554496264434	0.00023687565401344252	0.0	1.0387253126590713e-05	0.0	3.843169025265566e-05	8.385160915405853e-06	1.7247134631916726e-05	7.6171615140199e-06	0.0	0.00011606315647277722	0.0	0.0	0.0	0.0	0.0	0.0	0.0	0.0	0.0	0.0	0.00041905507424413535	0.0	0.0	0.0	0.0	0.0009575450690885192	0.00011078835213410787	0.0007819035711907215	0.0009565957325289057	0.0	0.0001160253796580832	0.0	0.0	0.0	0.0	0.0	0.0	8.822795869662559e-05	0.0	0.0	0.0	0.0	0.0	0.0	0.0	0.0	0.0	0.0	0.0	2.6394997691861013e-05
0.0012610516471792254	0.0005916147274602174	1.4296333929011994e-05	0.0	3.813905009758383e-05	2.1578183400245683e-05	0.0	0.00014753764040682948	0.0	0.00013985691732000487	0.0	0.0	0.0	0.0	0.0	0.0	0.00019027478106997052	0.00013802580281969943	0.002026233736163761	0.005002810361989942	0.0005697886904715043	5.0885987360301095e-05	0.0027868585342037304	0.0025215583077257283	0.002131278561664268	0.007006247469465589	0.00890339133243898	0.0006808641945124309	0.00041960824320582703	0.021543789856911324	0.02830738707932465	0.0030243243929836453	0.0001633146306238854	0.0003914934046272112	0.009072413369364924	0.005893486867780077	0.0005119859034120463	0.023054126246260197	0.0004510296958048161	0.0	0.00068540821614538	0.0	0.00031616522865752307	0.0	0.0012305202301445774	2.4900556048113592e-05	0.0	0.008908606937705659	0.0018776047616776983	0.0	0.0	0.0	0.0	0.0	0.0	0.0	0.00016217911876315315	0.0009642743721565887	0.0018927731743059247	0.0003203444208930961	0.0	0.0	0.0	0.002814183429570221	0.0	0.0	0.00012671069232090645	0.0	0.00012890694657962333	0.0	0.0	0.0	0.0	7.222771972634135e-05	0.003911294870301551	0.0006236378195179021	0.0016482869847111038	0.00020872815039494065	0.0	1.7542044646397164e-05	0.0	0.0	0.0	0.0	0.0	0.0	0.0	1.4323439098865896e-05	0.0	0.0	0.0	0.0	0.0	0.0	0.0	0.00011728212974171072	0.00022250618139446266	0.00046094164661522364	1.0012638174313831e-05	0.0	0.00012651935106953272	2.7084157126147156e-05	0.0	4.996708821964784e-05	0.0	0.0	0.0	9.634192650639463e-05	0.0005554222278036317	0.0	0.0	0.0	0.0026969811186265662	7.379056567692262e-05	3.577353888710216e-05	6.38697704952274e-05	8.832995453531222e-05	0.0	0.0	0.0	2.8986888812764704e-05	0.0	0.0	0.0	0.0	2.0978969899703562e-05	0.0	8.261728127791184e-06	0.0	0.0	0.0	0.0	0.0	0.0	0.0	0.0	0.00028462531731154064	0.0	0.0	0.0	0.0	0.00012822028380704074	0.0001268343170181555	8.47279961786548e-05	0.00020857959121863185	0.0	0.0001105832741931101	0.0	0.0	0.0	0.0	0.0	0.0	0.0	0.0	3.825839309806037e-05	0.0	0.0	0.0	0.0	0.0	0.0	0.0	0.0	0.0	0.0
0.0	0.0	1.6930422213797746e-05	0.0	0.0	0.0	0.0	0.0	0.0	0.0	0.0	0.0	0.0	0.0	0.0	0.0	0.0009705973777363639	0.0	0.0012858689015907954	0.01106329131718668	0.00028067112580806115	0.0009447322416270026	0.004957353397183263	0.0014180866584923687	0.003402886044942565	0.005142503316860344	0.006676447626908526	0.0007187423191289352	0.00020674913784242665	8.911419004270956e-05	0.0015277227557979227	0.00010671113002683983	0.0	0.00011113554880081181	0.0008232656205564146	4.463372205917684e-05	0.0	0.0002895708350190099	2.770640529219102e-05	0.0	0.0006831415338055018	4.74708039075909e-05	0.0010384658820530533	6.099309098616187e-05	0.003210528242725792	0.0	0.0	0.0002378752865071588	0.0	0.0	0.0	0.0	0.0	0.0	0.0	0.0	0.0	0.0	0.0	0.0	0.0	0.0	0.0	0.00506916314932208	0.0	0.0	0.0	0.0	0.0	0.0	0.0	0.0	0.0	0.0	0.0	0.0	0.0	0.0	0.0	0.0	0.0	0.0	0.0	0.0	0.0	0.0	0.0	0.0	0.0	0.0	0.0	0.0	0.0	0.0	1.2676132708110716e-05	0.0	0.00024630601815581036	0.0015574018534798828	0.0	7.284801757629161e-05	0.00030911224198499704	9.617450509223395e-05	0.0	0.0001246660632015106	7.30243357007308e-05	0.0	0.0	1.4616330848386673e-05	0.0007221982966932704	0.0	0.0	1.5385631378729636e-05	0.0026624768572065666	0.0	0.0	8.298731886402867e-05	2.3339828449334603e-05	0.0	0.0	0.0	1.4430929613402042e-05	0.0	0.0	9.344617264882776e-06	0.0	1.91859058460111e-05	0.0	0.0	0.0	0.0	0.0	0.0	0.0	0.0	0.0	0.0	0.00022970687420956331	0.0	0.0	0.0	0.0	0.0003937967407890407	5.6805477682370915e-05	0.00042044709399144273	0.000935628825389334	0.0	0.00011134618844829702	0.0	0.0	0.0	0.0	0.0	0.0	1.1745792447623631e-05	0.0	0.0	0.0	0.0	0.0	0.0	0.0	0.0	0.0	0.0	0.0	0.0
0.00011227938347937521	6.105267571386207e-05	2.3648405368117503e-05	0.0	0.0	0.0	0.00010964093820312776	2.704124098980695e-05	0.0	0.0	0.0	0.0	0.0	1.989393670042813e-05	0.0	0.0	0.0010813074206391074	0.0002446658528235573	0.015303111258820593	0.06820663616027328	0.0017670796507954743	0.0020008496743512683	0.007419330135912843	0.006150087192359909	0.004305234462562173	0.01973174263475091	0.023432189240775815	0.0019593030327093803	0.0007756003212845592	0.0036036114368653326	0.033549237788256775	0.0025794930276086176	0.0	0.0014771952593076927	0.022042723944763757	0.00043816567346406725	0.000617733790317482	0.0026286801454895405	0.00018668781553872617	0.00043722027518398524	0.0019097150706957598	7.720639556208559e-05	0.002307496505601421	0.0005997799718715029	0.007809231304409446	0.0	0.0	0.00027216692674384574	0.0008739657604229641	0.0	0.0	0.0	0.0	8.444807164376334e-06	0.0	0.0	0.0	0.0001066936763506115	0.0010523079383304753	0.0	0.0	0.0	0.0	0.018885387025460585	0.00012671069232090645	0.0	0.0	0.0	0.0003323327053963853	0.0	0.0	0.0	0.0	0.0	0.0006572596969668025	0.0	0.0	0.0	1.870933821175964e-05	0.0	0.0	0.0	0.0	0.0	0.0	0.0	0.0	0.0	0.0	0.0	0.0	0.0	0.0	0.0	0.0	0.0003278209080539223	0.002618491177253811	0.009143185986167908	4.134242683512747e-05	0.00024513781921772283	0.0012072825857706514	0.0008000124158922251	6.65753703701148e-05	0.0006096946874661655	0.00016155159905064311	0.0	1.1948011026890968e-05	0.0024154215320150484	0.007803212441166738	1.43154073592842e-05	0.0	1.9913362730219844e-05	0.022724129450242558	0.0003389747382468565	9.097147128393875e-05	0.0006129891459853849	0.00036507426396875355	0.0001597591676559849	7.719104279132945e-05	1.9931644648028338e-05	0.00010595954762236491	9.953605301591032e-06	3.726339306418099e-05	3.765550209471462e-05	8.016109506072103e-06	0.00013054110486484838	0.0	8.294779098869874e-05	2.7953160680070386e-05	1.8984686298716635e-05	0.0	0.0	0.0	0.0	0.0	0.0	0.002287404654974193	0.0	0.0	0.0	0.0	0.0011818531230970717	0.000731857462113074	0.001725010847830395	0.005245908275452668	0.0	0.0012153786958839093	0.0	0.0	0.0	2.346657971263781e-05	0.0	0.0	4.9166950841200396e-05	0.0	0.0	0.0	0.0	0.0	0.0	0.0	0.0	0.0	0.0	0.0	0.0
0.0	0.0	0.0	0.0	0.0	0.0	0.0	0.0	0.0	0.0	0.0	0.0	0.0	0.0	0.0	0.0	0.0	0.0	0.0	0.0	0.0	0.0	0.0	0.0	0.0	0.0	0.0	0.0	0.0	5.8659442284367064e-05	0.0001237618456070071	0.0	0.0	0.0	0.0	0.0002612725124652979	0.0	0.0	0.0	0.0	0.0	0.0	0.0	0.0	0.0	0.0	0.0	0.0	0.00012816783921961572	0.0	0.0	0.0	0.0	0.0	0.0	0.0	0.0	0.0	0.0	0.0	0.0	0.0	0.0	0.0	0.0	0.0	0.0	0.0	0.0	0.0	0.0	0.0	0.0	0.0	0.0	0.0	0.0	0.0	0.0	0.0	0.0	0.0	0.0	0.0	0.0	0.0	0.0	0.0	0.0	0.0	0.0	0.0	0.0	0.0	0.0	0.0	0.0	0.0	0.0	0.0	0.0	0.0	0.0	0.0	0.0	0.0	0.0	1.660530525556305e-05	0.0	0.0	0.0	0.0	0.0	0.0	0.0	0.0	0.0	0.0	0.0	0.0	0.0	0.0	0.0	0.0	0.0	0.0	0.0	0.0	0.0	0.0	0.0	0.0	0.0	0.0	0.0	0.0	0.0	0.0	0.0	0.0	0.0	0.0	0.0	0.0	0.0	0.0	0.0	0.0	0.0	0.0	0.0	0.0	0.0	0.0	0.0	0.0	0.0	0.0	0.0	0.0	0.0	0.0	0.0	0.0	0.0	0.0
0.00026468839009831147	0.0	2.5195369648662782e-05	0.0	0.0	0.0	0.0	2.7950347229735445e-05	0.0	0.0	0.0	0.0	0.0	0.0	0.0	0.0	0.0	0.00014899435757487396	0.0028748715513550872	0.0022205010934187824	0.0003877268722811613	4.2594201959905904e-05	0.0005029047927669138	0.0009657382459930111	0.00013934779116030633	0.0037749415434180267	0.0028060042042207024	8.679306046032221e-05	3.3407838521669757e-05	0.007091062100448108	0.016566581306220043	0.0007303281663740892	4.856868495186764e-05	0.0003057507858841114	0.00786891508640519	0.0008023250564575293	0.00031685401253659333	0.0005173296813588565	0.0	0.0003122368797605128	0.0	0.0	2.8832962594286047e-05	0.0	0.00032348335915017537	0.0	0.0	3.626216101743552e-05	0.0	0.0	0.0	0.0	0.0	0.0	0.0	0.0	0.0	0.00037995348530596077	0.0016245347057282106	0.0	0.0	0.0	0.0	0.005083308303452311	0.00012890694657962333	0.0	0.0003323327053963853	0.0	0.0	0.0	0.0	0.0	0.0	0.0	0.0	0.0	0.0	0.0	1.806802396126691e-05	0.0	3.692300964861426e-05	0.0	0.0	0.0	0.0	1.7194071158876367e-05	0.0	0.0	0.0	0.0	0.0	0.0	0.0	0.0	0.0	0.00019611635240754038	0.00040318897000782755	0.0005247475295667355	1.2438930563470194e-05	0.0	7.310206920319159e-05	4.4251963293713026e-05	6.6908302366143025e-06	4.873697179583921e-05	0.0	0.0	0.0	0.0014378825780356692	0.0013000444426374523	0.0	0.0	0.0	0.004126585299024873	0.00018581775785915538	0.00014371170055106668	9.366200212049573e-05	9.354895173592802e-05	0.0	0.0	0.0	1.4038110792689291e-05	0.0	0.0	0.0	0.0	3.3983364496661576e-05	0.0	0.0	0.0	8.33568863174503e-06	0.0	0.0	0.0	0.0	0.0	0.0	0.0004205299108036471	0.0	0.0	0.0	0.0	0.00010935023459073082	0.00020869692054528922	0.00014299386485896226	0.0006467149677526106	0.0	0.000437305631814606	0.0	0.0	0.0	0.0	0.0	0.0	1.2648318666305825e-05	0.0	0.0	0.0	0.0	0.0	0.0	0.0	0.0	0.0	0.0	0.0	0.0
0.0	0.005665085810081069	1.291024409758598e-05	0.0	0.0	0.0	0.0	0.0	0.007626590363086253	0.019914311430447536	0.020840740798468538	0.017751291547816874	0.0005942724206300399	0.001061254923423909	0.00023828140402278028	0.0	0.0	0.008024977260033426	0.001349887692212746	0.0	0.0	0.0	0.0	5.834434778383608e-05	0.0	0.0	0.0	0.0	0.0	0.0	0.0	0.0	0.0	0.0	0.001554298832625967	0.0	0.0026638573274831317	4.0855394157316914e-05	0.0	0.0	0.0	0.0	0.0	0.0	0.0	0.0	0.0	0.0	0.0	0.0	0.0	0.0	0.0	0.0	0.0	0.0	2.7716920838285686e-05	0.0	0.0	0.0	0.0	0.0	0.0	0.0	0.0	0.0	0.0	0.0	0.0	0.0	0.020272947914938142	0.02891194343223972	0.006667266613066117	0.0	0.0	0.0	0.0	0.0	0.0	0.0004217193804914108	0.0	0.0	0.0	0.0	0.0	0.0	0.0014342293733790186	0.005417953451994983	0.0072874152069050775	0.0009219604647774225	0.0	0.0	0.0	0.0	0.0	1.7123969966853553e-05	0.0	0.0	0.0	0.0	0.0	0.0	0.0	0.0	0.0	0.0	0.0	0.0	0.0	0.0	0.0	0.0	2.526146736697136e-05	0.0	0.0	0.0	0.0	0.0	0.0	0.0	0.0	0.0	0.0	0.0	0.0	0.0	0.0	0.0	0.0	0.0	0.0	0.0	0.0	0.0	0.0	0.0	0.0	0.0	0.0	0.0	0.0	0.0	0.0	0.0	0.0	0.0	0.0	0.0012477617452216485	0.0011203521767786473	0.0004077393191493445	0.0	0.0	0.0	0.0	0.0	0.0	0.0	0.0	0.0	0.0	0.0	0.0	0.0	0.0	0.0	0.0
0.0	0.007265242436954758	0.0	0.0	0.0	0.0	0.0	0.0	0.003958248219722242	0.06430057377318585	0.019188782419005852	0.012458298981806235	0.0	0.0006827776327365499	0.0	0.0	0.00013562632544037527	0.02708281523338002	0.005221760819639787	0.0	3.945946092263077e-05	0.0	9.586167402351602e-05	0.0007612569961237159	7.453344879012082e-05	0.0	0.0	0.0	0.0	0.0	1.600576853879474e-05	0.0	0.0	0.0	0.009395817992307761	0.0	0.0025640266977694846	0.0	0.0	0.0	0.0	0.0	0.0	0.0	0.0	0.0	0.0	0.0	0.0	0.0	0.0	0.0	0.0	0.0	0.0	0.0	0.00014349210818139993	0.0	0.0	0.0	0.0	0.0	0.0	0.0	0.0	0.0	0.0	0.0	0.0	0.020272947914938142	0.0	0.03735522496460649	0.0016871144247679805	0.0	0.0	0.0	0.0	0.0	0.0	0.0001728074416103669	0.0	0.0	0.0	0.0	0.0	0.0	0.00073675083824833	0.002342313388734194	0.005222396691553423	0.0010276299037990802	0.0	0.0	0.0	0.0	0.0	2.35475490502748e-05	2.5213011561613697e-05	0.0	0.0	0.0	0.0	0.0	0.0	0.0	0.0	0.0	0.0	0.0	0.0	0.0	0.0	0.0	0.0	0.0	0.0	0.0	0.0	0.0	0.0	0.0	0.0	0.0	0.0	0.0	0.0	0.0	0.0	0.0	0.0	0.0	0.0	0.0	0.0	0.0	0.0	0.0	0.0	0.0	0.0	0.0	0.0	0.0	0.0	0.0	0.0	0.0	0.0	0.0012258440231755177	0.00028896920657904817	0.0014486170792497274	0.0	0.0	0.0	0.0	0.0	0.0	0.0	0.0	0.0	0.0	0.0	0.0	0.0	0.0	0.0	0.0
0.00044520767353957907	0.059051975540788955	0.00562329874423277	0.00036682630802675124	0.0003186182111775156	0.0	0.0	0.0580730786672925	0.004514897120135901	0.14401047467246425	0.0027126149139548037	0.004853313057929241	0.00010872288842329693	4.130759936849973e-05	5.246357637830238e-05	0.0	0.00046097594426434274	0.06221352943097906	0.003475915800942672	0.0	0.0004412715738807278	0.0	0.0009640851272195465	0.0007835790460592579	0.00015535059290470432	0.0	0.0	0.0	0.0	1.1280176517726824e-05	0.0	0.0	0.0	1.6972533982483457e-05	0.017959920471748523	0.00010292593745307938	0.00768265148481786	0.00135305187163701	0.0	0.0	0.0	0.0	0.0	0.0	0.0	0.0	0.0	0.0	0.0	0.0	0.0	0.0	0.0	0.0	0.0	0.0	0.0005874286163772966	0.005686345242597207	0.0003969592022088727	0.00043052252426356796	8.014488282863613e-05	0.0001428168782646001	8.791287062369001e-05	0.0	0.0	0.0	0.0	0.0	0.0	0.02891194343223972	0.03735522496460649	0.0	0.004561563159714559	0.0	7.337163153604962e-05	0.0008596406519857475	0.0010149661377845422	0.0	0.00030363687830490453	0.009294980713920872	0.009458252206197275	0.0011779966613453808	0.00026300373111416	0.0	2.8597080861388702e-05	0.020837777475891668	0.0009252620395629919	0.012948357385881298	0.0012902639490084172	0.0006163913998708096	0.0	0.0	0.0	0.0	0.0	0.0023663582592060857	9.719807027835194e-06	0.0	0.0	0.0	0.0	0.0	0.0	0.0	0.0	0.0	0.0	0.0	0.0	1.696069802464561e-05	1.9158305751310563e-05	7.076422603627631e-05	1.7767324519775748e-05	0.0	0.0011946215579117596	0.000958971532483187	3.208849559568911e-05	0.0	0.0	0.0	0.0	0.0	2.8994578971561585e-05	0.0	0.0	1.941450419507841e-05	0.0	0.0	0.0	0.0	0.0	0.0	0.0	0.0	0.0001695451173952968	0.0017827281533802377	0.0	0.00041903124255680184	2.6658769679480186e-05	0.0002062324711950809	7.575075823007043e-05	0.0	0.0	0.0	0.0	0.0	0.0	0.00032637855013402834	0.002438333567260575	0.011217796856676189	0.0	2.1295310435516664e-05	0.00022737217321857722	0.000641639383979061	0.0007936047965282124	1.9294058402874813e-05	0.0	0.0	0.0	0.0	0.0	0.0	0.0	0.0	0.0002940984589378337	0.0
0.0	1.3318364268291737e-05	0.0	0.0	0.0	0.0	0.0	0.0	0.0034331602397093095	8.459537743896806e-05	0.0012877149529046115	0.0029358967839912234	0.0010435529069464352	9.82315229426732e-05	0.001147199028918627	0.0	0.003515733574599166	0.0006469396875069597	7.605608645848636e-05	0.0003416543807367866	2.3609825103996937e-05	0.0005147858080485943	1.4732339763300074e-05	0.0	6.367782413165706e-05	0.0	0.0	0.0	8.207863776362526e-05	1.7380265742780587e-05	0.0	0.0	0.0	0.0	4.051820433844209e-05	0.0	0.00032083649556039374	0.0024663933709308267	0.000939071035962525	0.0	0.0	0.0	0.00011825358549359465	0.0	0.00021901269238329936	0.0	0.0	0.0	0.0	0.0	0.0	0.0	0.0	0.0	0.0	0.0	0.0	0.0	0.0	0.0	0.0	0.0	0.0	0.0	0.0	0.0	0.0	0.0	0.0	0.006667266613066117	0.0016871144247679805	0.004561563159714559	0.0	0.0	0.0	0.0	0.0	0.0	0.0	0.00011844078278238313	0.0	0.0	0.0	0.0	0.0	0.0	0.0021908435162444895	0.0	0.00057617919498539	0.002167261399586087	2.8344924456907433e-05	3.378271057776324e-05	0.0	0.0	0.0	0.0	0.0	0.00015864598342525907	1.1905322611073842e-05	0.00048333453691625964	0.0	0.0	0.0	0.0	0.0	0.0	0.0	0.0	0.0	0.0	0.0	0.0	1.2392931936015804e-05	0.0	0.00022636909002435182	6.601084660201321e-05	0.00041911963025777264	0.0	0.0	0.0	0.0	0.0	3.7913906121936586e-05	0.0	0.0	0.0	0.0	0.0	0.0	0.0	0.0	0.0	0.0	0.0	0.0	0.0	0.0	0.0	0.0	0.0	0.0	0.0	0.0	2.6250575132313374e-05	1.0601123099884673e-05	0.0	0.0	0.0009726173028519066	0.0	6.78631987957888e-05	0.0	0.0	0.0	0.0	0.0	0.0	0.0	0.0	0.0	0.0	0.0	0.0	0.0	0.0	0.0	0.0
0.0022744370840713513	0.004392382861616133	0.001351275910496482	6.833639837004429e-05	0.00034601771348041494	0.00025926428006403695	0.0	0.002901219994891612	0.0	0.00040567202632852463	0.0	0.0	0.0	2.063916129481217e-05	0.0	7.896187838363016e-05	7.171304196066234e-05	0.0	0.0	0.0005620783526979319	0.00041098114851732847	0.00011524584180470423	0.0	0.0	0.0	0.0	0.0	0.0	0.0	0.00034078466647445674	0.0	0.0	0.0	0.0	0.0	0.0010481654430735668	0.00261590878060957	0.002089583956775984	0.0032576490484533135	0.0	0.0	0.0	0.0	0.0	0.0	0.00045063515530676133	0.00014051102799473558	0.025975166071349885	0.0014828348168308204	0.0006798904523730357	3.0935318866307986e-05	0.0002161401100071951	0.0022912014163014843	7.190043575022487e-05	0.0	0.0	0.0005252676074307887	0.0029685554458655505	0.0016525195673088543	0.005874766474104203	0.0	0.0	0.0	0.0	7.222771972634135e-05	0.0	0.0	0.0	0.0	0.0	0.0	0.0	0.0	0.0	0.0005029872257598495	0.0012602096211614768	0.011765938169764614	0.009376419780230605	0.0	0.00020686408253118435	0.0	0.0	2.156213277627307e-05	0.0	0.0	0.00018640636031789953	0.0	9.902102724185287e-05	0.0	0.0	0.0	0.0	0.0	0.0	0.0	1.6630894431127448e-05	0.0	0.0	0.0	0.0	0.0	0.0	0.0	0.0	0.0	0.0	0.0	0.0	0.0	0.0	0.0	0.0	0.0	0.0	3.543538860182719e-05	0.0	7.399421760996673e-05	0.0	0.0	0.0	0.0	0.0	0.0	0.00032812694790897325	0.00010433220717941642	0.0006619611193926651	4.683198540057397e-05	0.0002949617198943701	5.7893201289440346e-05	0.00024389866697210622	2.83095230978321e-05	0.0	0.0	0.0	0.0	5.8755044502074296e-05	0.0	0.0	0.0	0.0	0.0	0.0	2.337633443659288e-05	0.0	0.0	0.0	0.0	0.0	0.0	4.3568412395537946e-05	0.0	0.0	0.0001348456039912126	0.0005034938231198671	0.0006269972261340797	0.0006697700307694808	0.0	0.0	4.6680925889649266e-05	0.0	0.0	0.0	0.0	0.0004414737346116366	5.152985244794453e-05	0.002637191829029484
0.002447552710517188	0.005747072289899887	0.0008491808661996125	0.00013370494638123876	0.0006904677713324255	0.00010556112485668062	0.0	0.0032228643372720278	0.0	0.0006697303761786978	0.0	0.0	0.0	6.449083598371551e-05	0.0	1.886512659645192e-05	0.0	0.0	0.0	0.000842336055569071	0.00024743197493684864	0.00011189412993846271	0.0	0.0	0.0	0.0	0.0	0.0	0.0	0.003728949121347915	0.0006622862859352061	0.0	0.0	1.4562519019594845e-05	0.00030161637654223125	0.003496998729852349	0.0018933319949604387	0.0049683793494472595	0.014096033015490382	0.0	0.0	0.0	0.0	0.0	0.0	0.0004274482880183653	0.0	0.012117658379782424	0.0004666193289614257	0.00048781738069607464	0.0	0.000167251016769846	0.0005331616311896004	0.0	0.0	0.0	0.0003302137842927581	0.0038473808669311636	0.006023439180113008	0.04832118483707371	0.0	0.0010914187325035078	0.0	0.0	0.003911294870301551	0.0	0.0006572596969668025	0.0	0.0	0.0	0.0	7.337163153604962e-05	0.0	0.0005029872257598495	0.0	0.004006630721108944	0.012695750878930673	0.004549797995412606	0.0	1.5227754943756342e-05	1.4950479496403684e-05	0.0	0.0	0.0	0.0	6.914385310675479e-05	0.0	2.5278532632791253e-05	0.0	0.0	0.0	0.0	0.0	0.0	0.0	0.0	0.0	0.0	0.0	0.0	0.0	0.0	0.0	0.0	0.0	0.0	0.0	4.017293686858988e-05	0.0	0.0	0.0	0.0	1.31325727864426e-05	0.0	0.0	1.671917837234368e-05	4.38831184856603e-05	0.0	0.0	0.0	0.0	0.0	0.0	0.00013416714742151578	0.0	0.0003116123525527805	4.521720447906116e-05	5.872914863838586e-05	0.0	0.0	0.0	0.0	0.0	0.0	0.0	2.662711560853043e-05	0.0	0.0	0.0	0.0	0.0	0.0	0.0	0.0	0.0	0.0	0.0	0.0	0.0	2.1778810690534323e-05	0.0	0.00013855279126704902	0.0005665629466201536	0.0003016534729500391	0.0	0.0	0.0	0.0	0.0	0.0	0.0	0.0	0.0	0.0	0.0	0.0005020051920223731
0.034429026897784445	0.07939745405935916	0.009393221578914365	0.0009305223983400858	0.004579599230262591	0.0012637864108909554	2.6651499150840936e-05	0.051433070296346486	0.0	0.006749999580960955	0.0	0.0	0.0	2.362359668628172e-05	0.0	0.0003493455734583102	0.0026944820080089895	8.318626671545883e-05	9.362495713345082e-05	0.0018824411479973443	0.0007135269259728893	0.0003096109536036724	4.5516691859703035e-05	3.85988031422366e-05	1.960149029144635e-05	3.9688750697318974e-05	0.00031526911442437966	0.0	1.3501566347417441e-05	0.00998498174816713	0.00291691845642082	0.00011523786424056966	0.0	0.00014898148952885855	0.001081149901394795	0.013668956578558272	0.009498338832396433	0.07192286875514879	0.11379791988091705	0.0	1.1382648916701849e-05	0.0	2.1671778371728155e-05	0.0	4.589457386690533e-05	0.0008334872014930261	0.0005049525787538863	0.008676614640124461	0.002839131101729167	0.0013009056623733307	0.00020467310716475775	0.0001595145278652242	0.00042210718027833416	0.0003135320843110357	0.0	0.0	2.654222451946399e-05	0.02345628934541143	0.00462546197743169	1.1264016624632378e-05	0.0	0.00018801430595080535	0.0	0.00039635404226434786	0.0006236378195179021	0.0	0.0	0.0	0.0	0.0	0.0	0.0008596406519857475	0.0	0.0012602096211614768	0.004006630721108944	0.0	0.0026955759122081683	0.001191126949580767	7.824202259011037e-05	0.0006647487243662786	0.00031966687796017567	1.0486755058257408e-05	3.2452913626958396e-05	0.0	0.0	0.0012469932582412388	0.0	0.0006561834374352645	0.0	0.0	0.0	0.0	0.0	0.0	0.0	4.758047521342755e-05	2.141728783188417e-05	0.0	1.112603359746019e-05	0.0	0.0	8.039516972107865e-06	0.0	3.2960431969576065e-05	0.0	0.0	0.0	0.0	4.97812214431097e-05	0.0	0.0	0.0	5.401539532983961e-05	1.5990307417144324e-05	0.0	0.00015899753800165245	0.00013943506505081481	0.0	0.0	0.0	9.938745619225652e-06	0.0	0.0	0.0010354510551540174	0.0002636089085050163	0.0006356003458916896	7.627714891104655e-05	0.000529242221241351	4.741260294936003e-05	9.943269360877025e-05	9.629817937379043e-05	8.646383351393527e-05	0.0	0.0	0.0	7.365075170328562e-05	1.4785271929748411e-05	2.6807284780849587e-05	0.0	0.0	0.0	0.0	0.0	0.0	0.0	0.0	0.0	0.0	0.0	9.068221847164907e-05	0.0	0.0002682476324923153	0.00039557051471067337	0.0013735207741934013	4.1653781393356394e-05	2.952384829705448e-05	0.0	0.0	3.032849692925357e-05	0.0	5.7164738027435786e-05	0.0	0.0	0.0	0.0003116756606946808	0.0009493943932813507
0.0058976179072255	0.038395844496061315	0.003966451375927728	0.0003152870354786164	0.003951443144486544	0.0013368551061823102	0.0	0.023992640929764785	0.0	0.005602871300585021	0.0	0.0	2.262104790070464e-05	6.604425357005476e-05	0.0	0.00023659120353315336	0.00035518219003804395	0.00016547571675341747	0.0	8.191728675421759e-05	0.0	6.680203584941881e-05	0.0	0.0	0.0	0.0	0.0	0.0	0.0	0.0016604209130170688	0.00017746370742377317	0.0	0.0	0.0	0.0002224030809275921	0.004809407404294067	0.01192784028303941	0.01648551558311693	0.027101130767512464	0.0	1.0275279823368502e-05	0.0	0.0	0.0	0.0	0.0	0.0	0.01226933307770046	0.0002657802916423988	0.0	0.0	0.0	0.0010473039102219686	0.0	0.0	0.0	0.004078681625949547	0.017241455328898325	0.006872771236211908	0.013147104374954881	0.0005378509881006446	0.0017066001577389623	0.0	0.0	0.0016482869847111038	0.0	0.0	0.0	0.0	0.0	0.0	0.0010149661377845422	0.0	0.011765938169764614	0.012695750878930673	0.0026955759122081683	0.0	0.011328783239352037	5.5216196868314586e-05	0.0003729099490351448	0.000369172424427192	0.0	3.390152192427648e-05	0.0	0.0	0.0011678110657608	0.0	0.0009471265383644235	0.0	0.0	0.0	0.0	0.0	0.0	0.0	7.432823403316359e-05	0.0	0.0	0.0	0.0	0.0	0.0	0.0	0.0	0.0	0.0	0.0	0.0	0.0	0.0	0.0	0.0	1.40824786473647e-05	0.0	5.455883658498895e-05	0.0001392710824001998	2.9726306533807733e-05	0.0	0.0	0.0	0.0	0.0	0.0	0.0	0.0	0.0	0.0	0.0	0.0	0.0	0.0	0.0	0.0	0.0	5.086547323042859e-05	0.00019969317702967973	1.790399539925603e-05	4.066622818787623e-05	1.1775355713608745e-05	2.5761058647989856e-05	0.0	0.0	0.0	0.0	0.0	0.0	0.0	0.0	0.0	0.00013764513766368366	0.0	0.0	1.3941596774661612e-05	0.00010289453130366681	5.244961931397843e-05	0.00036562459744264087	0.0	0.0	0.0	0.0	0.0	0.0	0.0	0.00014044790717133074	0.08490878327704121	0.005569671850215989
0.00017591257622494487	0.0005706698146339188	6.376649556505396e-05	0.0	1.6450064134708862e-05	1.6894813335213447e-05	0.0	0.000371082414705484	0.0	3.178107472585266e-05	0.0	0.0	0.0	0.0	0.0	1.7050344616089128e-05	1.2069865380717722e-05	0.0	0.0	0.0	0.0004519432370855785	3.761096069496288e-05	0.0	0.0	0.0	3.380427424214381e-05	1.5658678386529004e-05	0.0	0.0	4.6713834259932415e-05	6.713774548489305e-05	0.0	0.0	0.0	3.213057430816992e-05	0.00014739782367850885	0.00024670986581202186	0.00020627401182600325	0.00044098830424153964	0.0	1.0781059960541046e-05	0.0	0.0	0.0	0.0	7.311289511032186e-05	0.0004224692173446169	0.0019212914234642633	0.0001844613111795432	0.0003289715357826082	3.890131700208983e-05	0.00017529258322666275	0.03800512032493386	0.0017434960833369645	0.0	0.0	0.0002386916902931399	0.00022243871459833102	0.000137140538367611	0.0019855835053426327	0.0004522929607155067	8.053502317851771e-05	0.0	0.0	0.00020872815039494065	0.0	0.0	0.0	0.0	0.0	0.0	0.0	0.0	0.009376419780230605	0.004549797995412606	0.001191126949580767	0.011328783239352037	0.0	0.0	1.0923706667298961e-05	1.4322114095983012e-05	0.0	0.0	0.0	0.0	0.0	0.0	0.0	0.0	0.0	0.0	0.0	0.0	0.0	0.0	0.0	0.0	0.0	0.0	0.0	0.0	0.0	0.0	0.0	0.0	0.0	0.0	9.141103066026077e-06	0.0	0.0	0.0	0.0	1.1995554113700046e-05	0.0	0.0	0.0	0.0	0.0	0.0	0.0	0.0	0.0	0.0	0.000477532583440357	0.00010588519870800264	0.00016778598002664653	7.469780240481396e-05	0.00019545466267959047	4.122332808327675e-05	0.00023968476847598908	0.0004527052817789289	0.0	0.0	0.0	0.0	3.413085485567654e-05	0.0	0.0	0.0	0.0	0.0	0.0	0.0	0.0	0.0	0.0	0.0	0.0	0.0	0.0	0.0	0.00026843521910974096	7.298657265945551e-05	7.750884514598471e-05	0.0	0.008251091878800732	0.0	0.0	0.0	4.699003629885134e-05	0.0	0.0	0.0	0.0032759732322927724	0.001312203784737448	0.014150017190152842
0.005427932766759995	0.002236280808018068	0.0001280338201823571	0.0	1.2659763459051423e-05	0.0	0.0	0.006898312285614754	0.0	2.767050166244572e-05	0.0	0.0	0.0	0.0	0.0	0.0	0.00010747943152521012	8.349827321550817e-05	0.0	0.0	1.4626751817005973e-05	0.0	0.0	0.0	0.0	0.0	2.362012578475911e-05	1.063619297868215e-05	0.0	0.0020930748095548115	0.0006877438160814954	2.089251506849626e-05	0.0	2.8005097487457807e-05	0.0007847963986559195	0.016288048429295005	0.0015581914238914714	0.00016693140917910772	6.354472056763083e-05	0.0	0.0	0.0	4.510458015224628e-05	0.0	0.0	3.1729186584544745e-05	2.088753276382366e-05	0.0	1.1607926035396804e-05	1.0634969899097963e-05	0.0	1.0742310742483856e-05	0.0	1.2047603863121067e-05	0.0	0.0	2.6724602948149227e-05	0.00026966283841273116	0.0001447375319236829	1.597084098532399e-05	0.0	0.0	0.0	0.0	0.0	0.0	1.870933821175964e-05	0.0	1.806802396126691e-05	0.0	0.0	0.00030363687830490453	0.0	0.0	0.0	7.824202259011037e-05	5.5216196868314586e-05	0.0	0.0	0.18031101323500692	0.26264678826616883	0.15532877094464742	0.03670657343351895	1.9525971554718892e-05	0.018297058248219717	0.04080173206119641	0.0	0.0003726432157624965	0.0	0.0	8.848037771428974e-06	1.6893677487281298e-05	0.0	0.0	0.002272465992152857	0.054950063530893586	0.0	0.018943027414730803	6.268522893668989e-05	3.1889248401958236e-05	6.844964892829782e-05	3.688000444416614e-05	0.00016318685370000002	0.0006080457200011095	0.0019545291400634725	0.0	0.001233120837084861	0.5512609153989134	0.01972789612291694	0.0836669095214147	0.03107587846305016	0.09899254558132228	4.3331814444866084e-05	0.010966195319878146	0.042195880566583494	0.22384371554304264	0.05042040410738107	1.591192931868645e-05	0.0002888776170173338	0.0	0.014867068376790823	3.558707526241849e-05	0.010368712316257894	1.221230181328285e-05	2.114374589923817e-05	0.00084930870831768	1.2435144709772272e-05	1.1336294016815985e-05	0.0	8.844352463688037e-05	5.684171095593799e-05	0.0	0.0	0.0	4.5210247984369085e-05	0.025642397698027078	0.028931346251066418	0.007353917675488028	2.2104102112072894e-05	0.00022618653529590723	0.0	0.00022893015807056956	0.0013866767572005628	0.0	9.243352519263122e-05	0.0	0.00019233342969318852	0.0	0.0	0.002153102602425493	0.0	0.001842499099538244	0.012173791231642372	0.05452977789396695	0.010966862982678693	0.0008404350997352436	0.0	0.0	2.5578132037238783e-05	0.0	1.2732376922652393e-05	0.0	0.0	0.0	0.00015677657790262662	5.376715149450858e-05
0.004064881357306352	0.16810887106405575	0.03681624498773629	0.0007060115601238696	0.0017326298604918933	5.244354431808573e-05	0.0	0.04285012018071467	2.887487602574201e-05	0.07852650724684218	0.007043484339057295	0.001110621964392068	0.0017762153721276848	0.0007269537843788304	0.0	0.00010496874664474571	0.001426509003965463	0.00024301755199196914	4.789278748337298e-05	0.0	1.5790052927389508e-05	0.0	1.0482904928605386e-05	1.1677452416744081e-05	0.0	0.0	0.0	0.0	0.0	0.00023467075372066913	4.761496109927047e-05	0.00010643291523232889	0.0	6.21046398529692e-05	0.00016164653555311102	0.009301741769310281	0.051775860229805244	0.0011648398886622093	3.086079916155321e-05	0.0	0.0	0.0	5.1090239814402305e-05	0.0	9.738959425708162e-06	1.0772688476630418e-05	5.6371457056837215e-05	0.0	2.981614228020218e-05	2.4781444441071895e-05	2.219554475732025e-05	1.1892840220783224e-05	0.0	1.418697573889458e-05	0.0	0.0	0.0008840755608842144	0.002121493138987767	2.0378557193503336e-05	0.0005221920544467545	2.851720788788358e-05	0.00011146281716705368	0.00014860336143657476	0.0	1.7542044646397164e-05	0.0	0.0	0.0	0.0	0.0004217193804914108	0.0001728074416103669	0.009294980713920872	0.00011844078278238313	0.00020686408253118435	1.5227754943756342e-05	0.0006647487243662786	0.0003729099490351448	1.0923706667298961e-05	0.18031101323500692	0.0	1.0	0.12936070497837635	0.13145168659970577	0.018475798724932137	0.0059734049942248395	0.1392349584233013	0.00025712077524441365	0.2525467736173831	0.03396652641190607	0.0029562175589384282	0.007597985547072906	0.03691401759322171	0.002272132470654506	0.002438007010520979	0.007560625747423352	0.02255337153007007	0.0002661938816968009	0.0027031139261487307	1.379887660967058e-05	2.15197005460446e-05	0.00010088818218786306	0.0	0.0004242404183916269	0.00048570488259672075	0.0016693578141315287	2.2928537637634887e-05	0.000416672117621477	0.013619804110007749	0.0026200247179604627	0.0018027623604135762	0.0043708757710940625	0.008863719290735044	0.0014052682114760046	0.0020398362047404114	0.23577071664519383	0.26257535652149305	0.03310843210669267	0.0	0.0010778741903349355	4.513917255252761e-05	0.003641063326510804	0.00016850048071495968	0.0031126060551581597	1.0374974582897299e-05	0.0	0.0008243509016772284	0.0	2.599017212291811e-05	0.0	4.523662775416925e-05	2.546865447749238e-05	0.0	0.0005865956679607257	4.0789366224329696e-05	0.021304709157984096	0.05095371158162881	0.005475046206463168	0.015619340808425414	0.005139243471860654	0.006644692695049655	0.004922075898789841	0.0	0.00046236979403988757	0.0	6.46809881299379e-05	0.0	0.0	0.0028904720953549083	0.009225082038901562	0.08084431590784102	0.00012895126760467494	0.005526482789910555	0.019794630488123653	0.08963726661371177	0.03748895288964139	0.0017867956725731167	0.00015407703190438966	0.0	1.1137550011983219e-05	0.0	0.0	0.0	0.0	0.0	0.0014620401830217193	0.00018038262174406518
0.0014021366640354226	0.034835698675976356	0.01947088673514628	0.0006012601460898903	0.001101824409873234	0.00012255127045059393	0.0	0.01199802846430193	0.0	0.016232435773750515	0.00018625101084615125	4.379444154289614e-05	0.00021860060087685652	6.537064708021057e-05	0.0	2.1376399142782645e-05	0.0011181938196224825	1.2138788486324079e-05	0.0	0.0	0.0	0.0	0.0	0.0	0.0	0.0	2.3536466039328124e-05	0.0	0.0	8.885234266080222e-05	0.00012174070567593179	2.8698803068156376e-05	0.0	2.5171820775527842e-05	7.247882659631457e-05	0.00026151653612512595	0.02498244813593902	0.000664094990164992	0.0	0.0	0.0	0.0	1.1470424159652527e-05	0.0	1.611548713336907e-05	1.1146307151618645e-05	1.1399611340994906e-05	1.4769660218719798e-05	1.4582374780051352e-05	0.0	0.0	0.0	0.0	0.0	0.0	0.0	0.00033344154916375133	0.0012827830819004326	4.968365789057378e-05	0.00015576342633930284	1.6862570680169437e-05	9.881665082698296e-05	6.984082115123907e-05	0.0	0.0	0.0	0.0	0.0	3.692300964861426e-05	0.0	0.0	0.009458252206197275	0.0	0.0	1.4950479496403684e-05	0.00031966687796017567	0.000369172424427192	1.4322114095983012e-05	0.26264678826616883	1.0	0.0	0.19210956961962436	0.42942584118993343	0.073281061475445	0.0010615156524042158	0.013415093290304258	3.6228058032633575e-05	0.026824595769050778	0.002731428033958557	0.00019230476629056122	0.007369741753350839	0.07233981188865797	0.015175663874079096	0.007975465989333592	0.005776155194132926	0.00902009839623787	0.0	0.00040431271845072577	0.0004435078738953188	0.00023683378373869863	0.00020638100282455345	0.0001151154502268279	0.000357817795694461	0.001597244519376944	0.0072394917845837285	3.7695958298467534e-05	0.005119062143595925	0.03057749594552447	0.010061112325865294	0.025558353411600176	0.00987837590398959	0.07926428306985692	2.6826057032365206e-05	9.577715848966741e-05	0.20392923078789424	0.1206879060256339	0.005726579693390357	1.937139339442002e-05	0.0019324082518268658	8.609033145389221e-06	0.03180511827499449	0.0003254585821760813	0.03538411937459986	0.0	0.0	3.9135103338882824e-05	0.0	0.0	0.0	0.0	0.0	0.0	0.000356035938153371	2.7246222516873457e-05	0.00643573570481171	0.010162018259235236	0.00015405403304977644	0.002708228967094057	0.0012692519550417127	0.001183955053311341	0.0012667866581671382	0.0	4.825944415430148e-05	0.0	0.0	0.0	0.0	0.0001480991881982551	0.0014202766504366967	0.06371486170584813	0.0	0.000511705303979637	0.0013084288818257155	0.010432060207325887	0.006278232931670029	0.00018299618304378761	3.5792250535575446e-05	0.0	0.0	0.0	0.0	0.0	0.0	0.0	0.000278967752420752	1.63237214828282e-05
0.00016213853859863134	0.0017462936795485321	0.001125514325570753	3.009458020409669e-05	8.123040085225144e-05	0.0	2.129513413575671e-05	0.001848458972605834	0.0	0.0006687641754451778	0.0	0.0	0.0	0.0	0.0	0.0	2.3066691455199574e-05	0.0	0.0	0.0	0.0	0.0	0.0	0.0	0.0	0.0	0.0	0.0	0.0	0.0	0.0	1.4269380266764427e-05	0.0	0.0	0.0	0.0	0.0014940221586697796	5.154937397343975e-05	1.5278101380393208e-05	0.0	0.0	0.0	0.0	0.0	0.0	0.0	0.0	0.0	0.0	0.0	0.0	0.0	0.0	0.0	0.0	0.0	1.4762542115914625e-05	0.00015159246050762984	0.0	0.0	0.0	3.4097376265857565e-05	0.0	0.0	0.0	0.0	0.0	0.0	0.0	0.0	0.0	0.0011779966613453808	0.0	0.0	0.0	1.0486755058257408e-05	0.0	0.0	0.15532877094464742	0.12936070497837635	0.19210956961962436	0.0	0.20135022327513188	0.0007156093034419143	0.029849461970680228	0.06861953157341995	0.0	0.015702045195558116	0.0	0.0	0.0	0.0	0.0	0.0	0.07695137251157162	0.0017236636201590598	0.0	9.856588094665448e-06	2.5784368781866626e-05	0.0	1.0678436972187828e-05	0.0	0.0	9.780676264567283e-05	0.0004014516873818067	0.0	0.00010802116212175177	0.011980436741688819	0.0010949458800771626	0.036916973083314604	0.061389111645580266	0.024209992022621595	0.0	0.0	0.025704173121034193	0.04425881328223065	0.00187559629971946	0.0	0.0039949512081887545	0.0	0.021701734774240884	0.00011172767541829776	0.007094734160915021	0.0	0.0	0.0	0.0	0.0	0.0	0.0	0.0	0.0	0.0	0.0	3.465059756654049e-05	0.00041062604590826816	0.0	2.576742013099229e-05	0.0	2.313356232141344e-05	0.0	0.0	0.0	0.0	0.0	0.0	0.0	0.0	0.0	0.005009408931440234	0.0	3.254583186446703e-05	0.00014743781617716434	0.0022324526846163205	0.00012906978511825493	0.0	0.0	0.0	0.0	0.0	0.0	0.0	0.0	0.0	0.0	0.0
0.0	0.0052690646502284244	0.0029291872090499403	0.00013405618416900114	0.00028076004424476726	0.0	0.0	0.00034657386392815024	0.0	0.0036281847695403655	1.096241548332773e-05	0.0	0.0	0.0	0.0	0.0	2.062011173846604e-05	0.0	1.6842591877171985e-05	0.0	0.0	0.0	0.0	0.0	0.0	0.0	0.0	0.0	0.0	3.5374830552536066e-05	9.85273980146931e-06	0.0	0.0	0.0	0.0	0.0	0.0032786151346971245	0.00012847680454880703	0.0	0.0	0.0	0.0	0.0	0.0	0.0	0.0	0.0	0.0	0.0	0.0	1.3480651870173668e-05	0.0	0.0	0.0	0.0	0.0	7.626590980135422e-05	0.0003324712577248652	0.0	1.8459086211976103e-05	0.0	1.4371691975854099e-05	0.0	0.0	0.0	0.0	0.0	0.0	0.0	0.0	0.0	0.00026300373111416	0.0	2.156213277627307e-05	0.0	3.2452913626958396e-05	3.390152192427648e-05	0.0	0.03670657343351895	0.13145168659970577	0.42942584118993343	0.20135022327513188	0.0	0.062026155432900854	0.003575582856617151	0.014393833141317812	0.0	0.033696062254814675	0.00010111911099938134	0.0	0.0	0.00028927529785486227	0.0	0.0008794096215397128	0.09411815783374253	0.000907843907937409	0.0	5.259624516141044e-05	0.0	0.0	0.0	0.0	0.0	1.2823272304061853e-05	8.061655447163768e-06	0.0	0.00010228225417456335	0.0009797716646410487	0.00022537170902548671	0.02049480605973556	0.04281821203977336	0.017300314346183794	8.920564003377907e-06	0.0	0.0895585432831358	0.19034746589089918	0.008423138151707183	1.9561428007469115e-05	0.008431997643453626	0.0	0.022600724882526544	0.00019932219458703874	0.0064526547162071885	0.0	0.0	0.0	0.0	0.0	0.0	0.0	0.0	0.0	5.3641804201689024e-05	0.0	0.004901006686368775	0.00351622874736744	8.330447386800321e-05	0.0015657977796993754	0.0008510166737627957	0.0009508080804527939	0.0006811271529501166	0.0	2.2600139851056253e-05	0.0	0.0	0.0	3.11549635749658e-05	0.0	0.00024167037390494253	0.014094631256099556	0.0	0.00024221763406999408	0.0005028812778682131	0.00715328338371148	0.003140232469025436	8.708316906102952e-05	0.0	0.0	0.0	0.0	0.0	0.0	0.0	0.0	5.853116768095122e-05	3.260308521148834e-05
0.0	0.00011704020147798625	1.6427857710787093e-05	0.0	1.9640716988019884e-05	0.0	0.0	0.0	0.0	1.773384042058932e-05	0.0	0.0	0.0	0.0	0.0	0.0	0.0	0.0	0.0	0.0	0.0	0.0	0.0	0.0	0.0	0.0	0.0	0.0	0.0	0.0	0.0	0.0	0.0	0.0	0.0	0.0	0.00019566979888918068	0.0	0.0	0.0	0.0	0.0	0.0	0.0	0.0	0.0	0.0	0.0	0.0	0.0	0.0	0.0	0.0	0.0	0.0	0.0	0.0	0.0	0.0	0.0	0.0	0.0	0.0	0.0	0.0	0.0	0.0	0.0	0.0	0.0	0.0	0.0	0.0	0.0	0.0	0.0	0.0	0.0	1.9525971554718892e-05	0.018475798724932137	0.073281061475445	0.0007156093034419143	0.062026155432900854	0.0	0.000610938209558434	1.2043651810170547e-05	0.0	0.002056192545351733	0.00044831203316979474	0.0001743266258235401	0.0020339631749144416	0.034558228062034686	0.08090273626882732	0.019067882419854146	0.019700110852865438	0.0	0.0	3.38046819353384e-05	0.0	8.393726696343507e-05	4.222780239279381e-05	1.1942115085441843e-05	3.1261182343838275e-05	0.0	1.3914905725597896e-05	1.2912911549682234e-05	0.0	4.8528475751423974e-05	0.0	0.000296174079167623	0.0034664952893858378	0.0003163652802189086	1.5669513475938484e-05	0.0	0.033110039635450034	0.2239250114796575	0.00308551840325656	0.0	0.0010802133410584042	3.448060786889864e-05	0.0003960419981169533	2.999191865017093e-05	0.0002523192797491232	0.0	0.0	1.8160996374222487e-05	0.0	0.0	0.0	0.0	0.0	0.0	0.00015719868911208897	0.0	0.0028193480979797356	0.00041901412036085214	2.2245623071405618e-05	0.0008901061760669129	0.00034180751727925645	0.0005786361029297231	0.00026909746528380653	0.0	0.0	0.0	0.0	0.0	0.0	0.0	4.8353400907583074e-05	0.000590471456573595	0.0	7.988984869786582e-05	3.571316723807795e-05	0.00223216328305112	0.0012493539340635153	5.067781223654249e-05	0.0	0.0	0.0	0.0	0.0	0.0	0.0	0.0	2.054082459437115e-05	0.0
3.0675265701748615e-05	3.370092585373685e-05	0.0	0.0	0.0	0.0	0.0	1.67479482894092e-05	0.0	0.0	0.0	0.0	0.0	0.0	0.0	0.0	0.0	0.0	0.0	0.0	0.0	0.0	0.0	0.0	0.0	0.0	0.0	0.0	0.0	6.313989683514382e-05	0.0	0.0	0.0	0.0	0.0	1.2033251960793299e-05	0.00013169512544568447	1.2931004312539994e-05	0.0	0.0	0.0	0.0	0.0	0.0	0.0	0.0	0.0	0.0	0.0	0.0	0.0	0.0	0.0	9.862959678174839e-06	0.0	0.0	0.0	0.0	0.0	0.0	0.0	0.0	0.0	0.0	0.0	0.0	0.0	0.0	0.0	0.0	0.0	2.8597080861388702e-05	0.0	0.0	0.0	0.0	0.0	0.0	0.018297058248219717	0.0059734049942248395	0.0010615156524042158	0.029849461970680228	0.003575582856617151	0.000610938209558434	0.0	0.008513218657261902	0.0	0.00021338359623081845	0.0	0.0	0.0	0.0	0.0	0.0	0.21618461047785456	8.59892492519825e-05	0.0	0.00018130649125242798	0.0	0.0	0.0	1.566887255285297e-05	0.0	0.00011171893756144851	2.068573748762572e-05	0.0	0.0	0.156146034763095	0.0026448921415906748	0.0142521627036626	0.22206508911927417	0.0026114327482444264	0.0	0.0	0.0017962062075836363	0.08574034737228836	0.0012599108499986088	0.003943412290076596	0.016331429952926337	6.189891180660693e-05	0.0010507829417345934	0.0	1.6169747516497988e-05	0.0	0.0	0.0	0.0	0.0	0.0	0.0	0.0	0.0	0.0	0.0	0.0	0.0	0.0	2.6821066463641526e-05	0.0	0.0	0.0	0.0	0.0	0.0	0.0	0.0	0.0	0.0	0.0	7.720351967225262e-05	0.0	0.0	2.727242139577417e-05	0.0008196168031927455	0.0	0.0	0.0	0.0	0.0	0.0	0.0	0.0	0.0	0.0	0.0	0.0
0.019753629098482238	0.10743376306404924	0.011298183765100707	0.0006764302390233224	0.0004866473122459499	0.0	0.00010208068294597691	0.5324616515558875	0.0	0.021670537949573385	0.0	0.0	0.0	0.0	0.0	0.0	0.0016159540008322587	0.007086659138824084	0.0	0.00010798807377879691	1.0999768076724604e-05	0.0	4.3412467912099824e-05	2.5706671090294552e-05	1.2353185522441817e-05	0.0	1.1485925683331363e-05	1.03155340169801e-05	0.0	0.0008026807678516969	8.882727687515004e-05	2.4607722146951328e-05	0.0	5.06121773051034e-05	0.0022360111364160993	0.10345840945011085	0.028043068478890876	0.0009002053012104099	7.978484933566597e-05	0.0	0.0	0.0	2.1431165928607356e-05	0.0	9.788951426369435e-06	3.3544942804726395e-05	3.8393173805375314e-05	9.188636511442208e-05	1.4889352145804478e-05	2.2969923088039122e-05	2.1463817195074103e-05	0.0	2.1298416800556527e-05	0.0	0.0	0.0	9.309677315335451e-05	0.003209701860557057	0.0002842810415278392	0.000908244906332398	3.373277183432117e-05	0.00010792775630521984	0.0001928358022865646	0.0	0.0	0.0	0.0	0.0	1.7194071158876367e-05	0.0	0.0	0.020837777475891668	0.0	0.00018640636031789953	6.914385310675479e-05	0.0012469932582412388	0.0011678110657608	0.0	0.04080173206119641	0.1392349584233013	0.013415093290304258	0.06861953157341995	0.014393833141317812	1.2043651810170547e-05	0.008513218657261902	0.0	0.0	0.03880538735257199	1.9218769223126515e-05	0.0	0.0	0.0	0.0	0.0	0.0033883767748780326	0.3533789623390065	0.0005431866709501486	0.0009717823765724041	0.0002989598210567967	0.0	1.822669007224803e-05	0.0	0.0004256839902088262	0.0	6.125461147893105e-05	0.0	0.0	0.01243037634026741	0.003077791910181034	0.00016996176790334244	0.00024802858250656346	8.761785684945518e-05	0.018680392005953013	0.0855007438637691	0.019397565514322833	0.06551842826679861	0.012237057394916484	0.0	0.0003523672962489944	0.0	0.00023362411438524695	0.0	0.00023583435784626413	1.1653277312170286e-05	2.1145755900146362e-05	0.0006667988215329136	0.0	0.0	1.1403320063547943e-05	3.495825717563529e-05	4.3425957598414584e-05	0.0	0.0	0.0	0.0024069632085357466	0.07378045053696597	0.008995267667749857	0.02160986256636442	0.0007718008576125282	0.008270615020377016	0.0024278695980280546	0.0	0.0004379575460881598	0.0	0.0	0.0	0.0	0.0	0.0006907079062970286	0.04594819874449364	0.0	0.005644521100542131	0.025338190656198325	0.08286304062356971	0.052842702518218335	0.00293812423045224	0.0004226582914912656	0.0	0.0	0.0	0.0	0.0	0.0	0.0	0.0029630641536858102	0.0001574809661469004
0.0	0.0004923211150792065	0.0	0.0	0.0	0.0	0.0	0.0	0.0014450134570640873	0.0003548474004669428	0.003066587178941801	0.015784953139128168	0.003172427500178633	0.00023787281831052104	0.00021104925426694684	0.0	4.0398487619203786e-05	0.000138413416206356	4.0988614336288507e-05	0.0	0.0	0.0	1.5254438646996728e-05	1.2685979784282422e-05	0.0	0.0	0.0	0.0	0.0	0.0	0.0	0.0	0.0	0.0	8.97742076776243e-05	0.0	0.01628314669544927	0.0	0.0	0.0	0.0	0.0	0.0	0.0	0.0	0.0	0.0	0.0	0.0	0.0	0.0	0.0	0.0	0.0	0.0	0.0	0.0	0.0	0.0	0.0	0.0	0.0	0.0	0.0	0.0	0.0	0.0	0.0	0.0	0.0014342293733790186	0.00073675083824833	0.0009252620395629919	0.0021908435162444895	0.0	0.0	0.0	0.0	0.0	0.0	0.00025712077524441365	3.6228058032633575e-05	0.0	0.0	0.0	0.0	0.0	0.0	0.0005807893675938665	0.018848271346803027	0.04379253587288024	0.003513086955257996	0.0007420834799269752	0.00029797353867875155	0.0	0.0009210632128598911	0.00037174734577797794	6.470383731340087e-05	0.0	0.0	0.0021577595807837596	0.0	0.0	5.3185083145615054e-05	0.0	2.007079657933777e-05	0.0	0.0	0.0	0.0	0.0	0.0	0.0	0.0002251697925432047	0.0	0.0020600149683945813	0.0006765159647815645	0.0	0.0	0.0	0.000941551055703506	0.0	3.531701433180207e-05	0.0	0.0	0.0	0.0	0.0	0.0	0.0	0.0	0.0	0.0	0.0	0.0	0.0	0.0	0.0	0.0	0.0	0.0	0.0	0.0	0.0	0.0	0.0	0.0	0.0	0.00736844839076551	0.0022096380366235665	0.001853395458623519	0.0003841120146587377	0.0	0.0	0.0	0.0	0.0	0.0	0.0	0.0	0.0	0.0	0.0	0.0	0.0	0.0	0.0
3.6372124319749546e-05	0.43838786414326847	0.04587024338623119	0.0003614653729913305	0.0035802777614612597	0.00020736540283536876	0.0	0.03413852163730894	0.00021240155973865799	0.3684416053293426	0.023853448251173325	0.0028276007870719202	0.002268742795114187	0.001094344417377339	2.2002639763805643e-05	2.4098098307722157e-05	0.0020943398512365155	0.002830202008306685	0.00019520360172101294	0.0	9.619031697694821e-05	0.0	3.461661349225366e-05	0.00010348528333396244	9.762036329694208e-06	0.0	0.0	0.0	0.0	0.0	0.0	0.0	0.0	0.0	0.0010648124092479088	0.0	0.05314058585707347	0.003058392573274674	0.0	0.0	0.0	0.0	0.0	0.0	0.0	3.265635528580992e-05	3.180190013498853e-05	2.2910567917317878e-05	1.5997677114398452e-05	5.949342095266055e-05	0.0	0.0	0.0	0.0	0.0	0.0	0.0025715886517482687	0.004313009098327349	1.314666758495377e-05	0.0003506025714634736	9.61678369211077e-05	0.00015818784737996636	0.000259864403528444	0.0	1.4323439098865896e-05	0.0	0.0	0.0	0.0	0.005417953451994983	0.002342313388734194	0.012948357385881298	0.0	9.902102724185287e-05	2.5278532632791253e-05	0.0006561834374352645	0.0009471265383644235	0.0	0.0003726432157624965	0.2525467736173831	0.026824595769050778	0.015702045195558116	0.033696062254814675	0.002056192545351733	0.00021338359623081845	0.03880538735257199	0.0005807893675938665	0.0	0.06798521907156373	0.001711417241989584	0.00013822761737868354	3.546454050170594e-05	0.0	0.0004364995470739459	0.0021513207076961586	0.06543580223205414	0.0033230036311361275	0.0	0.00016356418293399678	0.0	3.219879037828098e-05	0.0	0.0006008132078340342	0.0	0.0	0.0	0.0	4.4624315732404826e-05	2.5455728583118254e-05	0.00013376632440805896	0.001243746152735649	0.00011202442739797771	0.01999211181203867	0.00028362303481206094	0.0560087285713611	0.08945645315529749	0.016725193925833964	0.0	0.0008563906127419657	0.0	0.0007800152391542838	1.6467193676482658e-05	0.0002118506551270063	0.0	7.602251329119142e-06	0.0002018614969587352	1.1332034357513485e-05	0.0	0.0	0.0	0.0	0.0	0.00040904634863897233	0.0	0.020566209927011175	0.02986803766265543	0.0002036382569575502	0.006053760184302467	0.0057841881678129025	0.005970111108679851	0.0049496319874174875	0.0	0.00015417784598374828	0.0	0.0	0.0	0.0	0.011762789120899956	0.06558349299339357	0.14511667651814378	0.0	0.002216114825178266	0.004550485847290334	0.036475547531794654	0.025582818102302826	0.0004417122966518198	6.856046618257378e-05	0.0	1.1536497085807482e-05	0.0	0.0	0.0	0.0	0.0	0.0013452088086093124	0.00014579223880957528
0.0	0.07677592528269497	0.0017599211588171665	0.0	7.268183209690591e-05	0.00011403885508298677	0.0	0.0	0.0013397148792789854	0.036457465140780375	0.06784650469881214	0.03297649738895505	0.02440599876524451	0.008168481570545616	0.00014303294463906916	0.0	0.0001963187353496044	0.0009273710465598097	0.00030821360905268003	0.0	0.0	0.0	0.0	3.231595626036839e-05	0.0	0.0	0.0	0.0	0.0	0.0	0.0	0.0	0.0	0.0	0.00034645398100965837	0.0	0.06465831196862047	0.0001671392675142353	0.0	0.0	0.0	0.0	0.0	0.0	0.0	0.0	0.0	0.0	0.0	0.0	0.0	0.0	0.0	0.0	0.0	0.0	5.677720452660791e-05	0.0	0.0	0.0	0.0	0.0	0.0	0.0	0.0	0.0	0.0	0.0	0.0	0.0072874152069050775	0.005222396691553423	0.0012902639490084172	0.00057617919498539	0.0	0.0	0.0	0.0	0.0	0.0	0.03396652641190607	0.002731428033958557	0.0	0.00010111911099938134	0.00044831203316979474	0.0	1.9218769223126515e-05	0.018848271346803027	0.06798521907156373	0.0	0.05580199829759294	0.009095164891024904	0.004147164629506903	0.0007968210073373384	5.977596519179553e-05	0.00014521026687461282	0.0006997668206187467	0.0001256812872052408	1.6751667112469195e-05	0.0	0.00016721530137682353	1.1846171286949993e-05	0.0	4.530317907706849e-05	0.0	0.0	0.0	0.0	0.0	0.0	0.0	0.0	0.0	0.0002872593036730281	0.0	0.08013913641693042	0.011498314017700205	0.0005125508376280258	0.0	0.0	5.484030649746226e-05	0.0	2.6859944233606917e-05	2.010416314535109e-05	0.0	0.0	0.0	0.0	0.0	0.0	0.0	0.0	0.0	2.4531149284576308e-05	0.0	0.0006690805481189677	6.327542543909635e-05	0.0	0.00019628856421673906	6.657771827889625e-05	7.319260463925801e-05	5.43176291301785e-05	0.0	0.0	0.0	0.0	0.0	0.0	0.031739802519579086	0.006862867145432461	0.003957466992329498	0.00047593931292600416	5.387704501150105e-05	4.4139096554728404e-05	0.00041558661979887484	0.00026435097990473787	0.0	0.0	0.0	0.0	0.0	0.0	0.0	0.0	0.0	0.0	1.721782755152027e-05
0.0	0.007920471640461809	0.00028680823614623353	0.0	0.0	0.0	0.0	0.0	0.0024708546400275112	0.00320246125972026	0.013215911435835453	0.02792919712051677	0.013477300352053662	0.002077624952724484	0.00015786707639445848	0.0	0.00023664387492287447	0.0002347034876276478	8.795845145744265e-05	0.0	0.0	0.0	1.3886855699218657e-05	9.394152906269759e-06	0.0	0.0	0.0	0.0	0.0	0.0	0.0	0.0	0.0	0.0	7.48608328530801e-05	0.0	0.041801628977923375	1.1353077386665658e-05	0.0	0.0	0.0	0.0	0.0	0.0	0.0	0.0	0.0	0.0	0.0	0.0	0.0	0.0	0.0	0.0	0.0	0.0	1.0621681304696974e-05	0.0	0.0	0.0	0.0	0.0	0.0	0.0	0.0	0.0	0.0	0.0	0.0	0.0009219604647774225	0.0010276299037990802	0.0006163913998708096	0.002167261399586087	0.0	0.0	0.0	0.0	0.0	0.0	0.0029562175589384282	0.00019230476629056122	0.0	0.0	0.0001743266258235401	0.0	0.0	0.04379253587288024	0.001711417241989584	0.05580199829759294	0.0	0.03710064932339926	0.001999543842230842	0.00807990850690547	0.0	0.005208036189102947	9.625972398866611e-06	0.0	0.000324968917857063	0.0	0.007147190972708267	0.00010646813753696044	4.014558745011036e-05	0.00032241863807063175	1.3406997136115915e-05	3.199569764603761e-05	1.4875919389620683e-05	0.00011768395546005177	0.0	0.0	0.0	0.0	0.0	3.8976614445889406e-05	0.0	0.08971975915510476	0.03325772532725327	0.0	0.0	0.0	0.0021557453266438254	0.00017209496285992476	0.0003989040603558228	0.00012663506890619666	0.0	0.0	0.0	0.0	0.0	0.0	0.0	0.0	0.0	0.0	0.0	5.4338120304353075e-05	0.0	0.0	3.1809650896827945e-05	1.7119876506803854e-05	0.0	0.0	0.0	0.0	0.0	0.0	0.0	0.0	0.013767330076064864	0.00010946789631589301	0.00017669206633047228	0.006499411622702209	0.0	0.0	9.679285262609063e-05	3.1908164815256854e-05	0.0	0.0	0.0	0.0	0.0	0.0	0.0	0.0	0.0	0.0	0.0
0.0	0.00020837289903295707	0.0	0.0	0.0	0.0	0.0	0.0	0.0	7.046037707303325e-05	0.0002276483302643286	0.0005264613018851943	0.00042653881816018084	3.564213312649264e-05	0.0	0.0	0.0	1.2246346031498147e-05	0.0	0.0	0.0	0.0	1.3996679430889379e-05	0.0	0.0	0.0	0.0	0.0	0.0	0.0	0.0	0.0	0.0	0.0	0.0	0.0	0.001049748205387648	0.0	0.0	0.0	0.0	0.0	0.0	0.0	0.0	0.0	0.0	0.0	0.0	0.0	0.0	0.0	0.0	0.0	0.0	0.0	0.0	0.0	0.0	0.0	0.0	0.0	0.0	0.0	0.0	0.0	0.0	0.0	0.0	0.0	0.0	0.0	2.8344924456907433e-05	0.0	0.0	0.0	0.0	0.0	8.848037771428974e-06	0.007597985547072906	0.007369741753350839	0.0	0.0	0.0020339631749144416	0.0	0.0	0.003513086955257996	0.00013822761737868354	0.009095164891024904	0.03710064932339926	0.0	0.0443584093937799	0.02068863270799293	5.28466206628486e-05	0.007509164699629613	0.0	0.0	0.0006518576216478304	5.913170802083191e-05	0.010268943546640695	0.00034047048469247333	8.785132547938925e-05	0.0008565963848632684	4.495064934262812e-05	0.00011712985357879721	1.285337089692202e-05	0.0001721404509526577	0.0	0.0	0.0	0.0	0.0	2.7327485687443708e-05	0.0	0.05962466957876339	0.043953827056984404	0.0	0.0	9.453524605093528e-05	0.0034924809254628527	0.00021354042496774016	0.0008202506853064864	0.0001410759622107158	0.0	0.0	0.0	0.0	0.0001282930088353335	0.0	0.0	0.0	0.0	0.0	0.0	0.0001112625103383076	0.0	2.190566571359191e-05	2.4483329811164462e-05	0.0	0.0	0.0	0.0	2.143406385591051e-05	0.0	0.0	0.0	0.0	0.001337069745630597	0.0	0.00027119549670234414	0.003525811140669418	0.0	0.0	2.3377087383484055e-05	0.0	0.0	0.0	0.0	0.0	0.0	0.0	0.0	0.0	0.0	0.0	0.0
0.0	1.81925099563012e-05	2.2885010879730627e-05	0.0	0.0	0.0	0.0	0.0	3.750856726358881e-05	0.0	9.528328225919838e-05	6.119154758565697e-05	0.00013427480229884884	5.52710013014839e-05	0.0	0.0	1.2784986791102285e-05	0.0	0.0	0.0	0.0	0.0	1.1218105228830025e-05	0.0	0.0	0.0	0.0	0.0	0.0	0.0	0.0	0.0	0.0	0.0	0.0	0.0	0.0005510212357784833	0.0	0.0	0.0	0.0	0.0	0.0	0.0	0.0	0.0	0.0	0.0	0.0	0.0	0.0	0.0	0.0	0.0	0.0	0.0	0.0	0.0	0.0	0.0	0.0	0.0	0.0	0.0	0.0	0.0	0.0	0.0	0.0	0.0	0.0	0.0	3.378271057776324e-05	0.0	0.0	0.0	0.0	0.0	1.6893677487281298e-05	0.03691401759322171	0.07233981188865797	0.0	0.00028927529785486227	0.034558228062034686	0.0	0.0	0.0007420834799269752	3.546454050170594e-05	0.004147164629506903	0.001999543842230842	0.0443584093937799	0.0	0.059432943428284646	0.0023774883256605455	0.0049894962886006975	0.0	0.0	0.00031409637025810806	4.431110084441795e-05	0.0038640490662078214	0.0002475767078574317	0.00010048710390704554	0.001252424946410504	0.0001577544107473874	0.00010782624988201259	0.00013087466584699886	0.00013730408485996602	0.0	1.2738344485878753e-05	0.0	0.0	0.0	0.0	0.0	0.05736864083503807	0.08557187137336605	0.0005136152676293221	0.0	7.654134695641894e-05	0.0006564969029994736	0.00044763334520666345	0.0007226534815540418	0.0002534598345175696	0.0	0.0	0.0	0.0	3.895336491505517e-05	0.0	0.0	0.0	0.0	0.0	0.0	0.00032548847692234425	0.0	0.0	0.00010531497917213757	2.1767729516043335e-05	2.2132980380032504e-05	0.0	0.0	0.0	0.0	0.0	0.0	0.0	5.1776227689466545e-05	5.148794819876778e-05	5.013543888045964e-05	0.00010305718895139912	6.007273278135009e-05	1.897911357349409e-05	0.00030344039405897434	6.248026393772592e-05	1.6474013355215068e-05	0.0	0.0	0.0	0.0	0.0	0.0	0.0	0.0	0.0	1.8040824213937836e-05
0.0	0.0	0.0	0.0	0.0	0.0	0.0	0.0	0.0	0.0	0.0	3.189907986825534e-05	0.0	0.0	0.0	0.0	0.0	0.0	0.0	0.0	0.0	0.0	0.0	0.0	0.0	0.0	0.0	0.0	0.0	0.0	0.0	0.0	0.0	0.0	0.0	0.0	0.0	0.0	0.0	0.0	0.0	0.0	0.0	0.0	0.0	0.0	0.0	0.0	0.0	0.0	0.0	0.0	0.0	0.0	0.0	0.0	0.0	0.0	0.0	0.0	0.0	0.0	0.0	0.0	0.0	0.0	0.0	0.0	0.0	0.0	0.0	0.0	0.0	0.0	0.0	0.0	0.0	0.0	0.0	0.002272132470654506	0.015175663874079096	0.0	0.0	0.08090273626882732	0.0	0.0	0.00029797353867875155	0.0	0.0007968210073373384	0.00807990850690547	0.02068863270799293	0.059432943428284646	0.0	0.001987328891330012	0.015834113767051936	0.0	0.0	0.0005302627241373706	0.0	0.004594984340087858	0.0004370710769210468	2.9483077141126256e-05	0.0011312552031168205	6.88893001274126e-05	0.00012808398756455037	6.941671187783137e-05	0.00010805799775283182	0.0	2.3420283579338596e-05	0.0	0.0	0.0	0.0	0.0	0.01270299033106433	0.06428316024830959	0.0	0.0	8.072113420368168e-05	0.001339121698535851	0.00047917391767674563	0.0001917669748917793	0.00020268315759953398	0.0	0.0	0.0	0.0	4.010627352188479e-05	0.0	0.0	0.0	0.0	0.0	0.0	2.4804838133688935e-05	9.914121501201094e-06	0.0	0.0	0.0	2.3556479734986158e-05	0.0	0.0	0.0	0.0	0.0	0.0	0.0	0.0	0.0	0.0	0.0	1.993557466350906e-05	0.0	2.4047114620911536e-05	0.0	0.0	0.0	0.0	0.0	0.0	0.0	0.0	0.0	0.0	0.0	0.0
0.0	0.0	0.0	0.0	0.0	0.0	0.0	0.0	0.0	0.0	0.0	0.0	0.0	0.0	0.0	0.0	0.0	0.0	0.0	0.0	0.0	0.0	0.0	0.0	0.0	0.0	0.0	0.0	0.0	0.0	0.0	0.0	0.0	0.0	0.0	0.0	0.0	0.0	0.0	0.0	0.0	0.0	0.0	0.0	0.0	0.0	0.0	0.0	0.0	0.0	0.0	0.0	0.0	0.0	0.0	0.0	0.0	0.0	0.0	0.0	0.0	0.0	0.0	0.0	0.0	0.0	0.0	0.0	0.0	0.0	0.0	0.0	0.0	0.0	0.0	0.0	0.0	0.0	0.0	0.002438007010520979	0.007975465989333592	0.0	0.0008794096215397128	0.019067882419854146	0.0	0.0	0.0	0.0004364995470739459	5.977596519179553e-05	0.0	5.28466206628486e-05	0.0023774883256605455	0.001987328891330012	0.0	0.0006407826075480678	0.0	0.0	0.0	0.0	0.0	2.60288194176766e-05	0.0	0.0001370524950021088	1.0984882683977665e-05	1.0516562572867945e-05	0.0	4.285692074010546e-05	0.0	1.0350085097005068e-05	0.0	3.475594034598103e-05	0.0	0.0	0.0	0.006940266892246818	0.049160549504351635	0.0004502827394325821	0.0	1.4393630277224173e-05	0.0	0.0	0.0	0.0	0.0	0.0	0.0	0.0	0.0	0.0	0.0	0.0	0.0	0.0	0.0	0.0003828777639137376	0.0	0.0	9.888411670488647e-05	2.3589067643726748e-05	7.301532972133025e-05	2.440287835407204e-05	0.0	0.0	0.0	0.0	0.0	0.0	0.0	4.478915968080509e-05	0.0	0.0	1.923918693906758e-05	0.0	0.0002772106829013686	0.0001077865475433784	0.0	0.0	0.0	0.0	0.0	0.0	0.0	0.0	0.0	0.0	0.0
0.0	6.880815999938329e-05	0.0	0.0	0.0	0.0	0.0	5.56557828732473e-05	0.0	5.975231990472954e-05	0.0	0.0	0.0	0.0	0.0	0.0	0.0	0.0	0.0	1.2308305296589292e-05	0.0	0.0	0.0	0.0	0.0	2.673394040782744e-05	0.0	0.0	0.0	0.00011358338465333443	0.0	0.0	0.0	0.0	1.0681069531623111e-05	1.7218101183439218e-05	0.0	1.1718583518015345e-05	0.0	0.0	0.0	0.0	0.0	0.0	0.0	0.0	0.0	0.0	0.0	0.0	0.0	0.0	0.0	0.0	0.0	0.0	1.2956831309134624e-05	0.0	0.0	0.0	0.0	0.0	0.0	0.0	0.0	1.2676132708110716e-05	0.0	0.0	0.0	0.0	0.0	0.0	0.0	0.0	0.0	0.0	0.0	0.0	0.002272465992152857	0.007560625747423352	0.005776155194132926	0.07695137251157162	0.09411815783374253	0.019700110852865438	0.21618461047785456	0.0033883767748780326	0.0009210632128598911	0.0021513207076961586	0.00014521026687461282	0.005208036189102947	0.007509164699629613	0.0049894962886006975	0.015834113767051936	0.0006407826075480678	0.0	0.0004887829965184122	5.859014178708718e-05	0.0024241381025046013	5.501524544357162e-05	0.021150989263940906	0.005078507643544413	0.005945557760317168	0.0021111176786623117	0.0077074552972909586	0.004712722089930379	0.0009038255332208248	0.0009785363726255913	0.01461987328720998	0.004883655036280769	0.004331545843665322	0.06940059855725683	0.0028846686208344593	0.0021159465869338132	0.0001579053811902042	0.001706300609755277	0.15524960382946937	0.0002361616399859257	0.020530268071437714	0.037187308511738924	0.011171577334804995	0.009489258370020202	0.0013870366107208618	0.0011211517577109783	9.481308345377171e-06	0.0	0.0	0.0	0.0	0.0	0.0	0.0	0.0	0.0	0.0	2.096575659999177e-05	1.4087366374561935e-05	0.0	0.0	0.0	0.0	0.0	3.198398656719639e-05	0.0	3.244563483426807e-05	0.0	0.0	0.0	0.0001289453156513232	0.00035639815151941335	0.00012206639101724623	0.0	0.0	2.809438046064652e-05	4.9171782556494615e-05	0.0	0.0	0.0	0.0	0.0	0.0	0.0	0.0	0.0	0.0	0.0	0.0
0.0023672860660757388	0.010454046131209593	0.00035635737301766235	0.0	1.6394175274370717e-05	0.0	0.0	0.05327480107969478	0.0	0.011197746193162153	2.5110797184683217e-05	2.758515054119342e-05	2.5640802010736992e-05	1.3716038678224376e-05	0.0	0.0	0.0002144402552692603	0.013396508110280175	0.00070257548239493	7.21229884866928e-05	4.842682057529442e-05	0.0	7.921402927874398e-05	0.00012044124146610558	2.037110485573668e-05	2.116448683140581e-05	2.2037717906654394e-05	0.0	0.0	0.003509909934416342	0.001509802700592414	0.0	0.0	0.0	0.027354416169945835	0.03960772592626252	0.0005272082412702115	0.00041628005633879414	0.0	0.0	0.0	0.0	0.0	0.0	0.0	0.0	0.0	0.0	0.0	0.0	0.0	0.0	0.0	0.0	0.0	0.0	2.2409227412119353e-05	0.00016994664009842557	0.0003442392198672953	6.894800060162959e-05	1.7630168815955988e-05	0.0	2.6110444370045574e-05	0.0	0.00011728212974171072	0.0	0.0003278209080539223	0.0	0.00019611635240754038	1.7123969966853553e-05	2.35475490502748e-05	0.0023663582592060857	0.0	1.6630894431127448e-05	0.0	4.758047521342755e-05	7.432823403316359e-05	0.0	0.054950063530893586	0.02255337153007007	0.00902009839623787	0.0017236636201590598	0.000907843907937409	0.0	8.59892492519825e-05	0.3533789623390065	0.00037174734577797794	0.06543580223205414	0.0006997668206187467	9.625972398866611e-06	0.0	0.0	0.0	0.0	0.0004887829965184122	0.0	0.059424181714956115	0.0002964620776805795	0.0014817846744558986	1.4004723107433916e-05	0.0004198050616867194	0.0	0.005760590382513333	0.00011322535473367707	0.0007579382532307997	0.0	7.826334843346052e-05	0.013898044879349909	0.007490306202638717	4.4071661896573906e-05	0.00011202007591588347	0.0004266339024973447	0.3339949304454493	0.11320878002285749	0.017442675714534943	0.00623665516577471	0.001008069509716245	3.303231268730018e-05	0.00020634606149766397	0.0	0.00011783477439526242	0.0	7.751294595185775e-05	1.5522103002752227e-05	0.0	0.0002255881592192249	0.0	3.00827543467658e-05	0.0	0.0	0.0	0.0	0.0	0.0	0.001824756943645647	0.030199984705899376	0.004473628749300426	0.004021988936956786	0.000768632368944655	0.0030872991667290936	0.0017020380525254349	7.03226318668913e-05	0.0008118707941010912	3.581504278890745e-05	0.0007940426039256713	0.0	0.0009953729005256066	0.0011882669395812896	0.02855563848544502	0.10320373442634159	0.0	0.0004896600437488808	0.001064265210604127	0.007446540042515631	0.008983569234743466	0.00019158691407035423	0.0002359450355298982	0.0	0.0	0.0	0.0	0.0	0.0	0.0	0.0003256626482299156	7.38896993991948e-05
0.0	6.422335160063153e-05	0.0	0.0	0.0	0.0	0.0	0.0	1.5443137238428037e-05	1.18601384517811e-05	5.576951733761258e-05	0.0	0.0	0.0	0.0	0.0	0.0002126299652598636	0.0	0.0321824135318039	0.02339093607854921	0.00011961819705583646	0.00013349112415579655	0.0021371048261424786	0.003940315680290001	0.0005295285045045596	0.006037475373645803	0.0028335959329466717	7.691682687939284e-05	0.0	0.0	0.00341898733489501	6.987922878851144e-05	0.0	2.7250271901983366e-05	0.02179837709717343	0.0	8.600683148011903e-05	0.000438735183209753	2.2662549966054042e-05	0.00010679858572647569	0.0002518871451637276	0.0	0.00039135778603692316	0.0	3.595461526860245e-05	0.0	2.3869802973867117e-05	0.0	0.0	0.0	0.0	0.0	0.0	0.0	0.0	0.0	0.0	0.0	0.000556783064530912	0.0	0.0	0.0	0.0	0.0004717333736294645	0.00022250618139446266	0.00024630601815581036	0.002618491177253811	0.0	0.00040318897000782755	0.0	2.5213011561613697e-05	9.719807027835194e-06	0.0	0.0	0.0	2.141728783188417e-05	0.0	0.0	0.0	0.0002661938816968009	0.0	0.0	0.0	0.0	0.0	0.0005431866709501486	6.470383731340087e-05	0.0033230036311361275	0.0001256812872052408	0.0	0.0	0.0	0.0	0.0	5.859014178708718e-05	0.059424181714956115	0.0	0.017011507183876243	0.0030797867125807953	0.00018915102619947513	0.04191586568908488	0.016578535866966657	0.0030021399514382706	0.0069196612627990435	0.00012479526888803345	2.8266032150816562e-05	0.0003542780459017738	0.0	0.004108058746016751	0.0	0.00024328438902437302	0.0001076501466229057	0.2472147306531809	0.0	5.4780959590792285e-05	0.0033628553810619655	0.0021302365915177954	0.00011564556478111759	0.0007199313985698329	0.0	0.00016548284771141362	3.4057927358128205e-05	5.5544563435144016e-05	0.0001442857233869598	3.761582454823424e-05	0.00026047083154572334	0.0	0.00014116619279511404	3.689981153854315e-05	5.070628832067495e-05	0.0	0.0	0.0	0.0	0.0	0.0	0.004667779915831413	0.0	0.0	0.0	0.0	0.002066745947228593	0.0017839845132170008	0.0013495284658421134	0.005762086712033684	0.0	0.0018770984838609955	0.000134524172799833	0.004663973618707231	0.006805410789237626	0.0	0.0	6.897008765592218e-05	0.0005681363264813884	0.0	0.0	0.0	0.0	0.0	0.0	0.0	0.0	0.0	0.0	0.0	0.0
7.477022946814802e-05	2.3935385566314946e-05	4.9267982540574917e-05	0.0	0.0	0.0	0.00024683526452560573	8.275613570337703e-06	3.771602800602859e-05	0.0	0.0	0.0	0.0	0.0001113534240842755	0.0	0.0	0.0017530653698536608	2.221721493613902e-05	0.011146587218478865	0.02657978186850375	0.0001810316509455086	0.0013051241207892774	0.0005427950706178792	0.0006621442158755792	0.0002986429658542358	0.0010488274156157144	0.0013301132380834386	1.2185358251542238e-05	0.0	0.00022056271344457744	0.005511014588722917	2.133039225127718e-05	0.0	7.568713054485591e-05	0.01458892506724146	0.0	2.5012436610316322e-05	0.0035423723232371673	6.107423019596342e-05	8.829613252825254e-05	0.00029215129236590323	9.141491476434504e-06	0.00028216428836032114	0.0	0.0004387675029959427	0.0	6.0900143365360114e-05	4.938556254345271e-05	0.0	0.0	0.0	0.0	0.0	0.0	0.0	0.0	0.0	0.0	0.0007344162153067159	0.0	0.0	0.0	0.0	0.003459981464108152	0.00046094164661522364	0.0015574018534798828	0.009143185986167908	0.0	0.0005247475295667355	0.0	0.0	0.0	0.00015864598342525907	0.0	0.0	0.0	0.0	0.0	0.018943027414730803	0.0027031139261487307	0.00040431271845072577	9.856588094665448e-06	5.259624516141044e-05	3.38046819353384e-05	0.00018130649125242798	0.0009717823765724041	0.0	0.0	1.6751667112469195e-05	0.000324968917857063	0.0006518576216478304	0.00031409637025810806	0.0005302627241373706	0.0	0.0024241381025046013	0.0002964620776805795	0.017011507183876243	0.0	0.03387923400028142	0.048293530782250536	0.025820065791048084	0.01609316263727448	0.0171541396461644	0.015806302161305637	0.008699063736992686	0.0034597594448621018	0.08585329712550419	0.009624394360835191	0.020544491113332685	0.00030129751730724463	9.906703872449803e-05	0.0029032981246382974	0.032191527457159884	0.00241678472858807	5.442345948864234e-05	0.01578770412517249	0.0092309207508774	6.0450781906033124e-05	0.004667724097674613	0.028643852201508443	0.06137233968838567	0.08529506763530369	0.07002855589260046	8.619847850138866e-05	4.420828319174656e-05	0.0011072361835154565	0.0	0.00016430550322328206	2.257255995736983e-05	1.9812682712137094e-05	0.0	0.0	0.0	0.0	0.0	0.0001355369781912323	0.0033016822770022248	0.0	0.0	0.0	0.0	0.10777691889893634	0.009326509795686827	0.028134363909247763	0.0577418431524329	0.0	0.0033063836415797307	0.0	0.0	0.0	0.0004883396522066205	0.0	0.00025029500957908073	0.011141809619865077	9.161003819650514e-06	0.0	0.0	0.0	2.3691947735896364e-05	0.0	1.954138125560599e-05	0.0	0.0	0.0	0.0	0.0
0.0	0.0	0.0	0.0	0.0	0.0	0.0	0.0	0.0	0.0	0.0	0.0	0.0	0.0	0.0	0.0	1.1053044578641575e-05	0.0	0.00032726554544574	0.0006500235449442678	0.00027339115227646	9.438989057182495e-06	1.1522388513877393e-05	9.827034010959548e-06	1.845718364373406e-05	3.615981900682458e-05	3.15964971413085e-05	0.0	0.0	1.5399433262535884e-05	7.46505944711943e-05	0.0	0.0	0.0	0.0006119305889698404	0.0	0.0	3.8022661036313276e-05	6.274843056415139e-05	0.0	0.0	0.0	0.0	0.0	1.3527250100457211e-05	4.3400310574491476e-05	0.0	0.0	5.2939655515302395e-05	0.0	0.0	0.0	0.0	0.0	0.0	0.0	0.0	0.0	2.182079115262801e-05	0.0	0.0	0.0	0.0	0.0	1.0012638174313831e-05	0.0	4.134242683512747e-05	0.0	1.2438930563470194e-05	0.0	0.0	0.0	1.1905322611073842e-05	0.0	0.0	1.112603359746019e-05	0.0	0.0	6.268522893668989e-05	1.379887660967058e-05	0.0004435078738953188	2.5784368781866626e-05	0.0	0.0	0.0	0.0002989598210567967	0.0	0.00016356418293399678	0.0	0.0	5.913170802083191e-05	4.431110084441795e-05	0.0	0.0	5.501524544357162e-05	0.0014817846744558986	0.0030797867125807953	0.03387923400028142	0.0	0.02504944385452106	0.021311210186378535	0.0032698969141520128	0.026899450218383303	0.0042596812417595225	0.00619149559938017	0.0020833727050429606	0.048268301332113545	0.0004480596967926427	0.0027197726493133046	2.2455298579579116e-05	0.0	0.0002401601350681279	0.06809693783649827	2.2597976506086042e-05	4.497440665350016e-05	0.0015517074116377571	0.0017101980180444305	0.0	0.0009307793387120097	0.0011038126992823866	0.0026412579185415065	0.014076924709085557	0.00747713659588397	8.041980210315626e-05	2.4603586448417322e-05	0.0003919799579900487	0.000125282410834966	0.0002760087097040726	0.0	2.8799744781195236e-05	0.0	0.0	0.0	0.0	0.0	0.0002856132065884394	8.031713503986325e-05	0.0	0.0	0.0	0.0	0.0013252350567837384	0.00012816918350528478	5.022400012650638e-05	0.0006535251079334963	0.0	4.870008887602147e-05	0.0	1.139701551067628e-05	0.0002809599929646266	0.0001386028567259436	0.0	1.1869933188961544e-05	0.0003491619875599152	0.0	0.0	0.0	0.0	4.701346029298964e-05	0.0	0.0	0.0	0.0	0.0	0.0	0.0
0.0	0.0	8.421058117555759e-06	0.0	0.0	0.0	0.0	0.0	0.0	0.0	0.0	2.1166326960149642e-05	0.0	7.829453925842691e-05	0.0	0.0	0.00020953941669573045	0.0	4.1989480928323486e-05	0.0003875848215043206	0.0	0.0002735595920053801	0.00046879528211914644	2.5470705798656738e-05	7.469646362851235e-05	4.463460172152033e-05	0.00013392023501666302	0.0	0.0	0.0	0.0001333624078847531	0.0	0.0	0.0	0.0002912404956683804	0.0	0.0	0.0004202528125742827	0.00013940355881455943	0.0	1.748107247631586e-05	0.0	8.046672538612208e-05	0.0	9.59469470953955e-05	0.0	0.0	0.0	0.0	0.0	0.0	0.0	0.0	0.0	0.0	0.0	0.0	0.0	3.183103183385297e-05	0.0	0.0	0.0	0.0	0.00018221920153692697	0.0	7.284801757629161e-05	0.00024513781921772283	0.0	0.0	0.0	0.0	0.0	0.00048333453691625964	0.0	0.0	0.0	0.0	0.0	3.1889248401958236e-05	2.15197005460446e-05	0.00023683378373869863	0.0	0.0	8.393726696343507e-05	0.0	0.0	0.0021577595807837596	0.0	0.00016721530137682353	0.007147190972708267	0.010268943546640695	0.0038640490662078214	0.004594984340087858	0.0	0.021150989263940906	1.4004723107433916e-05	0.00018915102619947513	0.048293530782250536	0.02504944385452106	0.0	0.02190694850278273	0.0017615904448295477	0.05013686614271258	0.004168500296059322	0.0050189433946223275	0.003911366155089363	0.058397525618949744	9.902912050270485e-05	0.00042011603196656514	0.0	1.7610999889980474e-05	0.00018434982729180016	0.0028076663225459647	0.0	5.9948507563043965e-05	0.019438330808284113	0.006065867644688735	0.0	0.0020805064657852972	0.07988817766538393	0.008106940556433843	0.2549873049948384	0.024162706688815993	4.330792674563015e-05	0.0	0.0	0.0	0.0002844124913633891	0.0	0.0	0.0	0.0	0.0	0.0	0.0	0.0	6.303172040435423e-05	0.0	0.0	0.0	0.0	0.00805852435240971	0.0	0.0027312582793272556	0.002041687910501744	0.0	0.0	0.0	0.0	0.0	0.005550647945484758	0.0	0.0	8.989908575597779e-06	0.0	0.0	0.0	0.0	0.0	0.0	0.0	0.0	0.0	0.0	0.0	0.0
0.0	0.0	0.0	0.0	0.0	9.161223276122515e-06	0.0	0.0	0.0	0.0	0.0	0.0	0.0	0.0	0.0	0.0	0.0002159936829561071	0.0	0.0364700777775688	0.012717660519652904	8.389428471468487e-05	6.431589703760614e-05	0.01815431519088842	0.019221214753308746	0.0009726430912829286	0.027358419448995343	0.02167170914468925	0.0012637403691067894	0.00011306374111108535	0.0	0.0018690528496545095	0.0	0.0	4.352328332992009e-05	0.016180745358132718	0.0	0.0	0.0008135951287952665	3.328844410043009e-05	1.7008005126880336e-05	1.0410745069594887e-05	0.0	0.0009502738549921226	0.0	7.371802934446653e-05	1.0055215484552852e-05	1.8424700412975992e-05	2.5317374591867926e-05	0.0	9.709711111898358e-06	0.0	0.0	1.0499393547293865e-05	0.0	0.0	0.0	0.0	0.0	0.00018168221634225543	0.0	0.0	0.0	0.0	0.0006967691756004755	0.00012651935106953272	0.00030911224198499704	0.0012072825857706514	0.0	7.310206920319159e-05	0.0	0.0	0.0	0.0	0.0	0.0	0.0	0.0	0.0	6.844964892829782e-05	0.00010088818218786306	0.00020638100282455345	1.0678436972187828e-05	0.0	4.222780239279381e-05	0.0	1.822669007224803e-05	0.0	3.219879037828098e-05	1.1846171286949993e-05	0.00010646813753696044	0.00034047048469247333	0.0002475767078574317	0.0004370710769210468	2.60288194176766e-05	0.005078507643544413	0.0004198050616867194	0.04191586568908488	0.025820065791048084	0.021311210186378535	0.02190694850278273	0.0	0.526377805108231	0.34238395101253	0.12008081651834214	0.05184923777977933	0.07494849801335901	0.03549551197395985	0.0	0.0013000965281977617	0.0	1.1666500712389235e-05	0.00021955865233762146	0.12082227504959488	0.0	3.377982917856282e-05	0.10452307185030064	0.029849459342711937	0.0	0.0054356653531959865	0.0035555482198531426	0.016828297691896397	0.00798443779596404	0.019082393281207637	0.0003611014434573111	6.826465905941935e-05	0.0017234366622241651	1.9549193538715685e-05	0.0006863642851520749	5.579958471072354e-05	4.747893206110365e-05	0.0	0.0	0.0	0.0	0.0	0.0	0.0034048025665760185	0.0	0.0	0.0	0.0	0.023013923444487605	0.005008095235615944	0.00990342882710519	0.005005329700250286	0.0	0.00013683104597559588	1.7035860488941395e-05	8.285330258145367e-05	2.0941045250314978e-05	1.4142500451553022e-05	0.0	0.0002980344814655403	0.0007777189467187985	0.0	0.00011787800456554999	0.0	0.0	0.0	0.0	0.0	0.0	0.0	0.0	0.0	0.0
0.0	0.0	0.0	0.0	0.0	0.0	0.0	0.0	0.0	0.0	0.0	0.0	0.0	0.0	0.0	0.0	0.000247563138285288	0.0	0.014488702351452965	0.005197308178842032	4.92740125432997e-05	0.0	0.008659113446519826	0.01955453135185414	0.0004974469892774888	0.030911512146510223	0.0112367937719343	0.0005722102852066428	0.0001184327767531832	0.0	0.002687594819323668	6.095264029177641e-05	0.0	0.0	0.011317284686198411	0.0	0.0	0.00031814373067531724	1.1919864586580285e-05	0.0	0.00013739010536936922	0.0	0.0002585083392907597	0.0	2.090763552758961e-05	2.9009137475170377e-05	1.902308016257029e-05	7.765126596867386e-06	9.968332759136643e-06	0.0	0.0	1.8693132407269324e-05	1.077007152706974e-05	0.0	0.0	0.0	0.0	0.0	0.00010866757529186227	0.0	0.0	0.0	0.0	0.0002682381444432583	2.7084157126147156e-05	9.617450509223395e-05	0.0008000124158922251	0.0	4.4251963293713026e-05	0.0	0.0	0.0	0.0	0.0	0.0	8.039516972107865e-06	0.0	0.0	3.688000444416614e-05	0.0	0.0001151154502268279	0.0	0.0	1.1942115085441843e-05	1.566887255285297e-05	0.0	0.0	0.0	0.0	4.014558745011036e-05	8.785132547938925e-05	0.00010048710390704554	2.9483077141126256e-05	0.0	0.005945557760317168	0.0	0.016578535866966657	0.01609316263727448	0.0032698969141520128	0.0017615904448295477	0.526377805108231	0.0	0.013311730376449992	0.1557018801133296	0.04553515807044528	0.017306708322517423	0.020929225639688725	0.0001042290777883674	0.005160906400351731	0.0	1.4067476639672399e-05	0.00048148119119987925	0.09653694492358256	0.0	0.0	0.04629023099438242	0.022564844160731307	8.601615883929028e-05	0.015832628594000784	0.001977436372058778	0.006831561680629129	0.0027564827108894616	0.004008281220178176	0.0007613133073688946	0.00021631388739499095	0.0019516692742257776	5.465265744053881e-05	0.0005665182619768481	6.725758157376035e-05	0.0003389032652223282	0.0	0.0	0.0	0.0	1.504137579604089e-05	0.0	0.007656297935934117	0.0	0.0	0.0	0.0	0.00946565752931725	0.0045796087899334205	0.0054886898814358	0.00789170395147628	0.0	0.0010893285519336534	0.0	0.0	0.0	0.0	0.0	0.00026474705200695616	0.0014171390307549058	0.0	0.00013986938410042108	0.0	0.0	4.797249242116943e-05	0.0	1.1363850954804472e-05	0.0	0.0	9.504767232176253e-06	0.0	0.0
0.0	0.0	0.0	0.0	0.0	0.0	0.0	0.0	0.0	0.0	0.0	1.0602504114670385e-05	0.0	0.0	0.0	0.0	9.442891525825578e-06	0.0	0.00030812261266619824	0.0003003505663037563	0.0	0.0	0.004160878989664499	0.0001559427819616885	0.00014377314744498052	0.0003586798762690109	0.00036669348176755653	5.503303886412868e-05	0.0	0.0	1.7100716763107748e-05	0.0	0.0	0.0	0.0005521657269900064	0.0	0.0	2.299233886792554e-05	0.0	0.0	9.735972430297287e-06	0.0	3.6651113180393706e-05	0.0	1.031817208578283e-05	0.0	0.0	0.0	0.0	0.0	0.0	0.0	0.0	0.0	0.0	0.0	0.0	0.0	2.1000331094828545e-05	0.0	0.0	0.0	0.0	0.0	0.0	0.0	6.65753703701148e-05	0.0	6.6908302366143025e-06	0.0	0.0	0.0	0.0	0.0	0.0	0.0	0.0	0.0	0.00016318685370000002	0.0004242404183916269	0.000357817795694461	0.0	0.0	3.1261182343838275e-05	0.0	0.0004256839902088262	5.3185083145615054e-05	0.0006008132078340342	4.530317907706849e-05	0.00032241863807063175	0.0008565963848632684	0.001252424946410504	0.0011312552031168205	0.0001370524950021088	0.0021111176786623117	0.005760590382513333	0.0030021399514382706	0.0171541396461644	0.026899450218383303	0.05013686614271258	0.34238395101253	0.013311730376449992	0.0	0.019230201150580793	0.0184441976320601	0.0925281407120031	0.14528820354601887	0.002263971461110371	0.002306899492174969	0.0	0.0	2.3806937417822978e-05	0.06530975467291546	0.00017730781252464268	0.0002305168531548144	0.09546439275470212	0.010782947466172449	0.0	0.000924440480845492	0.003195371807462509	0.008939577480713057	0.010974382394239923	0.01662477652552625	0.0009110568094531265	6.586191737985383e-05	0.00046419947518641663	1.2080017308557583e-05	0.0022937603816057628	0.0	2.346926277460847e-05	0.0	0.0	0.0	0.0	0.0	0.0	0.0008055487251137884	0.0	0.0	0.0	0.0	0.00794579709591845	0.0016293627150545792	0.0009160396448613309	0.0006097082267367869	0.0	7.225721687991647e-05	2.864867425153563e-05	0.00026237665674219056	0.00044780114768540856	1.3737842000090859e-05	0.0	0.0	0.00015591381462562096	0.0	0.00016438697207690536	0.0	0.0	0.0	0.0	0.0	0.0	0.0	0.0	0.0	0.0
0.0	0.0	1.3628963124945669e-05	0.0	0.0	0.0	0.0	0.0	0.0	1.7289996592809785e-05	0.0	0.0	0.0	0.0	0.0	0.0	0.00022688931618221366	0.0	0.004841661553715181	0.001270982074571761	4.724185020432006e-05	1.071224704228466e-05	0.0024332332427540555	0.005751802331653432	0.00010756489007912857	0.01304735686323218	0.006263629426629181	0.00033071404679838317	4.6688279058800845e-05	0.0	0.0022991594809480672	1.527299511495211e-05	0.0	0.0	0.002411554718161834	0.0	0.0	0.00027917147138443326	2.7066384824832158e-05	4.7433186864554095e-05	0.00013678246437301365	0.0	0.0005112836289284358	0.0	3.106237039013964e-05	0.0	0.0	0.0	1.190502785991284e-05	0.0	0.0	1.1356258128166778e-05	0.0	0.0	0.0	0.0	0.0	0.0	0.00018194599200278656	0.0	0.0	0.0	0.0	0.0002764647255611081	4.996708821964784e-05	0.0001246660632015106	0.0006096946874661655	0.0	4.873697179583921e-05	0.0	0.0	0.0	0.0	0.0	0.0	3.2960431969576065e-05	0.0	0.0	0.0006080457200011095	0.00048570488259672075	0.001597244519376944	9.780676264567283e-05	1.2823272304061853e-05	0.0	0.00011171893756144851	0.0	0.0	0.0	0.0	1.3406997136115915e-05	4.495064934262812e-05	0.0001577544107473874	6.88893001274126e-05	1.0984882683977665e-05	0.0077074552972909586	0.00011322535473367707	0.0069196612627990435	0.015806302161305637	0.0042596812417595225	0.004168500296059322	0.12008081651834214	0.1557018801133296	0.019230201150580793	0.0	0.32076388083560686	0.0893716324217722	0.07612692547510447	0.002666470714319565	0.07276162801318344	0.0008708396975577244	0.00011736265465703626	0.027206150635578193	0.08858426503774945	3.606719552047715e-05	0.0	0.06751114156857906	0.0245563938198205	0.0010390189316451148	0.03299960038071455	0.004894369948938695	0.02519510868369782	0.005823012282048272	0.017483976145298095	0.0008263328608231269	0.00019266289537883343	0.0023905563350875296	3.048098703927143e-05	0.0004719055193262546	6.909585733358298e-05	0.0001938257649220965	1.3637300634423265e-05	0.0	0.0	0.0	0.0	6.300804665222285e-05	0.007895229377372606	1.2896992232301647e-05	0.0	0.0	0.0	0.00963988150965587	0.004692827447112671	0.0037827830096473637	0.006980818780858138	0.0	0.0012157158223450586	0.0	0.0	0.0	0.0	0.0	0.00029609096944071476	0.001614702563615355	1.217470772594398e-05	9.245297142343723e-05	0.0	0.0	2.4497767108688385e-05	0.0	4.713611075041982e-05	2.4467662088233022e-05	0.0	0.0	0.0	0.0
1.2579749996675061e-05	1.1773540377018737e-05	0.0	0.0	0.0	0.0	0.0	5.650384073017755e-05	0.0	2.185122948981711e-05	0.0	0.0	0.0	0.0	0.0	0.0	2.1439047078810857e-05	0.0	0.00048302783410065424	9.786605170398409e-05	0.0	1.1876394758806794e-05	0.00012936944420751723	0.00014460489757412174	0.0	0.000681849731289407	0.000521995921882116	4.117577168216282e-05	0.0	0.0	0.00011262810532264747	0.0	0.0	0.0	0.00027659963527944454	4.9873372042080305e-05	0.0	5.991058475011126e-05	0.0	0.0	2.6053615244321407e-05	9.697749356835937e-06	4.530080913081706e-05	0.0	0.0	0.0	0.0	0.0	0.0	0.0	0.0	0.0	0.0	0.0	0.0	0.0	0.0	0.0	2.6111125695159316e-05	0.0	0.0	0.0	0.0	7.294797403077652e-05	0.0	7.30243357007308e-05	0.00016155159905064311	0.0	0.0	0.0	0.0	0.0	0.0	0.0	0.0	0.0	0.0	0.0	0.0019545291400634725	0.0016693578141315287	0.0072394917845837285	0.0004014516873818067	8.061655447163768e-06	1.3914905725597896e-05	2.068573748762572e-05	6.125461147893105e-05	2.007079657933777e-05	0.0	0.0	3.199569764603761e-05	0.00011712985357879721	0.00010782624988201259	0.00012808398756455037	1.0516562572867945e-05	0.004712722089930379	0.0007579382532307997	0.00012479526888803345	0.008699063736992686	0.00619149559938017	0.0050189433946223275	0.05184923777977933	0.04553515807044528	0.0184441976320601	0.32076388083560686	0.0	0.23985500334140458	0.12534063073164756	0.00525369784894958	0.07194676069200667	0.0015278608701316868	0.00016997328523609342	0.05751077469314028	0.03095574250114628	6.385180628427804e-05	1.6940032387166964e-05	0.03335743498686644	0.007170376338694028	0.001230591019089308	0.03524050586842386	0.004358592893364934	0.26868929558664195	0.0068987176079449986	0.11792844810203419	0.00026644178854248773	4.8666333899599726e-05	0.00037002447198441677	1.6893720643993345e-05	8.234941215733237e-05	1.197903335703442e-05	1.4248678818397063e-05	1.8336128148194152e-05	0.0	0.0	0.0	0.0	0.0001409121595327723	0.001603475833471708	0.0	0.0	0.0	0.0	0.002627599841164034	0.0010345237735107198	0.0007267358163543467	0.0010188002608874929	0.0	0.00031718670854804604	0.0	4.242171284587648e-05	0.0	0.0	0.0	8.859750411257823e-05	0.0006072804578371408	0.0	1.533367712501192e-05	0.0	0.0	0.0	1.2393514092514669e-05	0.0	0.0	0.0	0.0	0.0	0.0
0.0	0.0	0.0	0.0	0.0	0.0	0.0	0.0	0.0	0.0	0.0	0.0	0.0	0.0	0.0	0.0	0.0	0.0	1.6804751704751803e-05	7.921193204618375e-05	0.0	0.0	5.002208272599563e-05	2.453429972455636e-05	3.629743106991884e-05	4.619988740367459e-05	5.0485278207105826e-05	0.0	1.0925750642639988e-05	1.124371093249697e-05	0.0	0.0	0.0	0.0	5.5664877002527845e-05	0.0	0.0	7.834153462228324e-06	0.0	0.0	0.0	0.0	0.0	0.0	0.0	0.0	0.0	0.0	0.0	0.0	0.0	0.0	0.0	0.0	0.0	0.0	0.0	0.0	0.0	0.0	0.0	0.0	0.0	7.748680216663213e-06	0.0	0.0	0.0	0.0	0.0	0.0	0.0	0.0	0.0	0.0	0.0	0.0	0.0	0.0	0.0	2.2928537637634887e-05	3.7695958298467534e-05	0.0	0.0	1.2912911549682234e-05	0.0	0.0	0.0	0.0	0.0	1.4875919389620683e-05	1.285337089692202e-05	0.00013087466584699886	6.941671187783137e-05	0.0	0.0009038255332208248	0.0	2.8266032150816562e-05	0.0034597594448621018	0.0020833727050429606	0.003911366155089363	0.07494849801335901	0.017306708322517423	0.0925281407120031	0.0893716324217722	0.23985500334140458	0.0	0.25253671722610704	0.0	0.00027788343911216225	0.0	0.0	2.6371083364015383e-05	0.00044625242132549387	0.0	2.9415950089323735e-05	0.015372441068690214	0.0010696219392374666	1.7482578370098203e-05	0.001466461899450934	0.0012552928504153758	0.019099475749109137	0.003972945530008785	0.050617513240465616	0.00018389261222910732	2.277237369772496e-05	0.00011350711480617188	0.0	0.000410981211875055	1.1357243386720733e-05	0.0	0.0	0.0	0.0	0.0	0.0	0.0	0.00010321712038044855	0.0	0.0	0.0	0.0	0.0004935557992277836	0.00016011830495850902	0.0003446744084787365	0.00012331704682219506	0.0	0.0	0.0	0.0	0.0	0.0	0.0	0.0	6.114031322262534e-05	0.0	0.0	0.0	0.0	9.966757080032746e-06	0.0	0.0	0.0	0.0	0.0	0.0	0.0
9.513509680165016e-06	0.0	0.0	0.0	0.0	0.0	0.0	2.0429213991175803e-05	0.0	0.0	0.0	0.0	0.0	0.0	0.0	0.0	7.537083775689437e-06	0.0	8.010184915912282e-05	3.515084813520273e-05	0.0	0.0	0.0	4.664678158459095e-05	1.762482472948466e-05	5.768260388043925e-05	0.0001535279628303431	0.0	0.0	1.0187559674092711e-05	6.832542830113121e-05	1.4059929724430376e-05	0.0	0.0	3.226862161129621e-05	0.0	1.1686795385789744e-05	8.126250026374018e-06	2.4664624730908616e-05	0.0	0.0	0.0	0.0	0.0	1.0170990251347587e-05	0.0	0.0	0.0	0.0	0.0	0.0	0.0	0.0	0.0	0.0	0.0	0.0	0.0	1.0824617019966572e-05	0.0	0.0	0.0	0.0	1.9627409110832526e-05	0.0	0.0	1.1948011026890968e-05	0.0	0.0	0.0	0.0	0.0	0.0	0.0	0.0	0.0	0.0	0.0	0.001233120837084861	0.000416672117621477	0.005119062143595925	0.00010802116212175177	0.00010228225417456335	0.0	0.0	0.0	0.0	0.0	0.0	0.00011768395546005177	0.0001721404509526577	0.00013730408485996602	0.00010805799775283182	4.285692074010546e-05	0.0009785363726255913	7.826334843346052e-05	0.0003542780459017738	0.08585329712550419	0.048268301332113545	0.058397525618949744	0.03549551197395985	0.020929225639688725	0.14528820354601887	0.07612692547510447	0.12534063073164756	0.25253671722610704	0.0	0.0029816099050031905	0.0045800212487310185	0.00031021377390346924	0.00016305167585911132	0.00529745185448974	0.0047998597126615115	0.0	1.7636120769307744e-05	0.022278686127281885	0.0029794995629029825	0.00018430580560904907	0.006900549510284853	0.002390122079395657	0.05187362192720205	0.03513387608145336	0.17751465566974092	6.943350993932751e-05	9.582506244004688e-06	9.006823527507742e-05	0.0	0.0010786680103053222	0.0	0.0	0.0	0.0	0.0	0.0	0.0	3.0637415428821285e-05	0.0003048911886569594	0.0	0.0	0.0	0.0	0.0037249983520798832	0.0003938715662636926	0.0007569600044287926	0.0007353541236016878	0.0	2.9001009321657628e-05	0.0	0.0	0.0	0.00010934816674146391	0.0	3.674503779569815e-05	0.00015874315581270275	4.202276944496379e-05	0.0	0.0	0.0	0.0	0.0	0.0	0.0	0.0	0.0	0.0	0.0
0.00025373256198205475	3.805515528580624e-05	4.214524635731783e-05	0.0	2.1093836539089423e-05	0.0	0.0004465007790210855	4.5441486238695006e-05	0.0	1.1165217137321677e-05	0.0	0.0	0.0	0.0	0.0	0.0	0.0008226275715243925	0.0005313995683468082	0.0	0.0001419136450104226	0.0	0.0	0.0	0.0	0.0	0.0	2.9434189768647925e-05	0.0	0.0	0.02785673545560033	0.022606209512044728	0.0005236378263380399	1.5004586994584456e-05	0.00010779109736270259	0.034102727024172906	0.008338983237180806	0.0017194759563527327	2.968187899431773e-05	0.0	0.0	4.885071681982551e-05	0.0	0.0	0.0	4.1092335525229276e-05	0.0	0.0	2.416917006665206e-05	1.235083118606499e-05	9.900000074080226e-06	1.0518298023629251e-05	9.746349323976598e-06	0.0	0.0	0.0	0.0	0.0	0.0	0.0010814936620526358	1.3933952527260597e-05	0.0	0.0	0.0	3.712832173773048e-05	9.634192650639463e-05	1.4616330848386673e-05	0.0024154215320150484	1.660530525556305e-05	0.0014378825780356692	0.0	0.0	0.0	0.0	0.0	4.017293686858988e-05	0.0	0.0	9.141103066026077e-06	0.5512609153989134	0.013619804110007749	0.03057749594552447	0.011980436741688819	0.0009797716646410487	4.8528475751423974e-05	0.156146034763095	0.01243037634026741	0.0	4.4624315732404826e-05	0.0	0.0	0.0	0.0	0.0	0.0	0.01461987328720998	0.013898044879349909	0.0	0.009624394360835191	0.0004480596967926427	9.902912050270485e-05	0.0	0.0001042290777883674	0.002263971461110371	0.002666470714319565	0.00525369784894958	0.0	0.0029816099050031905	0.0	0.14538647069299093	0.09175252633632203	0.21910587874886794	0.06976046639640157	0.007569993392926158	0.060259072698696126	0.01816766613939255	0.24112988755956632	0.056896447043566924	0.0019677958879859197	0.0023404991668728695	0.0	0.004975105708676618	0.00036352763484139673	0.005826063759096344	0.0002494489626412863	7.114113839479926e-05	0.002464115814935957	1.199519049544524e-05	0.0001298741564456233	0.00010804480006299444	0.00023829622330311567	6.966628163427323e-05	0.0	0.0	0.0	0.0	0.01867166636704457	0.04208124701568134	0.003554179411989319	1.8493317748686453e-05	0.0	0.0	0.0018041384718622392	0.009123965928671015	0.0004673553400568998	0.004696254872379954	7.200659575251069e-05	0.008965744906634663	0.0	0.0	0.0	0.0	0.00012232689227702884	0.004086322327154433	0.01435767241877472	0.004444251409776745	0.0006007759966477347	0.0	0.0	2.433002431475721e-05	0.0	1.2978567600363183e-05	0.0	0.0	0.0	0.0002335981386357292	0.0
1.5207743084553994e-05	2.547877426735509e-05	9.28436498548775e-06	0.0	0.0	0.0	0.0003380405570389974	2.564363474385791e-05	0.0	2.4577836582967772e-05	8.02035998309539e-06	0.0	0.0	9.320722219823517e-06	8.941038649449936e-06	0.0	0.0006267644333198927	0.00011629265652165802	0.0018207749500373236	0.0028154031915969486	3.0108222316245332e-05	0.0005861410322002482	0.0002897748312875222	0.0006532703309065408	9.199665806055667e-06	0.0020227721840377576	0.0014845324558847943	8.442051654223152e-05	0.0	0.0045900239066861215	0.024164483396475797	0.0007811763475364048	0.0	9.166418609671591e-05	0.03391644355397001	0.00013792823651247987	0.0004886294256541379	0.0011351744450293624	7.615297511350374e-05	4.689480963636195e-05	0.00026869174719733053	0.0	0.000299456886292817	0.0	7.439091502539669e-05	8.425548252065159e-06	4.812825234079632e-05	8.429287092493816e-05	1.1723709984470754e-05	0.0	8.706251444228575e-06	0.0	0.0	1.1105176050347182e-05	0.0	0.0	0.0	0.0	0.0009966790659627642	0.0	0.0	0.0	0.0	0.0012603120687682977	0.0005554222278036317	0.0007221982966932704	0.007803212441166738	0.0	0.0013000444426374523	0.0	0.0	0.0	0.0	0.0	0.0	4.97812214431097e-05	0.0	0.0	0.01972789612291694	0.0026200247179604627	0.010061112325865294	0.0010949458800771626	0.00022537170902548671	0.0	0.0026448921415906748	0.003077791910181034	0.0	2.5455728583118254e-05	0.0	0.0	0.0	1.2738344485878753e-05	2.3420283579338596e-05	1.0350085097005068e-05	0.004883655036280769	0.007490306202638717	0.004108058746016751	0.020544491113332685	0.0027197726493133046	0.00042011603196656514	0.0013000965281977617	0.005160906400351731	0.002306899492174969	0.07276162801318344	0.07194676069200667	0.00027788343911216225	0.0045800212487310185	0.14538647069299093	0.0	0.04871059341807273	0.02899850586139433	0.12641577308007193	0.08089135722211868	0.006756184495162651	0.0029524807073915385	0.08034909729197554	0.0392002018828934	0.01333479140703008	0.040405650857502216	0.0005508356343698118	0.014090908003508113	0.0007262395949697793	0.00839631376768608	0.0010966958663864	0.0005313398679223924	0.002600222987870898	2.6089148828216705e-05	0.0006952642147377235	0.00021542549454039168	0.0008117029741760146	5.489904461902366e-05	0.0	0.0	0.0	1.961517005093959e-05	0.0037797749702890935	0.026486220125852975	8.966935431366295e-05	0.0	0.0	0.0	0.006595542947208478	0.01604522333052841	0.0011282777177924483	0.014494247275488826	0.0	0.012289854555232634	0.0	0.0	0.0	0.0	1.5598525275748853e-05	0.0012732964386508632	0.01099703050782667	0.0005655626438200601	0.00023261421518520211	1.7450754426983688e-05	0.0	6.589658782950777e-05	0.0	0.00011105824411078767	0.0	1.1530124584070151e-05	0.0	0.0	0.0
0.0	2.3211944092783075e-05	0.0	0.0	0.0	0.0	0.0	1.2708770201158742e-05	0.0	0.0	0.0	0.0	0.0	0.0	0.0	0.0	0.0	0.0	0.0	1.577669454766677e-05	1.3260469079956969e-05	0.0	0.0	0.0	0.0	0.0	0.0	0.0	0.0	0.0	1.678395200599751e-05	0.0	0.0	0.0	0.00010282029716779402	0.0	1.5823979612431508e-05	0.0	0.0	1.5926191234678364e-05	1.4441763784583387e-05	0.0	0.0	0.0	0.0	0.0	0.0	0.0	0.0	0.0	0.0	0.0	0.0	0.0	0.0	0.0	0.0	0.0	0.0	0.0	0.0	0.0	0.0	0.0	0.0	0.0	1.43154073592842e-05	0.0	0.0	0.0	0.0	1.696069802464561e-05	0.0	0.0	0.0	0.0	0.0	0.0	0.0836669095214147	0.0018027623604135762	0.025558353411600176	0.036916973083314604	0.02049480605973556	0.000296174079167623	0.0142521627036626	0.00016996176790334244	0.0	0.00013376632440805896	0.0	0.0	0.0	0.0	0.0	0.0	0.004331545843665322	4.4071661896573906e-05	0.0	0.00030129751730724463	2.2455298579579116e-05	0.0	0.0	0.0	0.0	0.0008708396975577244	0.0015278608701316868	0.0	0.00031021377390346924	0.09175252633632203	0.04871059341807273	0.0	0.13863095008533471	0.1230422513661183	0.00045765387830459987	0.0	0.0003130067091901338	0.0038764999328159784	0.0011693258241154169	0.0005552655276186198	0.003198593837081924	0.0	0.02318428257047141	5.1805006788811276e-05	0.005538569840844937	0.0	0.0	0.0	0.0	0.0	1.29662211078041e-05	0.0	0.0	0.0	0.0	0.0	0.0	0.0	0.00048112650362983723	0.0	0.0	0.0	0.0	5.3427172099224874e-05	7.947919146342827e-05	0.0	0.00018972984218509008	0.0	0.00018472292900447156	0.0	0.0	4.088987728847602e-05	0.0	0.0	0.0	0.0003223183988019491	0.0	0.0	0.0	0.0	0.0	0.0	0.0	0.0	0.0	0.0	0.0	0.0
0.0	2.081583660991078e-05	0.0	0.0	0.0	0.0	0.0	1.0203697529717162e-05	0.0	1.907576899862095e-05	0.0	0.0	0.0	0.0	0.0	0.0	2.0677414669794787e-05	0.0	0.0	0.0	0.0	0.0	0.0	0.0	0.0	0.0	0.0	0.0	0.0	8.429446680505617e-05	0.00018804935930150047	0.0001054717794439935	0.0	0.0	6.477130778244408e-05	0.0	1.915744261706942e-05	0.0	0.0	0.0	0.0	0.0	0.0	0.0	0.0	0.0	0.0	0.0	0.0	0.0	0.0	0.0	0.0	0.0	0.0	0.0	0.0	0.0	0.0	0.0	0.0	0.0	0.0	0.0	0.0	0.0	0.0	0.0	0.0	0.0	0.0	1.9158305751310563e-05	0.0	0.0	0.0	0.0	0.0	0.0	0.03107587846305016	0.0043708757710940625	0.00987837590398959	0.061389111645580266	0.04281821203977336	0.0034664952893858378	0.22206508911927417	0.00024802858250656346	0.0	0.001243746152735649	0.0	0.0	0.0	0.0	0.0	3.475594034598103e-05	0.06940059855725683	0.00011202007591588347	0.00024328438902437302	9.906703872449803e-05	0.0	1.7610999889980474e-05	1.1666500712389235e-05	1.4067476639672399e-05	0.0	0.00011736265465703626	0.00016997328523609342	0.0	0.00016305167585911132	0.21910587874886794	0.02899850586139433	0.13863095008533471	0.0	0.06760591118404145	0.0007791886751764118	0.0	0.003696817769300706	0.06702182613668538	0.0015506029634274243	0.00233350984002352	0.09202962575203749	3.6418239562149295e-05	0.09379517576734962	0.00014161886538430625	0.006079010383176445	0.0	0.0	0.0	0.0	0.0	0.0	0.0	0.0	0.0	0.0	0.0	1.0905993132570415e-05	0.00015604467679530417	5.573857213861382e-05	0.0	2.0101658219596066e-05	0.0	0.0	2.5026549773385915e-05	0.0	0.0	3.5898237911012865e-05	0.0	3.056927832631099e-05	0.0	0.0	7.042395326717344e-05	0.0	0.0	0.0	0.00014135348007023838	2.750300770827968e-05	0.0	1.1884539440422089e-05	0.0	0.0	0.0	0.0	0.0	0.0	0.0	0.0	0.0
3.906746116121937e-05	6.052391967777425e-05	0.0	0.0	0.0	0.0	0.0	7.474026310010781e-05	0.0	0.0	0.0	0.0	0.0	0.0	0.0	0.0	0.0	0.0	3.0315638065517367e-05	0.0	0.0	0.0	0.0	5.448647655229281e-05	0.0	6.499649307834749e-05	1.692959764512914e-05	0.0	0.0	1.3563958097857e-05	0.00010554536622918537	0.0	0.0	0.0	9.117794584959661e-05	4.857272331824245e-05	1.9209702640683428e-05	5.7879873211239074e-05	0.0	0.0	0.0	0.0	0.0	0.0	0.0	0.0	0.0	0.0	0.0	0.0	0.0	0.0	0.0	0.0	0.0	0.0	0.0	0.0	1.505453675676162e-05	0.0	0.0	0.0	0.0	0.0	0.0	1.5385631378729636e-05	1.9913362730219844e-05	0.0	0.0	0.0	0.0	7.076422603627631e-05	0.0	0.0	0.0	0.0	0.0	0.0	0.09899254558132228	0.008863719290735044	0.07926428306985692	0.024209992022621595	0.017300314346183794	0.0003163652802189086	0.0026114327482444264	8.761785684945518e-05	0.0	0.00011202442739797771	0.0	0.0	0.0	0.0	0.0	0.0	0.0028846686208344593	0.0004266339024973447	0.0001076501466229057	0.0029032981246382974	0.0002401601350681279	0.00018434982729180016	0.00021955865233762146	0.00048148119119987925	2.3806937417822978e-05	0.027206150635578193	0.05751077469314028	2.6371083364015383e-05	0.00529745185448974	0.06976046639640157	0.12641577308007193	0.1230422513661183	0.06760591118404145	0.0	0.006337711407545134	0.0	0.00041960601374844606	0.027865423502257836	0.006401014408286774	0.002471291049882094	0.041184239689273636	0.0007500927376163392	0.2513137809681276	0.0005693754392432053	0.04541631660146551	6.208036557978055e-05	3.640891954880137e-05	0.00012667843864712735	0.0	0.00011328412774789945	1.3149937394563002e-05	3.913684521723953e-05	0.0	0.0	0.0	0.0	0.0	0.00011313360723676155	0.00111239037127153	0.0	0.0	0.0	0.0	0.0008609354396607973	0.0005706698366713891	0.00039449538000833255	0.0009337667069234435	0.0	0.00024597731827224757	0.0	0.0	2.2595174074486196e-05	0.0	0.0	1.65968447035447e-05	0.0007200936641342452	1.525671677045642e-05	1.909382595058999e-05	1.2961831978365458e-05	0.0	0.0	0.0	1.2563245768111979e-05	0.0	0.0	0.0	0.0	0.0
6.284219816248224e-05	0.00017591893219857986	3.808120357532875e-05	0.0	0.0	0.0	0.0007970854404490584	8.115363699846999e-05	0.0	9.024018538932003e-05	3.078251839525453e-05	3.3793136137522045e-05	8.398072118133317e-06	0.0	0.0	1.773071660921897e-05	0.002470926810905257	0.0005966943128710229	0.03659704361053498	0.026993167450994875	0.0007067433565532106	0.0010203628745264113	0.006198111321327939	0.014734656268686773	0.0007288389163909811	0.028398198162820243	0.015417080067805239	0.0004716432045663373	6.896180891303105e-05	0.007388577872209199	0.05104546501947889	0.0010007966625515008	0.0	0.00016467352346266598	0.1682550216399322	0.001030526667707353	0.0005871959915988172	0.005193078222376118	0.0005768026037915205	0.0002041375378775333	0.0009127325910097871	1.1705648441362006e-05	0.0019179149423999879	0.0	0.00045520439056005686	8.262933210108337e-05	7.342480335998408e-05	0.0001725293030287731	0.00014586834888508064	1.039200495605622e-05	9.463808757753177e-06	0.0	1.9691095562633702e-05	1.0825634416497674e-05	0.0	0.0	0.0	9.832993769248704e-05	0.00383401066777877	0.0	0.0	0.0	0.0	0.004835278060789672	0.0026969811186265662	0.0026624768572065666	0.022724129450242558	0.0	0.004126585299024873	2.526146736697136e-05	0.0	1.7767324519775748e-05	1.2392931936015804e-05	0.0	1.31325727864426e-05	5.401539532983961e-05	1.40824786473647e-05	1.1995554113700046e-05	4.3331814444866084e-05	0.0014052682114760046	2.6826057032365206e-05	0.0	8.920564003377907e-06	1.5669513475938484e-05	0.0	0.018680392005953013	0.0002251697925432047	0.01999211181203867	0.0002872593036730281	3.8976614445889406e-05	2.7327485687443708e-05	0.0	0.0	0.0	0.0021159465869338132	0.3339949304454493	0.2472147306531809	0.032191527457159884	0.06809693783649827	0.0028076663225459647	0.12082227504959488	0.09653694492358256	0.06530975467291546	0.08858426503774945	0.03095574250114628	0.00044625242132549387	0.0047998597126615115	0.007569993392926158	0.08089135722211868	0.00045765387830459987	0.0007791886751764118	0.006337711407545134	0.0	0.010632254217998951	0.0006827972001734399	0.02275772459073112	0.01360336014749754	0.0023342860897027284	0.017420525703781754	0.00043850043732478883	0.0036598128922875556	0.0005898348730333257	0.0018976351240907524	0.0007667165332274476	0.00027736656035416864	0.0012555741366822664	8.023562211129994e-05	0.0002566760995021428	8.343012233957916e-05	0.0002681967507288026	3.998146431062411e-05	0.0	0.0	0.0	0.0	0.000749577226099711	0.01694952939904633	5.195499564598568e-05	0.0	0.0	0.0	0.007116730137098852	0.007596776402515581	0.0031157360324290157	0.016078812323480955	0.0	0.007752954964286862	0.0005887800173945104	0.013719579750724438	0.028585750484432574	0.0	0.0	0.00041116562601503	0.003501568401263902	0.00025440961641772365	6.99638388998356e-05	0.0	0.0	2.255324044201632e-05	0.0	2.6598716655542854e-05	0.0	0.0	1.0751406708220271e-05	0.0	0.0
0.0015934840611085599	0.0	9.442941110133016e-06	0.0	1.1219397175508017e-05	0.0	6.134285685457495e-05	0.002123024459419323	0.0	0.0	0.0	1.1051576332203827e-05	0.0	0.0	0.0	0.0	4.304514552593219e-05	0.0020507754533334232	0.0	8.88851610447497e-05	0.0	0.0	0.0	1.8648141994066826e-05	0.0	0.0	3.217511478969353e-05	0.0	0.0	0.0194291257956369	0.006222235383448197	1.7765146483158872e-05	0.0	0.0	0.033913832099085106	0.07542913178946135	0.0011222971129749696	0.0001290442418540864	0.0	0.0	0.0	0.0	1.279561436100261e-05	0.0	9.079434879184368e-06	0.0	0.0	2.5107553085455743e-05	2.740984338568974e-05	0.0	0.0	0.0	0.0	0.0	0.0	0.0	0.0	0.0001121963591476621	0.0008894153298479438	0.00027146853452786465	0.0	0.0	0.0	0.0	7.379056567692262e-05	0.0	0.0003389747382468565	0.0	0.00018581775785915538	0.0	0.0	0.0	0.0	0.0	0.0	1.5990307417144324e-05	0.0	0.0	0.010966195319878146	0.0020398362047404114	9.577715848966741e-05	0.0	0.0	0.0	0.0	0.0855007438637691	0.0	0.00028362303481206094	0.0	0.0	0.0	0.0	0.0	0.0	0.0001579053811902042	0.11320878002285749	0.0	0.00241678472858807	2.2597976506086042e-05	0.0	0.0	0.0	0.00017730781252464268	3.606719552047715e-05	6.385180628427804e-05	0.0	0.0	0.060259072698696126	0.006756184495162651	0.0	0.0	0.0	0.010632254217998951	0.0	0.03687302238233613	0.02964187158731392	0.008202317859722268	0.0	0.0	0.0	0.0	0.0	1.1462537500081576e-05	3.381947366883811e-05	1.1292978451332454e-05	0.0013040775209376568	0.0	1.343801120220829e-05	0.0	4.695723352477846e-05	2.6646826288976195e-05	0.0	0.0	0.0	1.984390062482687e-05	0.00892489793813671	0.045106951283011607	0.007943990655120489	0.0	2.142125274002567e-05	0.0	0.0002324784808981951	0.0028626810326626614	2.016531896101568e-05	0.0009342807070369217	0.0	0.0014438049571027644	0.0	0.0	6.674804221149959e-05	0.0	0.0007172933058931066	0.0038600146234209513	0.006906247627793318	0.004932830603772722	0.0005878743416540766	5.1729241967002315e-05	0.0	0.0	0.0	0.0	0.0	0.0	0.0	0.00019216949295396919	5.068424166841059e-05
9.027544166838462e-05	0.00458854675343758	0.0013566827661099857	2.585805106276182e-05	0.0006000146801091222	2.807829586224127e-05	0.0	0.00042377395310090783	0.0005458570613755943	0.0021832677493631544	0.0007390814090501504	0.0020837054175825253	0.0009859542180787866	0.000267334217927004	4.129725277634168e-05	0.0	0.00019885925896442818	6.52341892296069e-05	0.0	0.0	0.0	0.0	0.0	0.0	0.0	0.0	0.0	0.0	0.0	0.001187853353199801	0.0004174169859434286	0.0	0.0	0.0	0.0015217025551562487	0.001059108073499987	0.008420483420740607	0.0003945840385865391	0.0	0.0	0.0	0.0	0.0	0.0	1.2148739322250366e-05	0.0	0.0	1.6997653025354847e-05	1.2604511848887034e-05	0.0	0.0	0.0	0.0	0.0	0.0	0.0	0.00030312610484432606	0.0008357060386491098	0.0001414202591136607	1.6451213756059733e-05	0.0	1.4829493786185328e-05	1.4739151177981211e-05	0.0	3.577353888710216e-05	0.0	9.097147128393875e-05	0.0	0.00014371170055106668	0.0	0.0	0.0011946215579117596	0.00022636909002435182	3.543538860182719e-05	0.0	0.0	5.455883658498895e-05	0.0	0.042195880566583494	0.23577071664519383	0.20392923078789424	0.025704173121034193	0.0895585432831358	0.033110039635450034	0.0017962062075836363	0.019397565514322833	0.0020600149683945813	0.0560087285713611	0.08013913641693042	0.08971975915510476	0.05962466957876339	0.05736864083503807	0.01270299033106433	0.006940266892246818	0.001706300609755277	0.017442675714534943	5.4780959590792285e-05	5.442345948864234e-05	4.497440665350016e-05	5.9948507563043965e-05	3.377982917856282e-05	0.0	0.0002305168531548144	0.0	1.6940032387166964e-05	2.9415950089323735e-05	1.7636120769307744e-05	0.01816766613939255	0.0029524807073915385	0.0003130067091901338	0.003696817769300706	0.00041960601374844606	0.0006827972001734399	0.03687302238233613	0.0	0.01570168762658888	0.013151217618225061	0.0	0.0010831764285690526	6.0985181370893185e-05	0.0007328335494065673	0.0	0.00027903312106609447	0.0	0.0	0.0010462420163661775	0.0	0.0	0.0	0.0	2.1411177943330886e-05	0.0	0.01980930291535185	0.0004358749978287434	0.14260945151128465	0.16039008264843924	0.05415001438863943	0.04664949489666218	0.006465140951118227	0.009272156956188965	0.006537806990613196	0.0	0.0018928467574182036	0.00012624462186819124	0.00024788565298560893	0.0	0.00042497995180938876	0.00037349829347184594	0.013983149324181985	0.032620872419315446	0.00043996307338997897	0.004844698166489765	0.0053124425082939145	0.018601360024540912	0.032654013446514994	0.001964037158740699	0.00019282126031105817	0.0	0.0	0.0	0.0	0.0	0.0	0.0	0.001116751285402829	2.629087615554878e-05
0.00024813356993180064	0.0023175951560210823	0.0007890765886164334	2.238327461830015e-05	9.204323884451113e-05	0.0	0.0	0.001273771167992825	1.0357954310245531e-05	0.001406388201612044	8.19865303213665e-05	0.00021969227470042117	0.00017832734669021073	2.266298428785834e-05	0.0	0.0	0.0006515935291986681	1.3801741480768646e-05	0.00029936767953254567	0.0004080335808949169	3.4583843315271785e-05	0.00011457207095206292	0.0025963969984308236	8.346762368589834e-05	2.245998429663464e-05	0.0006937356581722106	0.00045409333845455066	0.0	0.0	0.00028469925210511334	0.00028813252281131423	2.2988000241022274e-05	0.0	0.0	0.0009919260832029595	6.87711636784177e-05	0.0011444170765560653	0.0009543744170756757	5.7737569003493905e-05	1.4943681855141072e-05	4.459247067004845e-05	0.0	0.00017449357985969158	0.0	9.91170748000987e-06	6.81275566128186e-05	3.175671230278402e-05	1.022584610528022e-05	0.0	0.0	0.0	0.0	0.0	0.0	0.0	0.0	0.00013183878495783358	0.00034215180132700997	7.752158739477574e-05	6.667162361141451e-05	1.634298590450682e-05	1.6676186941314477e-05	1.7524484455730635e-05	0.00032703554496264434	6.38697704952274e-05	8.298731886402867e-05	0.0006129891459853849	0.0	9.366200212049573e-05	0.0	0.0	0.000958971532483187	6.601084660201321e-05	0.0	1.671917837234368e-05	0.00015899753800165245	0.0001392710824001998	0.0	0.22384371554304264	0.26257535652149305	0.1206879060256339	0.04425881328223065	0.19034746589089918	0.2239250114796575	0.08574034737228836	0.06551842826679861	0.0006765159647815645	0.08945645315529749	0.011498314017700205	0.03325772532725327	0.043953827056984404	0.08557187137336605	0.06428316024830959	0.049160549504351635	0.15524960382946937	0.00623665516577471	0.0033628553810619655	0.01578770412517249	0.0015517074116377571	0.019438330808284113	0.10452307185030064	0.04629023099438242	0.09546439275470212	0.06751114156857906	0.03335743498686644	0.015372441068690214	0.022278686127281885	0.24112988755956632	0.08034909729197554	0.0038764999328159784	0.06702182613668538	0.027865423502257836	0.02275772459073112	0.02964187158731392	0.01570168762658888	0.0	0.026346498139370574	0.020778684449140043	0.06350705142709687	0.0026672087932642905	0.07188175624523817	0.003920279818609948	0.03228902282484548	9.656338012404726e-05	0.0	0.0003298558461958915	0.0	0.0006070935993744549	0.0	2.055766122143983e-05	0.0	0.0	7.466557811432818e-05	0.0	0.0018271748232306358	0.0015446973273281525	0.004078703904913467	0.00010435496545831559	0.000184191860870491	3.2782010184981255e-05	1.708604715392085e-05	0.010094524043899909	0.005107754531346282	0.0016195349290149552	0.0016579180046088237	0.0	0.00023582102425869522	0.0008489308327380729	0.0027983081375453907	0.003653621120759771	0.001840495726399116	0.00021290143658855766	0.0007819690601239217	0.010998297039792302	0.0012918342711706913	0.0	0.0	0.0	2.4674824406600228e-05	0.0	1.594353105064495e-05	0.0	0.0	0.0	3.904173241501167e-05	0.0
2.9853723512350072e-05	0.00023505670878770947	9.718312795547581e-05	0.0	4.717704351446133e-05	0.0	1.9603078825741028e-05	0.00017570195677847378	0.0	0.0003210704058579552	0.0	0.0	0.0	0.0	0.0	0.0	0.00014267930843999015	0.0	0.00022529448789420305	0.0005323545327253213	0.00027501646802685344	0.00012042345263668803	0.0004850614499944257	0.00023709740054580008	1.1815067234521955e-05	0.00034382022236869556	0.00040083669229807174	1.1162896775377684e-05	0.0	7.33592152581688e-05	0.0005474082577686055	1.1538915698138411e-05	0.0	0.0	0.0007926409675773992	9.278488326824993e-06	0.0001270826728772924	0.0004425523301149913	0.0006049018361684753	0.0	5.1556614200557736e-05	2.569700674147819e-05	0.00010485001793874499	0.0	0.00012299633093036205	0.0001502164766926478	4.278658539996419e-05	1.0268196613224103e-05	0.0003571959428255356	4.9336301452212615e-05	7.286130433423672e-05	4.279047868632825e-05	1.2655871090915296e-05	4.500063124278243e-05	0.0	0.0	4.637213502376201e-05	1.549481143263141e-05	0.00011066350527550258	0.0	0.0	1.0547824560497707e-05	0.0	0.00023687565401344252	8.832995453531222e-05	2.3339828449334603e-05	0.00036507426396875355	0.0	9.354895173592802e-05	0.0	0.0	3.208849559568911e-05	0.00041911963025777264	7.399421760996673e-05	4.38831184856603e-05	0.00013943506505081481	2.9726306533807733e-05	0.0	0.05042040410738107	0.03310843210669267	0.005726579693390357	0.00187559629971946	0.008423138151707183	0.00308551840325656	0.0012599108499986088	0.012237057394916484	0.0	0.016725193925833964	0.0005125508376280258	0.0	0.0	0.0005136152676293221	0.0	0.0004502827394325821	0.0002361616399859257	0.001008069509716245	0.0021302365915177954	0.0092309207508774	0.0017101980180444305	0.006065867644688735	0.029849459342711937	0.022564844160731307	0.010782947466172449	0.0245563938198205	0.007170376338694028	0.0010696219392374666	0.0029794995629029825	0.056896447043566924	0.0392002018828934	0.0011693258241154169	0.0015506029634274243	0.006401014408286774	0.01360336014749754	0.008202317859722268	0.013151217618225061	0.026346498139370574	0.0	0.0	0.001106175590788622	1.1656701384069281e-05	0.0050043128335368215	0.0005706762413111036	0.0035802153779748687	0.00021160071807939946	0.00010537567495561629	0.0018970199784176392	2.7759229107745463e-05	0.00018605335310494298	0.0	0.00010131243654128153	2.3964261079590926e-05	0.0	0.0	0.0	0.00379969414907493	3.6932038583712754e-05	0.0021898429884785707	1.1507818991533508e-05	0.0	0.0	0.0	0.010317825573196007	0.009604920483104839	0.00016588612606631783	0.000868336575202377	0.0	0.00041785162361812297	0.0	0.000465328605363133	0.0009150374541846413	0.006993626080587605	0.0011199473153988152	0.0026668466753939518	0.11294090869485682	0.005886804586245363	0.00015875786582391767	0.0	0.0	0.0	0.0	0.0	0.0	0.0	0.0	0.00012228910444359972	0.0
0.0	0.0	0.0	0.0	0.0	0.0	8.605182281154945e-05	0.0	0.0	0.0	0.0	0.0	0.0	0.0	0.0	0.0	0.0	0.0	0.0	0.0	0.0	0.0	0.0	0.0	0.0	0.0	0.0	0.0	0.0	6.899753716124452e-05	0.0	0.0	0.0	0.0	5.5952159297709615e-05	0.0	1.4748415179426307e-05	0.0	0.0	0.0	0.0	0.0	0.0	0.0	0.0	0.0	0.0	0.0	0.0	0.0	0.0	0.0	0.0	0.0	0.0	0.0	0.0	0.0	0.0	0.0	0.0	0.0	0.0	0.0	0.0	0.0	0.0001597591676559849	0.0	0.0	0.0	0.0	0.0	0.0	0.0	0.0	0.0	0.0	0.0	1.591192931868645e-05	0.0	1.937139339442002e-05	0.0	1.9561428007469115e-05	0.0	0.003943412290076596	0.0	0.0	0.0	0.0	0.0	0.0	0.0	0.0	0.0	0.020530268071437714	3.303231268730018e-05	0.00011564556478111759	6.0450781906033124e-05	0.0	0.0	0.0	8.601615883929028e-05	0.0	0.0010390189316451148	0.001230591019089308	1.7482578370098203e-05	0.00018430580560904907	0.0019677958879859197	0.01333479140703008	0.0005552655276186198	0.00233350984002352	0.002471291049882094	0.0023342860897027284	0.0	0.0	0.020778684449140043	0.0	0.0	0.02682947692816351	0.00014304024455100172	0.00042426891467677486	4.911474774771716e-05	0.0003897877457706192	0.0	0.0	0.0	0.0	0.0	0.0	0.0	0.0	0.0	0.0	0.0	0.0	0.0	1.2552388641232699e-05	0.0	0.0	0.0	0.0	0.0	0.0	0.0	0.0	0.0	0.0	0.0	0.0	0.0	0.0	0.0	0.0	0.0	0.0	0.0	0.0	0.0	0.0	0.0	0.0	0.0	0.0	0.0	0.0	0.0
0.0	0.0	0.0	0.0	0.0	0.0	3.2781791646737194e-05	9.730104953913743e-06	0.0	0.0	0.0	0.0	0.0	0.0	0.0	0.0	6.436454658905425e-05	0.0	0.0	0.0	1.9431579561405263e-05	0.0	0.0	8.370194902247816e-05	0.0	0.00026737642794607826	8.362917578721979e-05	0.0	8.693905869897236e-06	3.726301291782384e-05	0.00020751088870284376	0.0	0.0	0.0	9.743405668923337e-05	0.0	7.797382107102414e-05	4.479272240511944e-05	0.0	0.0	2.0802354269419547e-05	8.910708663154926e-06	3.220725001207139e-05	0.0	0.0	0.0	0.0	9.029477771184067e-06	0.0	0.0	0.0	0.0	0.0	0.0	0.0	0.0	0.0	1.9730571098972562e-05	1.3195873582518976e-05	0.0	0.0	0.0	0.0	1.0387253126590713e-05	0.0	0.0	7.719104279132945e-05	0.0	0.0	0.0	0.0	0.0	0.0	0.0	0.0	0.0	0.0	0.0	0.0002888776170173338	0.0010778741903349355	0.0019324082518268658	0.0039949512081887545	0.008431997643453626	0.0010802133410584042	0.016331429952926337	0.0003523672962489944	0.0	0.0008563906127419657	0.0	0.0	9.453524605093528e-05	7.654134695641894e-05	8.072113420368168e-05	1.4393630277224173e-05	0.037187308511738924	0.00020634606149766397	0.0007199313985698329	0.004667724097674613	0.0009307793387120097	0.0020805064657852972	0.0054356653531959865	0.015832628594000784	0.000924440480845492	0.03299960038071455	0.03524050586842386	0.001466461899450934	0.006900549510284853	0.0023404991668728695	0.040405650857502216	0.003198593837081924	0.09202962575203749	0.041184239689273636	0.017420525703781754	0.0	0.0010831764285690526	0.06350705142709687	0.001106175590788622	0.02682947692816351	0.0	0.08376120246915597	0.28836971264619177	0.015204817858335115	0.026840905010997503	0.0	0.0	0.0	0.0	0.0	0.0	0.0	0.0	0.0	0.0	0.0	0.0	5.446784754433206e-05	0.0	0.0	0.0	0.0	0.0	7.243710140158159e-05	0.0	0.0	0.0	0.0	3.070858084699862e-05	0.0	0.0	1.5344508541509644e-05	0.0	0.0	0.0	2.3750021060446774e-05	1.0164956575711243e-05	0.0	0.0	0.0	0.0	0.0	0.0	0.0	0.0	0.0	0.0	0.0
0.0	0.0	0.0	0.0	0.0	0.0	0.0	0.0	0.0	0.0	0.0	0.0	0.0	0.0	0.0	0.0	1.06442834848505e-05	0.0	0.0	2.617678082761252e-05	0.0	0.0	0.0	0.0	0.0	0.0	0.0	0.0	0.0	0.0	0.0	0.0	0.0	0.0	1.0947195855619309e-05	0.0	2.3017894987285048e-05	0.0	2.666619814332116e-05	0.0	0.0	0.0	0.0	0.0	0.0	0.0	0.0	9.366311317627425e-06	0.0	0.0	0.0	0.0	0.0	0.0	0.0	0.0	0.0	0.0	0.0	0.0	0.0	0.0	0.0	0.0	0.0	0.0	1.9931644648028338e-05	0.0	0.0	0.0	0.0	0.0	0.0	0.0	0.0	0.0	0.0	0.0	0.0	4.513917255252761e-05	8.609033145389221e-06	0.0	0.0	3.448060786889864e-05	6.189891180660693e-05	0.0	0.000941551055703506	0.0	5.484030649746226e-05	0.0021557453266438254	0.0034924809254628527	0.0006564969029994736	0.001339121698535851	0.0	0.011171577334804995	0.0	0.0	0.028643852201508443	0.0011038126992823866	0.07988817766538393	0.0035555482198531426	0.001977436372058778	0.003195371807462509	0.004894369948938695	0.004358592893364934	0.0012552928504153758	0.002390122079395657	0.0	0.0005508356343698118	0.0	3.6418239562149295e-05	0.0007500927376163392	0.00043850043732478883	0.0	6.0985181370893185e-05	0.0026672087932642905	1.1656701384069281e-05	0.00014304024455100172	0.08376120246915597	0.0	0.020382026482617766	0.021024718097021975	0.0031644152747766514	0.0	0.0	0.0	0.0	4.4303701763870504e-05	0.0	0.0	0.0	0.0	0.0	0.0	0.0	0.0	0.0	0.0	0.0	0.0	0.0	3.237942692860933e-05	0.0	0.0	0.0	0.0	0.0	9.968359387746144e-06	2.845122770274811e-05	0.0	0.0	0.0	0.0	0.0	0.0	0.0	0.0	0.0	0.0	0.0	0.0	0.0	0.0	0.0	0.0	0.0
1.3532246178548535e-05	3.7473890386339276e-05	0.0	0.0	0.0	0.0	0.0	5.4405295104007154e-05	0.0	1.874864387593394e-05	0.0	0.0	0.0	0.0	0.0	0.0	2.275138300756405e-05	0.0	4.557250542535198e-05	0.0	0.0	1.748760291325472e-05	0.0	6.225915741022555e-05	0.0	0.00021191179625102482	0.00015568938227660873	4.395397262457429e-05	1.6517636527050576e-05	7.764094325044307e-05	7.359279407545284e-05	0.0	0.0	0.0	4.1813004868682566e-05	2.378479526985531e-05	0.0	6.599768105015297e-05	0.0	1.6763245966490636e-05	1.2559967694451671e-05	0.0	5.391322594607706e-05	0.0	1.1513220008135802e-05	0.0	0.0	0.0	0.0	0.0	0.0	0.0	0.0	0.0	0.0	0.0	0.0	0.0	2.734056033474034e-05	0.0	0.0	0.0	0.0	3.843169025265566e-05	2.8986888812764704e-05	1.4430929613402042e-05	0.00010595954762236491	0.0	1.4038110792689291e-05	0.0	0.0	0.0	0.0	0.0	0.0	9.938745619225652e-06	0.0	0.0	0.014867068376790823	0.003641063326510804	0.03180511827499449	0.021701734774240884	0.022600724882526544	0.0003960419981169533	0.0010507829417345934	0.00023362411438524695	0.0	0.0007800152391542838	0.0	0.00017209496285992476	0.00021354042496774016	0.00044763334520666345	0.00047917391767674563	0.0	0.009489258370020202	0.00011783477439526242	0.00016548284771141362	0.06137233968838567	0.0026412579185415065	0.008106940556433843	0.016828297691896397	0.006831561680629129	0.008939577480713057	0.02519510868369782	0.26868929558664195	0.019099475749109137	0.05187362192720205	0.004975105708676618	0.014090908003508113	0.02318428257047141	0.09379517576734962	0.2513137809681276	0.0036598128922875556	0.0	0.0007328335494065673	0.07188175624523817	0.0050043128335368215	0.00042426891467677486	0.28836971264619177	0.020382026482617766	0.0	0.05627267849318613	0.4799058820995545	1.227690190186035e-05	0.0	3.3987348687589244e-05	0.0	0.0	0.0	2.1656279602733338e-05	0.0	0.0	0.0	0.0	0.0	0.00021657354296686148	0.00027939578803672945	1.6308936176924072e-05	0.0	0.0	0.0	0.0007305576985609488	0.00010349109020730365	8.02542070443207e-05	0.00014520289625913075	0.0	0.000205910518450245	0.0	1.9144011697341505e-05	0.0001966909326077785	4.42354425370474e-05	0.0	8.515845958924161e-05	0.0008690030204327029	3.0199844015936266e-05	0.0	0.0	0.0	0.0	0.0	0.0	0.0	0.0	0.0	0.0	0.0
0.0	0.0	0.0	0.0	0.0	0.0	0.0	7.708537128629331e-06	0.0	0.0	0.0	0.0	0.0	0.0	0.0	0.0	8.727444144530806e-06	0.0	1.2505731644362504e-05	0.0	0.0	0.0	3.1147758240508594e-05	7.766291828092863e-06	0.0	1.0494024668668717e-05	0.0	0.0	0.0	0.0	0.0	0.0	0.0	0.0	2.9952229166727713e-05	0.0	0.0	9.268701853695821e-06	2.9537496836798708e-05	0.0	0.0	0.0	0.0	0.0	0.0	0.0	0.0	0.0	0.0	0.0	0.0	0.0	0.0	0.0	0.0	0.0	0.0	0.0	0.0	0.0	0.0	0.0	0.0	8.385160915405853e-06	0.0	0.0	9.953605301591032e-06	0.0	0.0	0.0	0.0	0.0	0.0	0.0	0.0	0.0	0.0	0.0	3.558707526241849e-05	0.00016850048071495968	0.0003254585821760813	0.00011172767541829776	0.00019932219458703874	2.999191865017093e-05	0.0	0.0	3.531701433180207e-05	1.6467193676482658e-05	2.6859944233606917e-05	0.0003989040603558228	0.0008202506853064864	0.0007226534815540418	0.0001917669748917793	0.0	0.0013870366107208618	0.0	3.4057927358128205e-05	0.08529506763530369	0.014076924709085557	0.2549873049948384	0.00798443779596404	0.0027564827108894616	0.010974382394239923	0.005823012282048272	0.0068987176079449986	0.003972945530008785	0.03513387608145336	0.00036352763484139673	0.0007262395949697793	5.1805006788811276e-05	0.00014161886538430625	0.0005693754392432053	0.0005898348730333257	0.0	0.0	0.003920279818609948	0.0005706762413111036	4.911474774771716e-05	0.015204817858335115	0.021024718097021975	0.05627267849318613	0.0	0.08626741716912176	7.806051096857629e-06	0.0	9.177105864386446e-06	8.608418850913403e-06	6.25105021012292e-05	0.0	0.0	0.0	0.0	0.0	0.0	0.0	2.2221085266805155e-05	0.00010337419336599549	0.0	0.0	0.0	0.0	0.0047110731775589975	0.00017184861883815194	0.0010677271961337192	0.0006392588854525336	0.0	0.0	0.0	0.0	0.0	0.00016882646080743554	0.0	0.0	8.978999109727237e-06	0.0	0.0	0.0	0.0	0.0	0.0	7.911246041603794e-06	0.0	0.0	0.0	0.0	0.0
2.7221268295913056e-05	2.096537737186236e-05	0.0	7.882441231877302e-06	0.0	0.0	0.0	3.738111171947394e-05	0.0	0.0	0.0	0.0	0.0	0.0	0.0	0.0	2.2882039494194155e-05	0.0	2.6143803590235567e-05	3.4567133403655625e-05	0.0	0.0	5.683781216020647e-05	0.0	0.0	5.802102504294954e-05	0.0	0.0	0.0	1.0703881067741483e-05	0.00014000481353575872	0.0	0.0	0.0	6.777887058043505e-05	0.0	3.78984633648446e-05	0.0	5.208415909402442e-05	0.0	0.0	0.0	1.2796999048700085e-05	0.0	2.0284827242517076e-05	0.0	0.0	0.0	0.0	0.0	0.0	0.0	0.0	0.0	0.0	0.0	0.0	0.0	0.0	0.0	0.0	0.0	0.0	1.7247134631916726e-05	0.0	0.0	3.726339306418099e-05	0.0	0.0	0.0	0.0	2.8994578971561585e-05	3.7913906121936586e-05	0.0	0.0	0.0	0.0	0.0	0.010368712316257894	0.0031126060551581597	0.03538411937459986	0.007094734160915021	0.0064526547162071885	0.0002523192797491232	1.6169747516497988e-05	0.00023583435784626413	0.0	0.0002118506551270063	2.010416314535109e-05	0.00012663506890619666	0.0001410759622107158	0.0002534598345175696	0.00020268315759953398	0.0	0.0011211517577109783	7.751294595185775e-05	5.5544563435144016e-05	0.07002855589260046	0.00747713659588397	0.024162706688815993	0.019082393281207637	0.004008281220178176	0.01662477652552625	0.017483976145298095	0.11792844810203419	0.050617513240465616	0.17751465566974092	0.005826063759096344	0.00839631376768608	0.005538569840844937	0.006079010383176445	0.04541631660146551	0.0018976351240907524	1.1462537500081576e-05	0.00027903312106609447	0.03228902282484548	0.0035802153779748687	0.0003897877457706192	0.026840905010997503	0.0031644152747766514	0.4799058820995545	0.08626741716912176	0.0	2.601630672586452e-05	7.3908637849961435e-06	1.566909843692036e-05	0.0	6.620713434717065e-05	0.0	1.140136699277052e-05	0.0	0.0	0.0	0.0	0.0	0.00012613259806243366	0.00017429783937837205	0.0	0.0	0.0	0.0	0.004963565874750556	0.00020021426586266784	0.0006506852714013342	0.0008170172467051984	0.0	7.44760779099262e-05	0.0	1.2600668146830602e-05	5.697766194473199e-05	0.00015779561255220838	1.269180318572598e-05	7.333720074388158e-05	0.0007088015809551305	0.0	9.539945461868016e-06	0.0	0.0	0.0	0.0	0.0	0.0	0.0	0.0	0.0	0.0
5.72264062142773e-05	0.0002620417918763975	0.0	1.4787106549124788e-05	2.3566616052951417e-05	0.0	0.0	0.00013163152438907944	0.0	2.068639861172535e-05	0.0	0.0	0.0	0.0	0.0	0.0	1.5547242246637723e-05	0.0	1.1220506394830468e-05	0.00021344647556028226	0.0068310605880454785	0.0	0.0	0.0	0.0	3.351274881576188e-05	9.442581164789975e-06	0.0	0.0	0.0	8.191603520956802e-05	0.0	0.0	9.42280437193423e-06	6.138740560014982e-05	0.0	0.0	0.00026274860424237135	0.0004106135047513909	0.0	8.088801019045896e-06	0.0	0.0	0.0	0.0	0.0410489201244972	0.03581569203389247	0.001927412011209316	0.015156626296015966	0.013478929602410688	0.012912772671382846	0.006553600529133757	0.0013443076652418719	0.00122707392886602	0.0	0.0	0.0	0.0	7.682984682181586e-06	0.0	0.0	0.0	0.0	7.6171615140199e-06	0.0	9.344617264882776e-06	3.765550209471462e-05	0.0	0.0	0.0	0.0	0.0	0.0	0.00032812694790897325	0.00013416714742151578	0.0010354510551540174	0.0	0.000477532583440357	1.221230181328285e-05	1.0374974582897299e-05	0.0	0.0	0.0	0.0	0.0	1.1653277312170286e-05	0.0	0.0	0.0	0.0	0.0	0.0	0.0	0.0	9.481308345377171e-06	1.5522103002752227e-05	0.0001442857233869598	8.619847850138866e-05	8.041980210315626e-05	4.330792674563015e-05	0.0003611014434573111	0.0007613133073688946	0.0009110568094531265	0.0008263328608231269	0.00026644178854248773	0.00018389261222910732	6.943350993932751e-05	0.0002494489626412863	0.0010966958663864	0.0	0.0	6.208036557978055e-05	0.0007667165332274476	3.381947366883811e-05	0.0	9.656338012404726e-05	0.00021160071807939946	0.0	0.0	0.0	1.227690190186035e-05	7.806051096857629e-06	2.601630672586452e-05	0.0	0.05216474974987768	0.02799310572287062	0.010260824087828004	0.07329399531524544	0.010787671117977942	0.08078494686682793	0.03239600773370766	0.0307179676742826	0.0	0.0	1.653585784181673e-05	0.00017232586963397304	0.0	0.0	0.0	0.0	0.0	0.00010154776366451763	0.0002339095905261185	0.0	0.0	0.0	0.0	0.0	9.302345724539656e-06	0.0	0.0	0.0014104015315844587	0.0013635277576314255	0.0012069559537363557	0.0	0.0007183785071280894	4.4884670075720583e-05	0.0	0.008196130465386968	0.00017244023492091665	0.0007473474932511758	0.0013244566915074074	0.006116614558167117	0.004119015400538135	0.0	0.00039076321326026906
2.905413798888003e-05	6.73947216677057e-05	0.0	0.0	1.1354928534144384e-05	0.0	0.0	6.452684796435509e-05	0.0	1.0704177655358363e-05	0.0	0.0	0.0	0.0	0.0	0.0	0.0	0.0	0.0	5.511578129987157e-05	0.0007302347128097058	0.0	0.0	0.0	0.0	0.0	0.0	0.0	0.0	2.0945437134437443e-05	3.0810263569965805e-05	0.0	0.0	0.0	3.5898540926225335e-05	0.0	1.596922490419187e-05	6.586909057633388e-05	0.00016954679316124352	0.0	0.0	0.0	0.0	0.0	0.0	0.01344867557376541	0.020867526531522042	0.0012817437792060585	0.00630273856891019	0.008680963431810813	0.00554355064788767	0.0045214059603542285	0.0010856724071112136	0.0014011441533174223	0.0	0.0	0.0	0.0	0.0	0.0	0.0	0.0	0.0	0.0	0.0	0.0	8.016109506072103e-06	0.0	0.0	0.0	0.0	0.0	0.0	0.00010433220717941642	0.0	0.0002636089085050163	0.0	0.00010588519870800264	2.114374589923817e-05	0.0	0.0	0.0	0.0	0.0	0.0	2.1145755900146362e-05	0.0	7.602251329119142e-06	0.0	0.0	0.0	0.0	0.0	0.0	0.0	0.0	3.761582454823424e-05	4.420828319174656e-05	2.4603586448417322e-05	0.0	6.826465905941935e-05	0.00021631388739499095	6.586191737985383e-05	0.00019266289537883343	4.8666333899599726e-05	2.277237369772496e-05	9.582506244004688e-06	7.114113839479926e-05	0.0005313398679223924	0.0	0.0	3.640891954880137e-05	0.00027736656035416864	1.1292978451332454e-05	0.0	0.0	0.00010537567495561629	0.0	0.0	0.0	0.0	0.0	7.3908637849961435e-06	0.05216474974987768	0.0	0.004317240306337905	0.0022616918739953463	0.008145274917282086	0.003037983749452599	0.11042452962414469	0.07884490153345078	0.02108798048546113	0.0	0.0	0.0	0.00024188366723110487	0.0	0.0	0.0	0.0	0.0	4.353632583923958e-05	0.00012968169220150839	0.0	0.0	0.0	0.0	0.0	0.0	0.0	0.0	0.0008862528803650752	0.0014582739904199977	0.0013799467287324415	0.0	0.0017719320693745338	0.0	0.0	0.024865507322532468	0.0013715319962869991	0.00183359500854368	0.006600712667707981	0.023660398464135042	0.030845286746773316	0.0	0.000110755363877996
0.0	7.18766068175756e-05	3.213361272434412e-05	0.0	3.093038981885459e-05	0.0	0.0	5.2074174283665296e-05	0.0	0.0	0.0	0.0	0.0	0.0	0.0	0.0	3.053114156627393e-05	1.3563960852540823e-05	5.921655411673042e-05	0.00015109858244070494	0.006008643461504253	9.222035674546412e-06	4.7135440444040975e-05	6.27634812379234e-05	0.0	7.146272522581063e-05	6.84712502400228e-05	0.0	0.0	0.0	9.762254408824396e-05	0.0	0.0	0.0	0.00028130740633311777	1.366670412875097e-05	1.8358955294187128e-05	0.00019751099920491537	0.0002172471586389847	0.0	9.870542404305576e-06	0.0	0.0	0.0	0.0	0.004037014746953207	0.0011341088470421578	0.003742427798109855	0.008269679526103227	0.0026610558159477363	0.00020232336743696168	6.450025149276673e-05	0.00016574203406882008	0.0003644352976270412	0.0	0.0	0.0	3.877589808749285e-05	5.33310924030015e-05	0.0	0.0	0.0	0.0	0.00011606315647277722	2.0978969899703562e-05	1.91859058460111e-05	0.00013054110486484838	0.0	3.3983364496661576e-05	0.0	0.0	1.941450419507841e-05	0.0	0.0006619611193926651	0.0003116123525527805	0.0006356003458916896	0.0	0.00016778598002664653	0.00084930870831768	0.0008243509016772284	3.9135103338882824e-05	0.0	0.0	1.8160996374222487e-05	0.0	0.0006667988215329136	0.0	0.0002018614969587352	0.0	0.0	0.0	0.0	0.0	0.0	0.0	0.0002255881592192249	0.00026047083154572334	0.0011072361835154565	0.0003919799579900487	0.0	0.0017234366622241651	0.0019516692742257776	0.00046419947518641663	0.0023905563350875296	0.00037002447198441677	0.00011350711480617188	9.006823527507742e-05	0.002464115814935957	0.002600222987870898	0.0	0.0	0.00012667843864712735	0.0012555741366822664	0.0013040775209376568	0.0010462420163661775	0.0003298558461958915	0.0018970199784176392	0.0	0.0	0.0	3.3987348687589244e-05	9.177105864386446e-06	1.566909843692036e-05	0.02799310572287062	0.004317240306337905	0.0	0.025503981599677067	0.07781952144598114	0.0010037714023744039	0.00701031380965381	0.002624693553395803	0.00024689319368837196	0.0	0.0	5.8454003479798324e-05	0.00021993978487164662	0.0006414328359551708	0.006818823105668061	6.259907895715073e-05	8.530176466541514e-05	0.0	0.00016701944703524242	0.0081815647077775	0.0	0.0003308799108979986	0.0	0.0	0.0	4.0169933345076466e-05	0.0	0.0	0.0061709656071205245	0.013605599774251872	0.006234052428545666	0.004367354308269432	0.0019441217501986823	0.0	0.0	0.007742162425559157	0.0005331853031052764	0.004469262252343401	0.0026540111419925266	9.053024991508754e-05	0.0001487119069949864	0.00016400180852232872	0.0014559841209887835
0.0	0.0	0.0	0.0	0.0	0.0	0.0	1.3390867544542735e-05	0.0	0.0	0.0	0.0	0.0	0.0	0.0	0.0	0.0	0.0	0.0	6.424549099391537e-05	0.0002693220858695427	0.0	0.0	0.0	0.0	0.0	0.0	0.0	0.0	1.3579084066317994e-05	0.0	0.0	0.0	0.0	0.0	0.0	0.0	2.275638367679488e-05	0.0	0.0	0.0	0.0	0.0	0.0	0.0	0.001523945326841192	0.0010317489456785564	0.00036421903291534205	0.003965564989401122	0.002631279598217318	0.0004283374310651706	0.0005506856785688427	4.599885517487497e-05	0.0004078369433049228	0.0	0.0	0.0	0.0	0.0	0.0	0.0	0.0	0.0	0.0	0.0	0.0	0.0	0.0	0.0	0.0	0.0	0.0	0.0	4.683198540057397e-05	4.521720447906116e-05	7.627714891104655e-05	0.0	7.469780240481396e-05	1.2435144709772272e-05	0.0	0.0	0.0	0.0	0.0	0.0	0.0	0.0	1.1332034357513485e-05	0.0	0.0	0.0	0.0	0.0	0.0	0.0	0.0	0.0	0.0	0.000125282410834966	0.0	1.9549193538715685e-05	5.465265744053881e-05	1.2080017308557583e-05	3.048098703927143e-05	1.6893720643993345e-05	0.0	0.0	1.199519049544524e-05	2.6089148828216705e-05	0.0	0.0	0.0	8.023562211129994e-05	0.0	0.0	0.0	2.7759229107745463e-05	0.0	0.0	0.0	0.0	8.608418850913403e-06	0.0	0.010260824087828004	0.0022616918739953463	0.025503981599677067	0.0	0.07365684699844272	8.121298390513977e-05	0.0034139700953232446	0.0025396521265456085	0.0008604799343384837	0.0	0.0	0.0	0.0	0.0	0.0	0.0	0.0	0.0	0.0	3.7141000628795365e-05	0.0	0.0	0.0	0.0	0.0	0.0	0.0	0.0	0.00039656209067265394	0.0003102583299948669	0.0002543271595508631	0.0	0.0017053829217572448	0.0	0.0	0.002689507794760913	0.0006269539371972053	0.004288754790168318	0.0007312106660419233	1.8642469182001466e-05	0.0	0.0	0.00010241952006573308
5.723272454056768e-05	4.551809123904698e-05	1.2782813345624917e-05	0.0	0.0	0.0	0.0	2.2245725912932254e-05	0.0	0.0	0.0	0.0	0.0	0.0	0.0	0.0	8.582848039907232e-06	0.0	0.0	0.00016834240961566822	0.0022670222384687726	0.0	8.892459250614859e-05	0.0	0.0	0.0	1.002744551768795e-05	0.0	0.0	1.0972486607110945e-05	4.7681730960413765e-05	0.0	0.0	0.0	9.366360901934863e-06	0.0	0.0	4.495433051834371e-05	0.00014244106777957648	0.0	0.0	0.0	9.774540757455016e-06	0.0	0.0	0.012332699539009838	0.006468220648064837	0.0014981603226456067	0.008786657366398578	0.014303693718587083	0.0021534534297653735	0.0016886013984640854	0.0005793130435051296	0.001513082506030551	0.0	0.0	0.0	0.0	8.56659999693281e-06	0.0	0.0	0.0	0.0	0.0	8.261728127791184e-06	0.0	8.294779098869874e-05	0.0	0.0	0.0	0.0	0.0	0.0	0.0002949617198943701	5.872914863838586e-05	0.000529242221241351	0.0	0.00019545466267959047	1.1336294016815985e-05	2.599017212291811e-05	0.0	0.0	0.0	0.0	0.0	0.0	0.0	0.0	0.0	0.0	0.0001282930088353335	3.895336491505517e-05	4.010627352188479e-05	0.0	0.0	3.00827543467658e-05	0.00014116619279511404	0.00016430550322328206	0.0002760087097040726	0.0002844124913633891	0.0006863642851520749	0.0005665182619768481	0.0022937603816057628	0.0004719055193262546	8.234941215733237e-05	0.000410981211875055	0.0010786680103053222	0.0001298741564456233	0.0006952642147377235	0.0	0.0	0.00011328412774789945	0.0002566760995021428	1.343801120220829e-05	0.0	0.0006070935993744549	0.00018605335310494298	0.0	0.0	4.4303701763870504e-05	0.0	6.25105021012292e-05	6.620713434717065e-05	0.07329399531524544	0.008145274917282086	0.07781952144598114	0.07365684699844272	0.0	0.0007635748861980151	0.012600397614849069	0.021822147055716647	0.020806221176931965	0.0	0.0	0.0	5.27380806138044e-05	0.0	0.0	0.0	0.0	0.0	6.80898909037025e-05	0.00014873367266950827	0.0	0.0	0.0	0.0	0.0	0.0	0.0	0.0	0.00143946888287305	0.0014842633811309595	0.0013772009554679978	0.0	0.00028575105096319503	0.0	0.0	0.006894790734640252	0.00045986774968411305	0.002468026134427848	0.0005970252091557623	0.0014154809076393003	0.002391524686310833	0.0	7.458907136436333e-05
1.1177991524089667e-05	1.0690313332054095e-05	0.0	0.0	0.0	0.0	0.0	0.0	0.0	0.0	0.0	0.0	0.0	0.0	0.0	0.0	0.0	0.0	0.0	2.3334103298278182e-05	0.00019594222517490883	0.0	0.0	0.0	0.0	1.525171288742789e-05	7.665536056207041e-06	0.0	0.0	2.0787138314622694e-05	8.447425950392896e-06	0.0	0.0	0.0	9.049541969377479e-06	0.0	0.0	1.731349037226984e-05	6.597965899084471e-05	0.0	7.285965886981127e-06	0.0	0.0	0.0	0.0	0.005770308564277767	0.011236892205048676	0.0002916380194889354	0.0023028742821697874	0.003480420594960826	0.005507126621653212	0.003187699543091238	0.0008321787386496224	0.0008201257199964796	0.0	0.0	0.0	0.0	0.0	0.0	0.0	0.0	0.0	0.0	0.0	0.0	2.7953160680070386e-05	0.0	0.0	0.0	0.0	0.0	0.0	5.7893201289440346e-05	0.0	4.741260294936003e-05	0.0	4.122332808327675e-05	0.0	0.0	0.0	0.0	0.0	0.0	0.0	1.1403320063547943e-05	0.0	0.0	0.0	0.0	0.0	0.0	0.0	0.0	0.0	0.0	3.689981153854315e-05	2.257255995736983e-05	0.0	0.0	5.579958471072354e-05	6.725758157376035e-05	0.0	6.909585733358298e-05	1.197903335703442e-05	1.1357243386720733e-05	0.0	0.00010804480006299444	0.00021542549454039168	1.29662211078041e-05	0.0	1.3149937394563002e-05	8.343012233957916e-05	0.0	0.0	0.0	0.0	0.0	0.0	0.0	0.0	0.0	0.0	0.010787671117977942	0.003037983749452599	0.0010037714023744039	8.121298390513977e-05	0.0007635748861980151	0.0	0.030992217793881803	0.027973636134182918	0.007981011918829023	0.0	0.0	0.0	8.802409924407252e-05	0.0	0.0	0.0	0.0	0.0	2.2116231902843994e-05	7.913796144172295e-05	0.0	0.0	0.0	0.0	0.0	0.0	0.0	0.0	0.0002743573355636506	0.0005005609443894285	0.00046429277632496546	0.0	0.0010488016281029197	0.0	0.0	0.0003810210161629272	0.0	8.542804855070894e-05	0.0	0.0016585914963201799	0.0009462455390810054	0.0	3.0043802200339153e-05
1.1105040152615651e-05	6.727106942361922e-05	0.0	0.0	0.0	0.0	0.0	8.323117173346497e-06	0.0	0.0	0.0	0.0	0.0	0.0	0.0	0.0	0.0	0.0	0.0	6.42810649798389e-05	0.0004730176457584203	0.0	0.0	7.903970003597092e-06	0.0	8.205887933532734e-06	0.0	0.0	0.0	1.0414316976188255e-05	2.8425083917522484e-05	0.0	0.0	0.0	9.24891955147243e-06	0.0	0.0	4.8104753970196754e-05	9.95830470024274e-05	0.0	0.0	0.0	0.0	0.0	0.0	0.015092925344477785	0.0274846831259294	0.0008037275981785261	0.007803265617581811	0.012200152639638832	0.019623553526906833	0.02043614867795463	0.002786235475242449	0.004289843185918233	0.0	0.0	0.0	2.027248350464162e-05	8.574991681857547e-06	0.0	0.0	0.0	0.0	0.0	0.0	0.0	1.8984686298716635e-05	0.0	8.33568863174503e-06	0.0	0.0	0.0	0.0	0.00024389866697210622	0.0	9.943269360877025e-05	0.0	0.00023968476847598908	8.844352463688037e-05	4.523662775416925e-05	0.0	0.0	0.0	0.0	0.0	3.495825717563529e-05	0.0	0.0	0.0	0.0	0.0	0.0	0.0	0.0	0.0	0.0	5.070628832067495e-05	1.9812682712137094e-05	2.8799744781195236e-05	0.0	4.747893206110365e-05	0.0003389032652223282	2.346926277460847e-05	0.0001938257649220965	1.4248678818397063e-05	0.0	0.0	0.00023829622330311567	0.0008117029741760146	0.0	0.0	3.913684521723953e-05	0.0002681967507288026	4.695723352477846e-05	0.0	2.055766122143983e-05	0.00010131243654128153	0.0	0.0	0.0	2.1656279602733338e-05	0.0	1.140136699277052e-05	0.08078494686682793	0.11042452962414469	0.00701031380965381	0.0034139700953232446	0.012600397614849069	0.030992217793881803	0.0	0.4249973080726528	0.03741273936382437	0.0	0.0	0.0	0.0003222790187613131	0.0	0.0	0.0	0.0	0.0	4.332235302441918e-05	0.000112983991180121	0.0	0.0	0.0	0.0	0.0	0.0	0.0	0.0	0.0008283746865926943	0.0013530383296117047	0.0024405168267578312	0.0	0.004037614822669753	0.0	0.0	0.028641785928838814	0.0010022661036037783	0.0018793290394417425	0.0024001793241638972	0.030056949688819914	0.048090378360142384	0.0	0.00023153075031920586
0.0	0.0	0.0	0.0	0.0	0.0	0.0	0.0	0.0	0.0	0.0	0.0	0.0	0.0	0.0	0.0	0.0	0.0	0.0	5.526856983396219e-05	2.9210829909841678e-05	0.0	0.0	0.0	0.0	0.0	0.0	0.0	0.0	0.0	0.0	0.0	0.0	0.0	0.0	0.0	0.0	0.0	7.080975544926564e-05	0.0	0.0	0.0	0.0	0.0	0.0	0.0013442130418551235	0.0024401559328852927	0.0006545187058333467	0.002369594573697197	0.0018414597702152609	0.0016478087238645746	0.002045029385044943	0.0011772319170619565	0.0015562059304863253	0.0	0.0	0.0	0.0	0.0	0.0	0.0	0.0	0.0	0.0	0.0	0.0	0.0	0.0	0.0	0.0	0.0	0.0	0.0	2.83095230978321e-05	0.0	9.629817937379043e-05	0.0	0.0004527052817789289	5.684171095593799e-05	2.546865447749238e-05	0.0	0.0	0.0	0.0	0.0	4.3425957598414584e-05	0.0	0.0	0.0	0.0	0.0	0.0	0.0	0.0	0.0	0.0	0.0	0.0	0.0	0.0	0.0	0.0	0.0	1.3637300634423265e-05	1.8336128148194152e-05	0.0	0.0	6.966628163427323e-05	5.489904461902366e-05	0.0	0.0	0.0	3.998146431062411e-05	2.6646826288976195e-05	2.1411177943330886e-05	0.0	2.3964261079590926e-05	0.0	0.0	0.0	0.0	0.0	0.0	0.03239600773370766	0.07884490153345078	0.002624693553395803	0.0025396521265456085	0.021822147055716647	0.027973636134182918	0.4249973080726528	0.0	0.032627704361899997	0.0	0.0	0.0	0.00015670453374033356	2.4021332617484837e-05	0.000140484008220078	0.0	3.572247072332333e-05	0.0	0.0	0.0	0.0	0.0	0.0	0.0	0.0	0.0	0.0	0.0	0.00025496721766556633	0.0003876800757136466	0.00038411166527301525	0.0001013558044457565	0.028378456685928435	0.0	0.0	0.030331696492590578	0.0024122646212829772	0.005895396374152262	0.003762837470374525	0.011718145249667609	0.006342476484284821	8.809691655427088e-05	0.0004931846212025969
0.0	0.0	0.0	0.0	0.0	0.0	0.0	0.0	0.0	0.0	0.0	0.0	0.0	0.0	0.0	0.0	0.0	0.0	0.0	0.0	0.0	0.0	0.0	0.0	0.0	0.0	0.0	0.0	0.0	0.0	0.0	0.0	0.0	0.0	0.0	0.0	0.0	0.0	0.0	0.0	0.0	0.0	0.0	0.0	0.0	0.0003951267131213776	0.00039855226520371634	4.10717690563657e-05	0.00016475942368421206	0.0003138859803686153	0.00018863813163240894	0.0001884339067251454	7.05006523858869e-05	0.00010464652026799083	0.0	0.0	0.0	0.0	0.0	0.0	0.0	0.0	0.0	0.0	0.0	0.0	0.0	0.0	0.0	0.0	0.0	0.0	0.0	0.0	0.0	8.646383351393527e-05	0.0	0.0	0.0	0.0	0.0	0.0	0.0	0.0	0.0	0.0	0.0	0.0	0.0	0.0	0.0	0.0	0.0	0.0	0.0	0.0	0.0	0.0	0.0	0.0	0.0	0.0	0.0	0.0	0.0	0.0	0.0	0.0	0.0	0.0	0.0	0.0	0.0	0.0	0.0	0.0	0.0	0.0	0.0	0.0	0.0	0.0	0.0	0.0307179676742826	0.02108798048546113	0.00024689319368837196	0.0008604799343384837	0.020806221176931965	0.007981011918829023	0.03741273936382437	0.032627704361899997	0.0	0.0	0.0	0.0	0.0	0.0	0.0	0.0	0.0	0.0	0.0	0.0	0.0	0.0	0.0	0.0	0.0	0.0	0.0	0.0	0.0	0.0	3.115556042311134e-05	0.0	0.00510096523126619	0.0	0.0	0.001763982469871104	0.0001950706377276298	0.0007799974962362613	0.00015349017407868606	0.0007161133499647813	0.00022097660375950618	0.0	0.0
0.0	0.0	0.0	0.0	0.0	0.0	0.0	0.0	0.0	0.0	0.0	0.0	0.0	0.0	0.0	0.0	0.0	0.0	0.0	0.0	0.0	0.0	0.0	0.0	0.0	0.0	0.0	0.0	0.0	0.0	0.0	0.0	0.0	0.0	0.0	0.0	0.0	0.0	0.0	0.0	0.0	0.0	0.0	0.0	0.0	0.0	0.0	0.0	0.0	0.0	0.0	0.0	0.0	0.0	0.0	0.0	0.0	0.0	0.0	0.0	0.0	0.0	0.0	0.0	0.0	0.0	0.0	0.0	0.0	0.0	0.0	0.0	0.0	0.0	0.0	0.0	0.0	0.0	0.0	0.0005865956679607257	0.000356035938153371	0.0	5.3641804201689024e-05	0.00015719868911208897	0.0	0.0	0.0	0.00040904634863897233	2.4531149284576308e-05	0.0	0.0	0.0	0.0	0.0	0.0	0.0	0.0	0.0	0.0	0.0	0.0	0.0	0.0	0.0	0.0	0.0	0.0	0.0	0.0	0.0	0.0	0.0	0.0	0.0	0.01980930291535185	7.466557811432818e-05	0.0	0.0	0.0	0.0	0.0	0.0	0.0	0.0	0.0	0.0	0.0	0.0	0.0	0.0	0.0	0.0	0.0	0.000162437339144792	0.00020553628364432467	0.0	0.0	0.0001677606516278103	0.0	0.0	0.0	0.0	0.0	0.0	0.0	0.0	0.0	0.0	0.0001058246177030134	0.0	0.0001401798764426368	0.0	0.0	0.0	0.0	0.0	0.0	0.0	0.0	0.0	0.0	0.0	0.0	0.0	0.0	0.0
0.0	0.0	0.0	0.0	0.0	0.0	0.0	0.0	0.0	0.0	0.0	0.0	0.0	0.0	0.0	0.0	0.0	0.0	0.0	0.0	0.0	0.0	0.0	0.0	0.0	0.0	0.0	0.0	0.0	0.0	0.0	0.0	0.0	0.0	0.0	0.0	0.0	0.0	0.0	0.0	0.0	0.0	0.0	0.0	0.0	0.0	0.0	0.0	0.0	0.0	0.0	0.0	0.0	0.0	0.0	0.0	0.0	0.0	0.0	0.0	0.0	0.0	0.0	0.0	0.0	0.0	0.0	0.0	0.0	0.0	0.0	0.0	0.0	0.0	0.0	0.0	0.0	0.0	0.0	4.0789366224329696e-05	2.7246222516873457e-05	0.0	0.0	0.0	0.0	0.0	0.0	0.0	0.0	0.0	0.0	0.0	0.0	0.0	0.0	0.0	0.0	0.0	0.0	0.0	0.0	0.0	0.0	0.0	0.0	0.0	0.0	0.0	0.0	0.0	0.0	0.0	0.0	0.0	0.0004358749978287434	0.0	0.0	0.0	0.0	0.0	0.0	0.0	0.0	0.0	0.0	0.0	0.0	0.0	0.0	0.0	0.0	0.0	0.000162437339144792	0.0	0.0	0.0	0.0	0.0	0.0	0.0	0.0	0.0	0.0	0.0	0.0	0.0	0.0	0.0	0.0	0.0	0.0	0.0	0.0	0.0	0.0	0.0	0.0	0.0	0.0	0.0	0.0	0.0	0.0	0.0	0.0	0.0
0.0	0.001062652395149469	0.0003760081528654134	1.6147306026229812e-05	6.87969769015936e-05	0.0	0.0	0.00012100374788747564	0.0	0.0009667294170164801	0.0	0.0	0.0	2.1907916290214157e-05	0.0	0.0	3.7126751567994034e-05	0.0	0.0	0.0	0.0	0.0	0.0	0.0	0.0	0.0	0.0	0.0	0.0	0.0	0.0	0.0	0.0	0.0	0.0	0.0	0.0003934940754215815	9.821271212558504e-05	2.548354629783471e-05	0.0	0.0	0.0	0.0	0.0	0.0	1.949583898742589e-05	0.0	0.0	0.0	2.1817556235679747e-05	0.0	0.0	0.0	0.0	0.0	0.0	7.580272625720687e-05	0.00021881950090267365	0.0	0.0	0.0	0.0	0.0	0.0	0.0	0.0	0.0	0.0	0.0	0.0	0.0	0.0001695451173952968	0.0	0.0	0.0	0.0	5.086547323042859e-05	0.0	4.5210247984369085e-05	0.021304709157984096	0.00643573570481171	3.465059756654049e-05	0.004901006686368775	0.0028193480979797356	0.0	0.0024069632085357466	0.0	0.020566209927011175	0.0006690805481189677	5.4338120304353075e-05	0.0001112625103383076	0.00032548847692234425	2.4804838133688935e-05	0.0003828777639137376	2.096575659999177e-05	0.001824756943645647	0.0	0.0	0.0	0.0	0.0	1.504137579604089e-05	0.0	0.0	0.0	0.0	0.0	0.0	1.961517005093959e-05	0.0	1.0905993132570415e-05	0.0	0.0	1.984390062482687e-05	0.14260945151128465	0.0018271748232306358	0.00379969414907493	0.0	0.0	0.0	0.0	0.0	0.0	1.653585784181673e-05	0.0	5.8454003479798324e-05	0.0	0.0	0.0	0.0	0.0	0.0	0.00020553628364432467	0.0	0.0	0.00110508288120397	0.00028184719028647733	0.0	0.00013724085660389503	0.0003583232236912283	0.0	0.0	0.0	0.0	0.0	0.0	0.0	0.0	0.001937881976470128	0.004634785024604604	0.0013503971590350019	0.0008864342046681123	0.00047888964349621603	0.0085738320288668	0.009602598753001386	0.00025661522007308055	5.529509743845673e-05	0.0	0.0	0.0	0.0	0.0	0.0	0.0	0.0009577218904018559	0.0002025225090344819
0.00013720024889253576	0.0037501069051155502	0.001982188365427987	0.00011979629011483743	0.000532853352694889	0.0	0.0	0.0015698091465005059	0.0	0.00244454869758832	0.0	0.0	9.800691888503973e-06	0.0	0.0	0.0	0.00019526852135290544	0.0	0.0	0.0	0.0	0.0	0.0	0.0	0.0	0.0	0.0	0.0	0.0	0.0	1.5010477426665935e-05	1.0537885661534457e-05	0.0	0.0	8.650082524376096e-06	0.0001518913914421546	0.0021384679933322093	0.00011190405047286772	2.0423688095576873e-05	0.0	0.0	0.0	0.0	0.0	0.0	7.487042190720726e-06	0.0	0.0	0.0	0.0	0.0	0.0	0.0	0.0	0.0	0.0	0.00022416195476483136	0.0009174763749623272	0.0	5.695335920647813e-05	1.5183085910324346e-05	6.722494408071251e-05	0.0	0.0	0.0	0.0	0.0	0.0	0.0	0.0	0.0	0.0017827281533802377	0.0	5.8755044502074296e-05	2.662711560853043e-05	7.365075170328562e-05	0.00019969317702967973	3.413085485567654e-05	0.025642397698027078	0.05095371158162881	0.010162018259235236	0.00041062604590826816	0.00351622874736744	0.00041901412036085214	0.0	0.07378045053696597	0.0	0.02986803766265543	6.327542543909635e-05	0.0	0.0	0.0	9.914121501201094e-06	0.0	1.4087366374561935e-05	0.030199984705899376	0.0	0.0001355369781912323	0.0002856132065884394	0.0	0.0	0.0	0.0	6.300804665222285e-05	0.0001409121595327723	0.0	3.0637415428821285e-05	0.01867166636704457	0.0037797749702890935	0.0	0.00015604467679530417	0.00011313360723676155	0.000749577226099711	0.00892489793813671	0.16039008264843924	0.0015446973273281525	3.6932038583712754e-05	0.0	5.446784754433206e-05	0.0	0.00021657354296686148	2.2221085266805155e-05	0.00012613259806243366	0.00017232586963397304	0.00024188366723110487	0.00021993978487164662	0.0	5.27380806138044e-05	8.802409924407252e-05	0.0003222790187613131	0.00015670453374033356	0.0	0.0	0.0	0.00110508288120397	0.0	0.004329429002347927	0.00524487970959733	0.00022298345422775234	0.00112667875793793	0.0006276011308610447	0.00020112489636093787	0.000595422441410075	0.0	0.0	0.0	0.0	0.0	0.0003433816060124428	0.018954707351872296	0.0	0.001440131375132199	0.006076445983799356	0.02467208060017981	0.00785490994550405	0.00046251373361155167	5.714643590861298e-05	0.0	4.961641055091433e-05	0.0	0.0	0.0	0.0	0.0	0.0002930136093841406	0.0
0.0	1.3992734723761991e-05	1.3055127607547421e-05	0.0	1.5750936418165946e-05	0.0	2.098675096306425e-05	5.1808051632580856e-05	0.0	2.315409848875594e-05	0.0	0.0	0.0	0.0	0.0	0.0	0.0001490387281842332	0.0	0.00024252347191490388	0.0006952561903439648	7.89412191737469e-05	4.4592580857398424e-05	6.367958345634423e-05	7.87680101690314e-05	1.1709047721107186e-05	0.00020877531241716524	0.00012689944416955696	2.382065574288856e-05	0.0	0.00037053585239364993	0.0016496661933425255	0.0	0.0	0.0	0.004328498505070464	0.00046927464300271855	0.00011947808098521513	0.0003777948848193964	2.562668425652769e-05	4.256850718813105e-05	7.305421300066308e-05	0.0	7.504306711998254e-05	0.0	2.3610686401782197e-05	8.648934739480909e-06	0.0	3.4800624989287624e-05	0.0	0.0	0.0	7.876250539267372e-06	0.0	0.0	0.0	1.5858646389174092e-05	0.0	4.606069139742517e-05	0.0006485350846371653	0.0	0.0	0.0	0.0	0.00041905507424413535	0.00028462531731154064	0.00022970687420956331	0.002287404654974193	0.0	0.0004205299108036471	0.0	0.0	0.0	0.0	0.0	0.0	1.4785271929748411e-05	1.790399539925603e-05	0.0	0.028931346251066418	0.005475046206463168	0.00015405403304977644	0.0	8.330447386800321e-05	2.2245623071405618e-05	0.0	0.008995267667749857	0.0	0.0002036382569575502	0.0	0.0	2.190566571359191e-05	0.0	0.0	0.0	0.0	0.004473628749300426	0.004667779915831413	0.0033016822770022248	8.031713503986325e-05	6.303172040435423e-05	0.0034048025665760185	0.007656297935934117	0.0008055487251137884	0.007895229377372606	0.001603475833471708	0.00010321712038044855	0.0003048911886569594	0.04208124701568134	0.026486220125852975	0.00048112650362983723	5.573857213861382e-05	0.00111239037127153	0.01694952939904633	0.045106951283011607	0.05415001438863943	0.004078703904913467	0.0021898429884785707	1.2552388641232699e-05	0.0	0.0	0.00027939578803672945	0.00010337419336599549	0.00017429783937837205	0.0	0.0	0.0006414328359551708	0.0	0.0	0.0	0.0	2.4021332617484837e-05	0.0	0.0	0.0	0.00028184719028647733	0.004329429002347927	0.0	0.0052222154939658375	0.0	0.0	0.0	0.0021142236029528896	0.0029545549328331127	0.00044643226085398985	0.00038307402043914507	0.0	0.003593898578068123	0.0	0.0	7.984087593019152e-05	0.0	0.0013839524245579614	0.006061807197687275	0.006493285076576209	0.011817921582728147	0.0005546880889748787	0.0	0.0	0.0	0.0	2.70578131672357e-05	0.0	0.0	0.0	0.0008279455509396737	4.580730915867589e-05
1.479707207669754e-05	0.0004713214538316425	0.00023425115661923943	4.5349155667052886e-05	1.6214860054013495e-05	0.0	0.0	0.0005465606360699344	0.0	0.00017493032394922398	0.0	0.0	0.0	0.0	0.0	0.0	0.0	0.0	0.0	0.0	0.0	0.0	0.0	0.0	0.0	0.0	0.0	0.0	0.0	0.0	6.197266938219111e-05	0.0	0.0	0.0	1.0479820601035322e-05	2.925822516195638e-05	0.00028065845242636274	3.3438606502680625e-05	0.0	0.0	0.0	0.0	0.0	0.0	0.0	0.0	0.0	0.0	0.0	0.0	0.0	0.0	0.0	0.0	0.0	0.0	1.3829386568636913e-05	7.49728392125074e-05	1.5808022647706513e-05	0.0	0.0	0.0	0.0	0.0	0.0	0.0	0.0	0.0	0.0	0.0	0.0	0.00041903124255680184	0.0	0.0	0.0	2.6807284780849587e-05	4.066622818787623e-05	0.0	0.007353917675488028	0.015619340808425414	0.002708228967094057	2.576742013099229e-05	0.0015657977796993754	0.0008901061760669129	2.6821066463641526e-05	0.02160986256636442	0.0	0.006053760184302467	0.00019628856421673906	3.1809650896827945e-05	2.4483329811164462e-05	0.00010531497917213757	0.0	9.888411670488647e-05	0.0	0.004021988936956786	0.0	0.0	0.0	0.0	0.0	0.0	0.0	1.2896992232301647e-05	0.0	0.0	0.0	0.003554179411989319	8.966935431366295e-05	0.0	0.0	0.0	5.195499564598568e-05	0.007943990655120489	0.04664949489666218	0.00010435496545831559	1.1507818991533508e-05	0.0	0.0	0.0	1.6308936176924072e-05	0.0	0.0	0.0	0.0	0.006818823105668061	0.0	0.0	0.0	0.0	0.000140484008220078	0.0	0.0001677606516278103	0.0	0.0	0.00524487970959733	0.0052222154939658375	0.0	0.0001787123045617341	0.0	0.0	0.0	0.0001347465676010994	0.0	0.0	0.0	0.0	0.0	0.0003369825325956448	0.0015695373602196358	8.769792081436693e-05	0.006143114388103692	0.018638047988044023	0.0	0.022615122098483806	0.015333005961008388	0.0023380764776100445	0.0	0.0	0.0	0.0	0.0	0.0	0.0	0.019020876628600716	0.00042807150032372074
0.0	0.000373078098604043	6.863522141278903e-05	0.0	0.0	0.0	0.0	3.121920555465615e-05	0.0	0.0002076863161462042	0.0	0.0	0.0	0.0	0.0	0.0	0.0	0.0	0.0	0.0	0.0	0.0	0.0	0.0	0.0	0.0	0.0	0.0	0.0	0.0	0.0	0.0	0.0	0.0	0.0	0.0	0.00010351232606431793	0.0	0.0	0.0	0.0	0.0	0.0	0.0	0.0	0.0	0.0	0.0	0.0	0.0	0.0	0.0	0.0	0.0	0.0	0.0	2.7680514019642286e-05	9.946975971505719e-05	0.0	0.0	0.0	0.0	0.0	0.0	0.0	0.0	0.0	0.0	0.0	0.0	0.0	2.6658769679480186e-05	0.0	0.0	0.0	0.0	1.1775355713608745e-05	0.0	2.2104102112072894e-05	0.005139243471860654	0.0012692519550417127	0.0	0.0008510166737627957	0.00034180751727925645	0.0	0.0007718008576125282	0.0	0.0057841881678129025	6.657771827889625e-05	1.7119876506803854e-05	0.0	2.1767729516043335e-05	0.0	2.3589067643726748e-05	0.0	0.000768632368944655	0.0	0.0	0.0	0.0	0.0	0.0	0.0	0.0	0.0	0.0	0.0	1.8493317748686453e-05	0.0	0.0	2.0101658219596066e-05	0.0	0.0	0.0	0.006465140951118227	0.000184191860870491	0.0	0.0	0.0	0.0	0.0	0.0	0.0	0.0	0.0	6.259907895715073e-05	0.0	0.0	0.0	0.0	0.0	0.0	0.0	0.0	0.00013724085660389503	0.00022298345422775234	0.0	0.0001787123045617341	0.0	1.1594654887326103e-05	0.0	0.0	0.0	0.0	0.0	0.0	0.0	0.0	9.24938564396272e-05	0.0015097971030750387	0.0	0.0003097938012468229	7.472485156276483e-05	0.0	0.00040714324782473117	5.859975563336816e-05	5.449517400711364e-05	0.0	0.0	0.0	0.0	0.0	0.0	0.0	0.0004207953025453095	0.0
1.384769695151079e-05	0.00039402274514424644	0.00020267088456520842	4.5556578762148066e-05	1.0093113505331935e-05	0.0	0.0	0.0002052480326186913	0.0	0.00021988806660250382	0.0	0.0	9.60611480195422e-06	0.0	0.0	0.0	3.433732574842285e-05	0.0	0.0	0.0	0.0	0.0	0.0	0.0	0.0	0.0	0.0	0.0	0.0	0.0	0.0	0.0	0.0	1.1094647649061734e-05	0.0	0.0	0.00023219694579154092	1.7650263315670665e-05	0.0	0.0	0.0	0.0	0.0	0.0	0.0	0.0	0.0	0.0	0.0	0.0	0.0	0.0	5.965962387837673e-05	0.0	0.0	0.0	4.1854211264643023e-05	8.354938637245494e-05	0.0	3.85345620807742e-05	0.0	1.2477812006347152e-05	0.0	0.0	0.0	0.0	0.0	0.0	0.0	0.0	0.0	0.0002062324711950809	0.0	0.0	0.0	0.0	2.5761058647989856e-05	0.0	0.00022618653529590723	0.006644692695049655	0.001183955053311341	2.313356232141344e-05	0.0009508080804527939	0.0005786361029297231	0.0	0.008270615020377016	0.0	0.005970111108679851	7.319260463925801e-05	0.0	0.0	2.2132980380032504e-05	2.3556479734986158e-05	7.301532972133025e-05	0.0	0.0030872991667290936	0.0	0.0	0.0	0.0	0.0	0.0	0.0	0.0	0.0	0.0	0.0	0.0	0.0	0.0	0.0	0.0	0.0	2.142125274002567e-05	0.009272156956188965	3.2782010184981255e-05	0.0	0.0	0.0	0.0	0.0	0.0	0.0	0.0	0.0	8.530176466541514e-05	0.0	0.0	0.0	0.0	3.572247072332333e-05	0.0	0.0	0.0	0.0003583232236912283	0.00112667875793793	0.0	0.0	1.1594654887326103e-05	0.0	0.0	0.0	0.0	0.0	0.0	0.0	0.0	0.0	0.00018878075813815278	0.001993952410869241	6.907171161230272e-05	0.0	0.0	0.0	0.0017421815041774114	0.003486941261954711	0.001701052408315792	0.0	0.0	0.0	0.0	0.0	0.0	0.0	0.010583161291019447	0.00010499179600189432
0.0	0.00035159858889388467	6.0034096505326694e-05	0.0	0.0	0.0	0.0	2.9851533538770357e-05	0.0	0.0001086014977745676	0.0	0.0	9.794280821194103e-06	0.0	0.0	0.0	0.0	0.0	0.0	0.0	0.0	0.0	0.0	0.0	0.0	0.0	0.0	0.0	0.0	0.0	0.0	0.0	0.0	0.0	0.0	0.0	0.0001302970995695778	0.0	0.0	0.0	0.0	0.0	0.0	0.0	0.0	0.0	0.0	0.0	0.0	0.0	0.0	0.0	0.0	0.0	0.0	0.0	0.0	3.0952971797994e-05	0.0	0.0	0.0	0.0	0.0	0.0	0.0	0.0	0.0	0.0	0.0	0.0	0.0	7.575075823007043e-05	0.0	0.0	0.0	0.0	0.0	0.0	0.0	0.004922075898789841	0.0012667866581671382	0.0	0.0006811271529501166	0.00026909746528380653	0.0	0.0024278695980280546	0.0	0.0049496319874174875	5.43176291301785e-05	0.0	0.0	0.0	0.0	2.440287835407204e-05	0.0	0.0017020380525254349	0.0	0.0	0.0	0.0	0.0	0.0	0.0	0.0	0.0	0.0	0.0	0.0	0.0	0.0	0.0	0.0	0.0	0.0	0.006537806990613196	1.708604715392085e-05	0.0	0.0	0.0	0.0	0.0	0.0	0.0	0.0	0.0	0.0	0.0	0.0	0.0	0.0	0.0	0.0	0.0	0.0	0.0	0.0006276011308610447	0.0	0.0	0.0	0.0	0.0	0.0	0.0	0.0	0.0	0.0	0.0	0.0	0.00016405894066326518	0.001998439469315205	0.0	0.0	0.0	1.1070606605763788e-05	0.0	0.0	0.0	0.0	0.0	0.0	0.0	0.0	0.0	0.0	0.0	0.0
0.0	0.0	3.1232553374757863e-05	0.0	0.0	0.0	0.0	0.0	0.0	0.0	0.0	0.0	0.0	1.670136199608869e-05	0.0	0.0	0.0002819083865041704	0.0	0.0005842518250926061	0.0005617303525818016	4.405241492122557e-05	0.00014851209325463126	0.00042514637051866436	0.00012444774441396344	1.1465507049162163e-05	0.00034404391738069163	0.00035400961115279777	3.548665602106391e-05	1.6676978453777992e-05	3.1489353716924616e-05	0.0011142266205023423	0.0	0.0	0.0	0.0018345270612992297	0.0	0.0	0.00048357054720106696	1.2041788725728784e-05	1.2558571988019295e-05	6.476966323624639e-05	8.632618747640819e-06	0.0001965500213517821	0.0	0.0	0.0	2.6250377713311563e-05	0.0	1.0288059719503941e-05	1.7284048312369793e-05	0.0	0.0	0.0	0.0	0.0	0.0	0.0	0.0	0.0001771976288476287	0.0	0.0	0.0	0.0	0.0009575450690885192	0.00012822028380704074	0.0003937967407890407	0.0011818531230970717	0.0	0.00010935023459073082	0.0	0.0	0.0	0.0	0.0	0.0	0.0	0.0	0.0	0.00022893015807056956	0.0	0.0	0.0	0.0	0.0	0.0	0.0	0.0	0.0	0.0	0.0	0.0	0.0	0.0	0.0	3.198398656719639e-05	7.03226318668913e-05	0.002066745947228593	0.10777691889893634	0.0013252350567837384	0.00805852435240971	0.023013923444487605	0.00946565752931725	0.00794579709591845	0.00963988150965587	0.002627599841164034	0.0004935557992277836	0.0037249983520798832	0.0018041384718622392	0.006595542947208478	5.3427172099224874e-05	2.5026549773385915e-05	0.0008609354396607973	0.007116730137098852	0.0002324784808981951	0.0	0.010094524043899909	0.010317825573196007	0.0	7.243710140158159e-05	3.237942692860933e-05	0.0007305576985609488	0.0047110731775589975	0.004963565874750556	0.00010154776366451763	4.353632583923958e-05	0.00016701944703524242	0.0	6.80898909037025e-05	2.2116231902843994e-05	4.332235302441918e-05	0.0	0.0	0.0	0.0	0.0	0.00020112489636093787	0.0021142236029528896	0.0	0.0	0.0	0.0	0.0	0.003966034439850806	0.003913702302289324	0.02673536727524248	0.0	0.00928776082738765	0.0	0.0	0.0	9.399471098714017e-05	0.0	8.475651358304343e-05	0.001167746736549458	0.0	0.0	0.0	0.0	0.0	0.0	0.0	0.0	0.0	0.0	0.0	0.0
0.0	0.0	0.0	0.0	0.0	0.0	0.0	1.3841134376594784e-05	0.0	4.196505422930074e-05	0.0	0.0	0.0	0.0	0.0	0.0	5.0190743747843036e-05	0.0	0.00017068422136363675	0.00023063347544597689	3.095684029220425e-05	0.0	3.203599224167762e-05	4.909484148472528e-05	0.0	0.00018388229961138208	0.00013937584853250892	0.0	0.0	4.470365521549077e-05	0.0004591333528333152	0.0	0.0	0.0	0.001391985159498681	4.206664421124845e-05	0.0	0.0002574954535544178	0.0	0.0	9.549852222854118e-06	0.0	2.9328082105353374e-05	0.0	0.0	0.0	0.0	1.1956026238370121e-05	2.1224134916832178e-05	8.310610909129807e-06	8.632066892663219e-06	0.0	6.005510096890613e-05	0.0	0.0	0.0	0.0	0.0	7.727759495469594e-05	1.465953163538092e-05	0.0	0.0	0.0	0.00011078835213410787	0.0001268343170181555	5.6805477682370915e-05	0.000731857462113074	0.0	0.00020869692054528922	0.0	0.0	0.0	0.0	2.337633443659288e-05	0.0	0.0	0.0	0.0	0.0013866767572005628	0.00046236979403988757	4.825944415430148e-05	0.0	2.2600139851056253e-05	0.0	0.0	0.0004379575460881598	0.0	0.00015417784598374828	0.0	0.0	2.143406385591051e-05	0.0	0.0	0.0	0.0	0.0008118707941010912	0.0017839845132170008	0.009326509795686827	0.00012816918350528478	0.0	0.005008095235615944	0.0045796087899334205	0.0016293627150545792	0.004692827447112671	0.0010345237735107198	0.00016011830495850902	0.0003938715662636926	0.009123965928671015	0.01604522333052841	7.947919146342827e-05	0.0	0.0005706698366713891	0.007596776402515581	0.0028626810326626614	0.0018928467574182036	0.005107754531346282	0.009604920483104839	0.0	0.0	0.0	0.00010349109020730365	0.00017184861883815194	0.00020021426586266784	0.0002339095905261185	0.00012968169220150839	0.0081815647077775	3.7141000628795365e-05	0.00014873367266950827	7.913796144172295e-05	0.000112983991180121	0.0	0.0	0.0	0.0	0.0	0.000595422441410075	0.0029545549328331127	0.0001347465676010994	0.0	0.0	0.0	0.003966034439850806	0.0	0.0	0.00017233280960056237	0.0	0.0013175419862861257	0.0	0.0	5.3029134989265375e-05	0.0	0.0	0.0012302972228852899	0.000332306139226319	0.0009632578865077018	0.0006285709659406584	0.0	0.0	6.042267862243467e-05	0.0	3.335293216520194e-05	0.0	0.0	0.0	0.0	0.0
0.0	7.955205284856663e-06	1.4962148795874663e-05	0.0	0.0	0.0	1.6461657680376773e-05	0.0	0.0	0.0	0.0	0.0	0.0	1.6654393719954954e-05	0.0	0.0	0.00023849534653607905	0.0	0.00024888856538944084	0.0006429457110243326	1.1502516225318344e-05	0.00016934746699991186	8.491204119100754e-05	6.335015541804392e-05	0.0	5.470432520714699e-05	0.00033672521207736355	1.2253055522880784e-05	9.664313005501066e-06	0.0	0.0005783855460782709	0.0	0.0	0.0	0.0012835771608110894	0.0	0.0	0.000376203250587192	1.1740848708523766e-05	0.0	4.98310830554067e-05	9.151807767071282e-06	0.00011581548561166583	0.0	1.0094669901649659e-05	7.671321810306e-06	0.0	2.2702991478160488e-05	0.0	0.0	0.0	0.0	0.0	0.0	0.0	0.0	0.0	0.0	0.00015898190425315384	0.0	0.0	0.0	0.0	0.0007819035711907215	8.47279961786548e-05	0.00042044709399144273	0.001725010847830395	0.0	0.00014299386485896226	0.0	0.0	0.0	2.6250575132313374e-05	0.0	0.0	0.0	0.0	0.0	0.0	0.0	0.0	0.0	0.0	0.0	0.0	0.0	0.0	0.0	0.0	0.0	0.0	0.0	0.0	0.0	3.244563483426807e-05	3.581504278890745e-05	0.0013495284658421134	0.028134363909247763	5.022400012650638e-05	0.0027312582793272556	0.00990342882710519	0.0054886898814358	0.0009160396448613309	0.0037827830096473637	0.0007267358163543467	0.0003446744084787365	0.0007569600044287926	0.0004673553400568998	0.0011282777177924483	0.0	0.0	0.00039449538000833255	0.0031157360324290157	2.016531896101568e-05	0.00012624462186819124	0.0016195349290149552	0.00016588612606631783	0.0	0.0	0.0	8.02542070443207e-05	0.0010677271961337192	0.0006506852714013342	0.0	0.0	0.0	0.0	0.0	0.0	0.0	0.0	0.0	0.0	0.0	0.0	0.0	0.00044643226085398985	0.0	0.0	0.0	0.0	0.003913702302289324	0.0	0.0	0.0	0.0	7.711845136519848e-05	0.0	0.0	0.0	0.0	0.0	0.0	0.0	0.0	0.0	0.0	0.0	0.0	0.0	0.0	0.0	0.0	0.0	0.0	0.0
0.0	0.0	5.0133185549153566e-05	0.0	0.0	0.0	0.00013556139754443167	0.0	0.0	7.896408396708407e-06	0.0	0.0	0.0	0.0	0.0	0.0	0.00039607768596313937	0.0	0.0007051151134922206	0.001815144690490073	9.856278192743815e-05	0.00033598046955263575	7.64788183900199e-05	9.550961304442703e-05	6.823250822716689e-05	0.0003824043145814897	0.00043506837041538656	0.0	9.870955606867818e-06	0.00043544287058917255	0.003709711581709747	9.386134664638578e-05	0.0	0.0	0.007856361929207197	3.6767744653834006e-05	0.00024814167329316076	0.0011750868136075317	2.617310332480869e-05	5.974374273776563e-05	6.148961263125697e-05	0.0	0.00023217951231632652	0.0	5.79588509125261e-05	0.0	1.6568397084477625e-05	2.52476232446812e-05	1.0318083935902853e-05	0.0	0.0	0.0	0.0	0.0	0.0	1.9680823346936912e-05	0.0	0.0	0.0005550419097377683	0.0	0.0	0.0	0.0	0.0009565957325289057	0.00020857959121863185	0.000935628825389334	0.005245908275452668	0.0	0.0006467149677526106	0.0	0.0	0.0	1.0601123099884673e-05	0.0	0.0	0.0	0.0	0.0	9.243352519263122e-05	6.46809881299379e-05	0.0	0.0	0.0	0.0	0.0	0.0	0.0	0.0	0.0	0.0	0.0	0.0	0.0	0.0	0.0	0.0007940426039256713	0.005762086712033684	0.0577418431524329	0.0006535251079334963	0.002041687910501744	0.005005329700250286	0.00789170395147628	0.0006097082267367869	0.006980818780858138	0.0010188002608874929	0.00012331704682219506	0.0007353541236016878	0.004696254872379954	0.014494247275488826	0.00018972984218509008	3.5898237911012865e-05	0.0009337667069234435	0.016078812323480955	0.0009342807070369217	0.00024788565298560893	0.0016579180046088237	0.000868336575202377	0.0	0.0	0.0	0.00014520289625913075	0.0006392588854525336	0.0008170172467051984	0.0	0.0	0.0003308799108979986	0.0	0.0	0.0	0.0	0.0	0.0	0.0	0.0	0.0	0.0	0.00038307402043914507	0.0	0.0	0.0	0.0	0.02673536727524248	0.00017233280960056237	0.0	0.0	0.0	1.6756761440947455e-05	0.0	0.0	0.0	2.740404753108363e-05	0.00012744692011816937	0.00038698589173620333	4.080244178985428e-05	0.00019413368530791928	7.008701458363368e-05	0.0	0.0	0.0	0.0	0.0	0.0	0.0	0.0	0.0007350877548655221	0.0
0.0	0.0	0.0	0.0	0.0	0.0	0.0	0.0	0.0	0.0	0.0	0.0	0.0	0.0	0.0	0.0	0.0	0.0	0.0	0.0	0.0	0.0	0.0	0.0	0.0	0.0	0.0	0.0	0.0	0.0	0.0	0.0	0.0	0.0	0.0	0.0	0.0	0.0	0.0	0.0	0.0	0.0	0.0	0.0	0.0	0.0	0.0	0.0	0.0	0.0	0.0	0.0	0.0	0.0	0.0	0.0	0.0	0.0	0.0	0.0	0.0	0.0	0.0	0.0	0.0	0.0	0.0	0.0	0.0	0.0	0.0	0.0	0.0	0.0	0.0	0.0	0.0	0.0	0.0	0.0	0.0	0.0	0.0	0.0	0.0	0.0	0.0	0.0	0.0	0.0	0.0	0.0	0.0	0.0	0.0	0.0	0.0	0.0	0.0	0.0	0.0	0.0	0.0	0.0	0.0	0.0	0.0	7.200659575251069e-05	0.0	0.0	0.0	0.0	0.0	0.0	0.0	0.0	0.0	0.0	0.0	0.0	0.0	0.0	0.0	0.0	0.0	0.0	0.0	0.0	0.0	0.0	0.0	0.0	0.0	0.0	0.0	0.0	0.0	0.0	0.0	0.0	0.0	0.0	0.0	0.0	0.0	0.0	0.0	0.0	0.0	0.0	0.0	0.0	0.000132665907218278	0.0	0.0	0.0	0.0	0.0	0.0	0.0	0.0	0.0	0.0	0.0	0.00013120623335634372	0.0
0.0	0.0	0.0	0.0	0.0	0.0	4.354313174455327e-05	0.0	0.0	0.0	0.0	0.0	0.0	0.0	0.0	0.0	8.906617223206795e-05	0.0	0.00024641395033797353	0.0005200246848835933	3.6540079224329577e-05	6.138659664135581e-05	2.3083199356674227e-05	4.100995578951324e-05	0.0	7.108911619221568e-05	3.1951238886798593e-05	0.0	0.0	0.00018371001709863388	0.0010344710433544126	6.727914523814091e-05	0.0	0.0	0.002968633430044233	8.882896641451566e-05	0.00014671321498177446	9.405457026498727e-05	0.0	0.0	1.4119930409376647e-05	0.0	0.0	0.0	1.4179407704410504e-05	1.9510529715854847e-05	0.0	1.3471312574039572e-05	1.2234209813131851e-05	0.0	0.0	0.0	0.0	0.0	0.0	0.0	0.0	0.0	0.0003670846955258713	0.0	0.0	0.0	0.0	0.0001160253796580832	0.0001105832741931101	0.00011134618844829702	0.0012153786958839093	0.0	0.000437305631814606	0.0	0.0	0.0	0.0	0.0	0.0	0.0	0.0	0.0	0.00019233342969318852	0.0	0.0	0.0	3.11549635749658e-05	0.0	0.0	0.0	0.0	0.0	0.0	0.0	0.0	0.0	0.0	0.0	0.0	0.0009953729005256066	0.0018770984838609955	0.0033063836415797307	4.870008887602147e-05	0.0	0.00013683104597559588	0.0010893285519336534	7.225721687991647e-05	0.0012157158223450586	0.00031718670854804604	0.0	2.9001009321657628e-05	0.008965744906634663	0.012289854555232634	0.00018472292900447156	3.056927832631099e-05	0.00024597731827224757	0.007752954964286862	0.0014438049571027644	0.00042497995180938876	0.00023582102425869522	0.00041785162361812297	0.0	3.070858084699862e-05	0.0	0.000205910518450245	0.0	7.44760779099262e-05	0.0	0.0	0.0	0.0	0.0	0.0	0.0	0.0	0.0	0.0	0.0	0.0	0.0	0.003593898578068123	0.0	0.0	0.0	0.0	0.00928776082738765	0.0013175419862861257	7.711845136519848e-05	1.6756761440947455e-05	0.0	0.0	0.0	0.0	0.0	0.0	0.0	0.0	0.00015386041459317096	0.000375897885629659	0.0	0.0	0.0	0.0	0.0	0.0	0.0	0.0	0.0	0.0	0.0
0.0	0.0020462601570834867	0.0	0.0	0.0	0.0	0.0	0.0	0.0003374363704160625	0.002452421874818763	0.0026295159192934073	0.005955197757729216	0.001473233128805649	0.0003443440429297344	0.0	0.0	4.240834528387473e-05	0.00011809233181634599	1.3144454655676119e-05	0.0	0.0	0.0	0.0	0.0	0.0	0.0	0.0	0.0	0.0	0.0	0.0	0.0	0.0	0.0	2.441947348719892e-05	0.0	0.007667796063030005	0.0	0.0	0.0	0.0	0.0	0.0	0.0	0.0	0.0	0.0	0.0	0.0	0.0	0.0	0.0	0.0	0.0	0.0	0.0	0.0	1.2481549193965574e-05	0.0	0.0	0.0	0.0	0.0	0.0	0.0	0.0	0.0	0.0	0.0	0.0012477617452216485	0.0012258440231755177	0.00032637855013402834	0.0009726173028519066	0.0	0.0	0.0	0.0	0.0	0.0	0.0028904720953549083	0.0001480991881982551	0.0	0.0	0.0	0.0	0.0	0.00736844839076551	0.011762789120899956	0.031739802519579086	0.013767330076064864	0.001337069745630597	5.1776227689466545e-05	0.0	0.0	0.0001289453156513232	0.0011882669395812896	0.000134524172799833	0.0	0.0	0.0	1.7035860488941395e-05	0.0	2.864867425153563e-05	0.0	0.0	0.0	0.0	0.0	0.0	0.0	0.0	0.0	0.0005887800173945104	0.0	0.00037349829347184594	0.0008489308327380729	0.0	0.0	0.0	9.968359387746144e-06	0.0	0.0	0.0	0.0	0.0	0.0	0.0	0.0	0.0	0.0	0.0	0.0	0.0	0.0	0.0	0.0	0.0	0.0	0.0	0.0	0.0	0.0	0.0	0.0	0.0	0.0	0.0	0.0	0.010267203623191192	0.011236839625481734	0.00018852688281101253	0.0	0.0	0.0	1.533103813798125e-05	0.0	0.0	0.0	0.0	0.0	0.0	0.0	0.0	0.0	0.0	0.0
0.0	0.013434813368353712	0.0016446376825230945	0.0	0.0002388734204529159	2.6249853405171406e-05	0.0	0.0	0.0	0.015349807028782735	0.000911421448777323	0.00021379303864972325	5.2888330247707164e-05	0.0	0.0	0.0	0.00020326088089392885	5.892564298482432e-05	4.795471828339855e-05	0.0	0.0	0.0	0.0	0.0	0.0	0.0	0.0	0.0	0.0	0.0	0.0	0.0	0.0	0.0	0.00010222050151075342	0.0	0.000917554599716723	9.510350425197148e-05	0.0	0.0	0.0	0.0	0.0	0.0	0.0	0.0	0.0	0.0	0.0	0.0	0.0	0.0	0.0	0.0	0.0	0.0	7.945680690329087e-05	5.821866166491554e-05	0.0	1.739105859370577e-05	0.0	1.185307360619493e-05	0.0	0.0	0.0	0.0	0.0	0.0	0.0	0.0011203521767786473	0.00028896920657904817	0.002438333567260575	0.0	0.0	0.0	0.0	0.0	0.0	0.0	0.009225082038901562	0.0014202766504366967	0.0	0.00024167037390494253	4.8353400907583074e-05	0.0	0.0006907079062970286	0.0022096380366235665	0.06558349299339357	0.006862867145432461	0.00010946789631589301	0.0	5.148794819876778e-05	0.0	4.478915968080509e-05	0.00035639815151941335	0.02855563848544502	0.004663973618707231	0.0	1.139701551067628e-05	0.0	8.285330258145367e-05	0.0	0.00026237665674219056	0.0	4.242171284587648e-05	0.0	0.0	0.0	0.0	0.0	0.0	0.0	0.013719579750724438	0.0	0.013983149324181985	0.0027983081375453907	0.000465328605363133	0.0	0.0	2.845122770274811e-05	1.9144011697341505e-05	0.0	1.2600668146830602e-05	9.302345724539656e-06	0.0	4.0169933345076466e-05	0.0	0.0	0.0	0.0	0.0	0.0	0.0001058246177030134	0.0	0.001937881976470128	0.0003433816060124428	0.0	0.0003369825325956448	9.24938564396272e-05	0.00018878075813815278	0.00016405894066326518	0.0	0.0	0.0	0.0	0.0	0.0	0.010267203623191192	0.0	0.0798770881120635	0.0	7.615580509194102e-05	0.0	0.0008347832985610829	0.0005792762804140548	3.7840567258282085e-05	0.0	0.0	0.0	0.0	0.0	0.0	0.0	0.0	0.0	0.0
5.8732724217890986e-05	0.036368283695593015	0.004993236530245068	8.517449093042784e-05	0.0004366872714255568	0.00012894081541630663	0.0	0.025081654753570742	0.0	0.03501619379395442	0.0006308003287433428	0.0001914446842390703	0.0002934840616204721	5.182352836410588e-05	0.0	0.0	0.000535210455692344	0.0033702220536733964	0.0	0.0	0.0	0.0	0.0	0.0	0.0	0.0	0.0	0.0	0.0	0.0	0.0	0.0	0.0	0.0	0.0001892357097690326	0.0	0.009254007549687505	0.0006017179231080668	0.0	0.0	0.0	0.0	0.0	0.0	0.0	0.0	0.0	0.0	1.8570061401453776e-05	0.0	0.0	0.0	0.0	0.0	0.0	0.0	0.00018348884904986326	0.0005732343278712795	0.0	5.031073960836792e-05	0.0	0.0	1.837566336934741e-05	0.0	0.0	0.0	0.0	0.0	0.0	0.0004077393191493445	0.0014486170792497274	0.011217796856676189	6.78631987957888e-05	4.3568412395537946e-05	2.1778810690534323e-05	9.068221847164907e-05	0.00013764513766368366	0.0	0.002153102602425493	0.08084431590784102	0.06371486170584813	0.005009408931440234	0.014094631256099556	0.000590471456573595	7.720351967225262e-05	0.04594819874449364	0.001853395458623519	0.14511667651814378	0.003957466992329498	0.00017669206633047228	0.00027119549670234414	5.013543888045964e-05	0.0	0.0	0.00012206639101724623	0.10320373442634159	0.006805410789237626	0.0	0.0002809599929646266	0.0	2.0941045250314978e-05	0.0	0.00044780114768540856	0.0	0.0	0.0	0.0	0.0	0.0	4.088987728847602e-05	7.042395326717344e-05	2.2595174074486196e-05	0.028585750484432574	6.674804221149959e-05	0.032620872419315446	0.003653621120759771	0.0009150374541846413	0.0	1.5344508541509644e-05	0.0	0.0001966909326077785	0.0	5.697766194473199e-05	0.0	0.0	0.0	0.0	0.0	0.0	0.0	0.0	0.0	0.0	0.0	0.004634785024604604	0.018954707351872296	7.984087593019152e-05	0.0015695373602196358	0.0015097971030750387	0.001993952410869241	0.001998439469315205	0.0	5.3029134989265375e-05	0.0	0.0	0.0	0.0	0.011236839625481734	0.0798770881120635	0.0	0.0	0.0003203170053622071	0.0005205793927952732	0.002848006736840616	0.0051810810521812824	0.00010655258879485515	0.0	0.0	0.0	0.0	0.0	0.0	0.0	0.0	0.0002730119168013102	0.0
0.0	0.0	0.0	0.0	0.0	0.0	0.0	0.0	0.0	0.0	0.0	5.7044762367925006e-05	3.9530945884122915e-05	0.0	0.0	0.0	0.0	0.0	0.0	0.00034175496525916567	2.259891126210462e-05	0.00039962690773589414	1.5172998258438783e-05	0.0	3.319364165923785e-05	0.0	0.0	0.0	0.0	0.0	0.0	0.0	0.0	0.0	0.0	0.0	0.00033748988106609775	0.0009453394703390236	0.0011180410320066182	0.0	0.0	0.0	0.0	0.0	0.0002748132816353622	0.0	0.0	0.0	0.0	0.0	0.0	0.0	0.0	0.0	0.0	0.0	0.0	0.0	0.0	0.0	0.0	0.0	0.0	0.0	0.0	0.0	2.346657971263781e-05	0.0	0.0	0.0	0.0	0.0	0.0	0.0	0.0	0.0	0.0	0.0	0.0	0.00012895126760467494	0.0	0.0	0.0	0.0	0.0	0.0	0.0003841120146587377	0.0	0.00047593931292600416	0.006499411622702209	0.003525811140669418	0.00010305718895139912	0.0	0.0	0.0	0.0	0.0	0.0004883396522066205	0.0001386028567259436	0.005550647945484758	1.4142500451553022e-05	0.0	1.3737842000090859e-05	0.0	0.0	0.0	0.00010934816674146391	0.0	0.0	0.0	0.0	0.0	0.0	0.0	0.00043996307338997897	0.001840495726399116	0.006993626080587605	0.0	0.0	0.0	4.42354425370474e-05	0.00016882646080743554	0.00015779561255220838	0.0	0.0	0.0	0.0	0.0	0.0	0.0	0.0	0.0	0.0001401798764426368	0.0	0.0013503971590350019	0.0	0.0	8.769792081436693e-05	0.0	6.907171161230272e-05	0.0	9.399471098714017e-05	0.0	0.0	2.740404753108363e-05	0.0	0.0	0.00018852688281101253	0.0	0.0	0.0	4.1897891366609506e-05	0.0	0.0	6.340650981993537e-05	0.0	0.0	0.0	0.0	0.0	0.0	0.0	0.0	0.0	0.0	0.0
0.0	6.604722220090741e-05	2.6805462098436245e-05	0.0	1.3453868998318406e-05	0.0	0.0	9.39248852634924e-05	0.0	9.007497598620907e-05	0.0	0.0	0.0	0.0	0.0	0.0	0.0	0.0	0.0	2.4450718028498195e-05	0.000132150693207496	0.0	0.0	0.0	0.0	0.0	0.0	0.0	0.0	0.0	0.0	0.0	0.0	0.0	0.0	1.4379334386799231e-05	5.984170663767283e-05	0.0	5.3508890710841275e-05	0.0	0.0	0.0	0.0	0.0	0.0	0.0006177111413077062	0.00017754171088524132	0.0016658890428976375	0.0017533740799154924	0.0011199365574405507	2.668387954007256e-05	2.721289084352111e-05	5.0705210321101514e-05	0.0	0.0	0.0	0.0	0.0	0.0	1.1898867468823982e-05	0.0	0.0	0.0	0.0	0.0	0.0	0.0	0.0	0.0	0.0	0.0	2.1295310435516664e-05	0.0	0.0	0.00013855279126704902	0.0002682476324923153	0.0	0.00026843521910974096	0.001842499099538244	0.005526482789910555	0.000511705303979637	3.254583186446703e-05	0.00024221763406999408	7.988984869786582e-05	0.0	0.005644521100542131	0.0	0.002216114825178266	5.387704501150105e-05	0.0	0.0	6.007273278135009e-05	1.993557466350906e-05	1.923918693906758e-05	0.0	0.0004896600437488808	0.0	0.0	0.0	0.0	0.0	0.0	0.0	0.0	0.0	0.0	0.0	0.00012232689227702884	1.5598525275748853e-05	0.0	0.0	0.0	0.0	0.0007172933058931066	0.004844698166489765	0.00021290143658855766	0.0011199473153988152	0.0	0.0	0.0	0.0	0.0	1.269180318572598e-05	0.0014104015315844587	0.0008862528803650752	0.0061709656071205245	0.00039656209067265394	0.00143946888287305	0.0002743573355636506	0.0008283746865926943	0.00025496721766556633	0.0	0.0	0.0	0.0008864342046681123	0.001440131375132199	0.0013839524245579614	0.006143114388103692	0.0003097938012468229	0.0	0.0	0.0	0.0	0.0	0.00012744692011816937	0.0	0.0	0.0	7.615580509194102e-05	0.0003203170053622071	4.1897891366609506e-05	0.0	0.0004865143932457337	0.0007649023976795369	0.022382443930560745	0.02213551563669216	0.0	0.0	0.00016046824712668187	0.0	0.00024039647958789358	0.0	2.7477904275282897e-05	7.735896096679263e-05	0.0	0.00179150850214438
4.443622041671443e-05	0.0003350008020884982	8.533794100885162e-05	0.0	1.2719967990594893e-05	0.0	0.0	0.00013157908806570568	0.0	7.056756457235712e-05	0.0	0.0	0.0	0.0	0.0	0.0	1.7184602392606127e-05	0.0	0.0	1.096672013579816e-05	0.0002091294417046356	0.0	0.0	0.0	0.0	0.0	0.0	0.0	0.0	2.8032416604415867e-05	1.3179224273945148e-05	0.0	0.0	0.0	8.150857799941777e-05	4.2064455155896475e-05	6.124889183724208e-05	0.00011706869684490487	0.0	0.0	0.0	0.0	1.0035424000050445e-05	0.0	0.0	0.0006134333304757221	0.0001987382934552247	0.0006116440798225637	0.0010331004926940094	0.0004728007456330028	2.5054687949645328e-05	5.251706499086782e-05	0.0	7.956113963202364e-05	0.0	0.0	0.0	4.8647991378748696e-05	0.0	0.0	0.0	0.0	0.0	0.0	0.0	0.0	0.0	0.0	0.0	0.0	0.0	0.00022737217321857722	0.0	0.0001348456039912126	0.0005665629466201536	0.00039557051471067337	1.3941596774661612e-05	7.298657265945551e-05	0.012173791231642372	0.019794630488123653	0.0013084288818257155	0.00014743781617716434	0.0005028812778682131	3.571316723807795e-05	2.727242139577417e-05	0.025338190656198325	0.0	0.004550485847290334	4.4139096554728404e-05	0.0	0.0	1.897911357349409e-05	0.0	0.0	2.809438046064652e-05	0.001064265210604127	6.897008765592218e-05	0.00025029500957908073	1.1869933188961544e-05	0.0	0.0002980344814655403	0.00026474705200695616	0.0	0.00029609096944071476	8.859750411257823e-05	0.0	3.674503779569815e-05	0.004086322327154433	0.0012732964386508632	0.0	0.0	1.65968447035447e-05	0.00041116562601503	0.0038600146234209513	0.0053124425082939145	0.0007819690601239217	0.0026668466753939518	0.0	0.0	0.0	8.515845958924161e-05	0.0	7.333720074388158e-05	0.0013635277576314255	0.0014582739904199977	0.013605599774251872	0.0003102583299948669	0.0014842633811309595	0.0005005609443894285	0.0013530383296117047	0.0003876800757136466	0.0	0.0	0.0	0.00047888964349621603	0.006076445983799356	0.006061807197687275	0.018638047988044023	7.472485156276483e-05	0.0	0.0	8.475651358304343e-05	0.0012302972228852899	0.0	0.00038698589173620333	0.000132665907218278	0.0	0.0	0.0	0.0005205793927952732	0.0	0.0004865143932457337	0.0	0.0011159922726980578	0.01572216582436647	0.006138890611311646	0.0	0.0	0.00023359443266786117	0.0	9.861088696973197e-05	8.595110973726163e-05	5.375793248623141e-05	2.3228940491509163e-05	0.0	0.00037882502359916706
0.00018722346930291945	0.001334009691415557	0.0004449549303874588	2.672311450069717e-05	7.859966226290342e-05	0.0	0.0	0.001220254294208482	0.0	0.0007865672094560654	0.0	0.0	1.87166243502735e-05	0.0	0.0	0.0	0.0002864500492096034	0.0	4.1562536167110845e-05	0.0001831869513209417	0.0003132776984491736	9.407132057863087e-06	0.0	1.2037460199332479e-05	0.0	4.505011729986178e-05	1.3407564600968118e-05	0.0	0.0	6.848880492132187e-05	6.36757930115068e-05	1.6185383101452476e-05	0.0	0.0	0.0004994578854579333	5.6473018573719534e-05	0.0006541747780580237	0.00019726656050606903	0.000267950851129342	0.0	0.0	0.0	0.0	0.0	1.889348239272745e-05	0.0008220620294415311	0.0003469813532762778	0.00030071611651004534	0.0014974323616542729	0.00023178755479339922	0.0002725788511328084	4.855865239365696e-05	3.546502899895719e-05	0.0	0.0	0.0	4.205108024807139e-05	0.0004897235355363634	5.460302171230901e-05	6.983420715555994e-05	1.3699921941841978e-05	0.0	0.0	8.822795869662559e-05	0.0	1.1745792447623631e-05	4.9166950841200396e-05	0.0	1.2648318666305825e-05	0.0	0.0	0.000641639383979061	0.0	0.0005034938231198671	0.0003016534729500391	0.0013735207741934013	0.00010289453130366681	7.750884514598471e-05	0.05452977789396695	0.08963726661371177	0.010432060207325887	0.0022324526846163205	0.00715328338371148	0.00223216328305112	0.0008196168031927455	0.08286304062356971	0.0	0.036475547531794654	0.00041558661979887484	9.679285262609063e-05	2.3377087383484055e-05	0.00030344039405897434	2.4047114620911536e-05	0.0002772106829013686	4.9171782556494615e-05	0.007446540042515631	0.0005681363264813884	0.011141809619865077	0.0003491619875599152	8.989908575597779e-06	0.0007777189467187985	0.0014171390307549058	0.00015591381462562096	0.001614702563615355	0.0006072804578371408	6.114031322262534e-05	0.00015874315581270275	0.01435767241877472	0.01099703050782667	0.0003223183988019491	0.00014135348007023838	0.0007200936641342452	0.003501568401263902	0.006906247627793318	0.018601360024540912	0.010998297039792302	0.11294090869485682	0.0	2.3750021060446774e-05	0.0	0.0008690030204327029	8.978999109727237e-06	0.0007088015809551305	0.0012069559537363557	0.0013799467287324415	0.006234052428545666	0.0002543271595508631	0.0013772009554679978	0.00046429277632496546	0.0024405168267578312	0.00038411166527301525	3.115556042311134e-05	0.0	0.0	0.0085738320288668	0.02467208060017981	0.006493285076576209	0.0	0.0	0.0	1.1070606605763788e-05	0.001167746736549458	0.000332306139226319	0.0	4.080244178985428e-05	0.0	0.00015386041459317096	0.0	0.0008347832985610829	0.002848006736840616	0.0	0.0007649023976795369	0.0011159922726980578	0.0	0.0007983375038974009	0.0014440466659100166	0.0	0.0	0.00012526775224451422	7.432900901752474e-05	5.7290324059513316e-05	0.0	2.5408042252754116e-05	2.4307125546986808e-05	1.7635608398130625e-05	0.0
0.00016472698177371037	0.0016652539505595046	0.0007100037524896563	5.64989126009521e-05	8.673392382784503e-05	0.0	0.0	0.0009411614846549332	0.0	0.00088844569172822	9.738465419089272e-06	0.0	0.0	0.0	0.0	0.0	4.737878369698418e-05	0.0	0.0	1.412361525800361e-05	0.0	0.0	0.0	0.0	0.0	0.0	0.0	0.0	0.0	2.981552063990303e-05	2.9097886957940114e-05	0.0	0.0	0.0	2.053617744288797e-05	4.4830748977806725e-05	0.0008935037295436348	6.779251912017908e-05	0.0	0.0	0.0	0.0	0.0	0.0	0.0	0.0	0.0	3.753182689493021e-05	0.0	0.0	0.0	0.0	7.1636931885157e-05	0.0	0.0	0.0	0.0001193474952021347	0.00021194911670644395	0.0	1.4266839530120686e-05	0.0	3.9088516127334186e-05	0.0	0.0	0.0	0.0	0.0	0.0	0.0	0.0	0.0	0.0007936047965282124	0.0	0.0006269972261340797	0.0	4.1653781393356394e-05	5.244961931397843e-05	0.0	0.010966862982678693	0.03748895288964139	0.006278232931670029	0.00012906978511825493	0.003140232469025436	0.0012493539340635153	0.0	0.052842702518218335	0.0	0.025582818102302826	0.00026435097990473787	3.1908164815256854e-05	0.0	6.248026393772592e-05	0.0	0.0001077865475433784	0.0	0.008983569234743466	0.0	9.161003819650514e-06	0.0	0.0	0.0	0.0	0.0	1.217470772594398e-05	0.0	0.0	4.202276944496379e-05	0.004444251409776745	0.0005655626438200601	0.0	2.750300770827968e-05	1.525671677045642e-05	0.00025440961641772365	0.004932830603772722	0.032654013446514994	0.0012918342711706913	0.005886804586245363	0.0	1.0164956575711243e-05	0.0	3.0199844015936266e-05	0.0	0.0	0.0	0.0	0.004367354308269432	0.0	0.0	0.0	0.0	0.0001013558044457565	0.0	0.0	0.0	0.009602598753001386	0.00785490994550405	0.011817921582728147	0.022615122098483806	0.00040714324782473117	0.0017421815041774114	0.0	0.0	0.0009632578865077018	0.0	0.00019413368530791928	0.0	0.000375897885629659	1.533103813798125e-05	0.0005792762804140548	0.0051810810521812824	6.340650981993537e-05	0.022382443930560745	0.01572216582436647	0.0007983375038974009	0.0	0.014506628473390314	0.0033830374209533336	0.0	0.0	0.0	0.0	0.0	0.0	0.0	0.05754809565174894	0.004946596044949301
0.0	3.624577064913398e-05	0.0	0.0	0.0	0.0	0.0	8.605712649599257e-05	0.0	1.996517098569907e-05	0.0	0.0	0.0	0.0	0.0	0.0	9.712448349316162e-06	0.0	0.0	0.00012468000006482044	7.445649394493276e-05	0.0	0.0	0.0	0.0	7.222943313963207e-06	0.0	0.0	0.0	0.0	0.0	0.0	0.0	0.0	2.381412897886147e-05	1.144397184984718e-05	5.7860257108268485e-05	4.243549911980813e-05	8.759275617114202e-05	0.0	0.0	0.0	0.0	0.0	0.0	0.0018218453971861523	0.003186325774041995	0.005672250906872772	0.004363001252332655	0.0029215958901423773	0.00190970249097331	0.0019420273747045938	0.0017225243325451368	0.0009874277461635187	0.0	0.0	0.0	0.0	0.0	0.0	0.0	0.0	0.0	0.0	3.825839309806037e-05	0.0	0.0	0.0	0.0	0.0	0.0	1.9294058402874813e-05	0.0	0.0006697700307694808	0.0	2.952384829705448e-05	0.00036562459744264087	0.008251091878800732	0.0008404350997352436	0.0017867956725731167	0.00018299618304378761	0.0	8.708316906102952e-05	5.067781223654249e-05	0.0	0.00293812423045224	0.0	0.0004417122966518198	0.0	0.0	0.0	1.6474013355215068e-05	0.0	0.0	0.0	0.00019158691407035423	0.0	0.0	0.0	0.0	0.00011787800456554999	0.00013986938410042108	0.00016438697207690536	9.245297142343723e-05	1.533367712501192e-05	0.0	0.0	0.0006007759966477347	0.00023261421518520211	0.0	0.0	1.909382595058999e-05	6.99638388998356e-05	0.0005878743416540766	0.001964037158740699	0.0	0.00015875786582391767	0.0	0.0	0.0	0.0	0.0	9.539945461868016e-06	0.0007183785071280894	0.0017719320693745338	0.0019441217501986823	0.0017053829217572448	0.00028575105096319503	0.0010488016281029197	0.004037614822669753	0.028378456685928435	0.00510096523126619	0.0	0.0	0.00025661522007308055	0.00046251373361155167	0.0005546880889748787	0.015333005961008388	5.859975563336816e-05	0.003486941261954711	0.0	0.0	0.0006285709659406584	0.0	7.008701458363368e-05	0.0	0.0	0.0	3.7840567258282085e-05	0.00010655258879485515	0.0	0.02213551563669216	0.006138890611311646	0.0014440466659100166	0.014506628473390314	0.0	0.0	0.0	0.0006972354177618125	0.0	0.00031659689402845315	0.0	0.0	0.00257622020070263	0.0011721318368040643	0.01391607440568757
0.0	0.0	0.0	0.0	0.0	0.0	0.0	0.0	0.0	0.0	0.0	0.0	0.0	0.0	0.0	0.0	0.0	0.0	0.0	0.0	0.0	0.0	0.0	0.0	0.0	0.0	0.0	0.0	0.0	0.0	0.0	0.0	0.0	0.0	0.0	0.0	0.0	0.0	0.0	0.0	0.0	0.0	0.0	0.0	0.0	0.0	0.0	0.0	0.0	0.0	0.0	0.0	6.27762675616544e-05	0.0	0.0	0.0	0.0	0.0	0.0	0.0	0.0	0.0	0.0	0.0	0.0	0.0	0.0	0.0	0.0	0.0	0.0	0.0	0.0	0.0	0.0	0.0	0.0	0.0	0.0	0.00015407703190438966	3.5792250535575446e-05	0.0	0.0	0.0	0.0	0.0004226582914912656	0.0	6.856046618257378e-05	0.0	0.0	0.0	0.0	0.0	0.0	0.0	0.0002359450355298982	0.0	0.0	0.0	0.0	0.0	0.0	0.0	0.0	0.0	0.0	0.0	0.0	1.7450754426983688e-05	0.0	1.1884539440422089e-05	1.2961831978365458e-05	0.0	5.1729241967002315e-05	0.00019282126031105817	0.0	0.0	0.0	0.0	0.0	0.0	0.0	0.0	4.4884670075720583e-05	0.0	0.0	0.0	0.0	0.0	0.0	0.0	0.0	0.0	0.0	5.529509743845673e-05	5.714643590861298e-05	0.0	0.0023380764776100445	5.449517400711364e-05	0.001701052408315792	0.0	0.0	0.0	0.0	0.0	0.0	0.0	0.0	0.0	0.0	0.0	0.0	0.0	0.0	0.0033830374209533336	0.0	0.0	0.0	4.61225661855479e-05	0.0	0.0	0.000490508324735195	0.0	0.000499651178861856	0.0	0.0
0.0	0.0	0.0	0.0	0.0	0.0	0.0	0.0	0.0	0.0	0.0	0.0	0.0	0.0	0.0	0.0	0.0	0.0	0.0	0.0	0.0	0.0	0.0	0.0	0.0	0.0	0.0	0.0	0.0	0.0	0.0	0.0	0.0	0.0	0.0	0.0	0.0	0.0	0.0	0.0	0.0	0.0	0.0	0.0	0.0	0.0	0.0	0.0	0.0	0.0	0.0	0.0	0.0	0.0	0.0	0.0	0.0	0.0	0.0	0.0	0.0	0.0	0.0	0.0	0.0	0.0	0.0	0.0	0.0	0.0	0.0	0.0	0.0	0.0	0.0	0.0	0.0	0.0	0.0	0.0	0.0	0.0	0.0	0.0	0.0	0.0	0.0	0.0	0.0	0.0	0.0	0.0	0.0	0.0	0.0	0.0	0.0	0.0	0.0	0.0	0.0	0.0	0.0	0.0	0.0	0.0	0.0	0.0	0.0	0.0	0.0	0.0	0.0	0.0	0.0	0.0	0.0	0.0	0.0	0.0	0.0	0.0	0.0	0.0	0.0	0.0	0.0	0.0	0.0	0.0	0.0	0.0	0.0	0.0	0.0	0.0	0.0	0.0	0.0	0.0	0.0	0.0	0.0	0.0	0.0	0.0	0.0	0.0	0.0	0.0	0.0	0.0	0.0	0.0	0.0	0.0	0.0	0.0	0.0001836640653008033	0.0	0.0	0.00011828286594538161	0.0	0.0	0.0	0.0
0.0	0.0	0.0	0.0	0.0	0.0	0.0	0.0	0.0	0.0	0.0	0.0	0.0	0.0	0.0	0.0	0.0	0.0	1.3621232564120363e-05	0.0	2.7303075516523505e-05	0.0	0.0	0.0	0.0	0.0	0.0	0.0	0.0	0.0	0.0	0.0	0.0	0.0	0.0	1.0746155362768427e-05	0.0	0.0	0.0	0.0	0.0	0.0	0.0	0.0	0.0	0.0031113489084000807	0.0022372409346739287	0.000521525602788833	0.005832242276004165	0.003069881359237964	0.0007670120235619708	0.01896231058662352	0.0011370164699137663	0.0020638772296737926	0.0	0.0	0.0	0.0	0.0	0.0	0.0	0.0	0.0	0.0	0.0	0.0	0.0	0.0	0.0	0.0	0.0	0.0	0.0	4.6680925889649266e-05	0.0	3.032849692925357e-05	0.0	0.0	2.5578132037238783e-05	1.1137550011983219e-05	0.0	0.0	0.0	0.0	0.0	0.0	0.0	1.1536497085807482e-05	0.0	0.0	0.0	0.0	0.0	0.0	0.0	0.0	0.0	2.3691947735896364e-05	4.701346029298964e-05	0.0	0.0	4.797249242116943e-05	0.0	2.4497767108688385e-05	0.0	9.966757080032746e-06	0.0	2.433002431475721e-05	6.589658782950777e-05	0.0	0.0	0.0	2.255324044201632e-05	0.0	0.0	2.4674824406600228e-05	0.0	0.0	0.0	0.0	0.0	0.0	0.0	0.008196130465386968	0.024865507322532468	0.007742162425559157	0.002689507794760913	0.006894790734640252	0.0003810210161629272	0.028641785928838814	0.030331696492590578	0.001763982469871104	0.0	0.0	0.0	4.961641055091433e-05	0.0	0.0	0.0	0.0	0.0	0.0	6.042267862243467e-05	0.0	0.0	0.0	0.0	0.0	0.0	0.0	0.0	0.00016046824712668187	0.00023359443266786117	0.00012526775224451422	0.0	0.0006972354177618125	4.61225661855479e-05	0.0001836640653008033	0.0	0.000954290895064433	0.02927039864201163	0.03139430817305521	0.0032654731932312497	0.004928620183523953	0.0	3.216856506996849e-05
0.0	0.0	0.0	0.0	0.0	0.0	0.0	0.0	0.0	0.0	0.0	0.0	0.0	0.0	0.0	0.0	0.0	0.0	0.0	0.0	0.0	0.0	0.0	0.0	0.0	0.0	0.0	0.0	0.0	0.0	0.0	0.0	0.0	0.0	0.0	0.0	0.0	0.0	0.0	0.0	0.0	0.0	0.0	0.0	0.0	0.0005077709416080039	0.0002392516394497627	0.00012870451405325165	0.000264811219610186	0.000189599558498994	5.5402711913761573e-05	0.0007425270941977753	0.0001683953252540142	0.00020314060405566148	0.0	0.0	0.0	0.0	0.0	0.0	0.0	0.0	0.0	0.0	0.0	0.0	0.0	0.0	0.0	0.0	0.0	0.0	0.0	0.0	0.0	0.0	0.0	4.699003629885134e-05	0.0	0.0	0.0	0.0	0.0	0.0	0.0	0.0	0.0	0.0	0.0	0.0	0.0	0.0	0.0	0.0	0.0	0.0	0.0	0.0	0.0	0.0	0.0	0.0	0.0	0.0	1.2393514092514669e-05	0.0	0.0	0.0	0.0	0.0	0.0	0.0	0.0	0.0	0.0	0.0	0.0	0.0	0.0	0.0	0.0	0.0	0.0	0.00017244023492091665	0.0013715319962869991	0.0005331853031052764	0.0006269539371972053	0.00045986774968411305	0.0	0.0010022661036037783	0.0024122646212829772	0.0001950706377276298	0.0	0.0	0.0	0.0	0.0	0.0	0.0	0.0	0.0	0.0	0.0	0.0	0.0	0.0	0.0	0.0	0.0	0.0	0.0	0.0	0.0	7.432900901752474e-05	0.0	0.0	0.0	0.0	0.000954290895064433	0.0	0.0026082586216571485	0.0023238986272201756	0.0006369839390614125	0.000340595562944513	0.0	0.0
0.0	1.1344179758158994e-05	0.0	0.0	0.0	0.0	0.0	0.0	0.0	0.0	0.0	0.0	0.0	0.0	0.0	0.0	0.0	0.0	0.0	0.0	6.99642530206258e-05	0.0	0.0	0.0	0.0	0.0	0.0	0.0	0.0	0.0	0.0	0.0	0.0	0.0	0.0	0.0	0.0	0.0	0.0	0.0	0.0	0.0	0.0	0.0	0.0	0.001411156525205642	0.0008917537551713587	0.0003284287124948465	0.006099927486552076	0.002213193492245656	0.0005583768648627709	0.0011379045634260624	0.00032003073036305043	0.0005484360018099697	0.0	0.0	0.0	0.0	0.0	0.0	0.0	0.0	0.0	0.0	0.0	0.0	0.0	0.0	0.0	0.0	0.0	0.0	0.0	0.0	0.0	5.7164738027435786e-05	0.0	0.0	1.2732376922652393e-05	0.0	0.0	0.0	0.0	0.0	0.0	0.0	0.0	0.0	0.0	0.0	0.0	0.0	0.0	0.0	0.0	0.0	0.0	1.954138125560599e-05	0.0	0.0	0.0	1.1363850954804472e-05	0.0	4.713611075041982e-05	0.0	0.0	0.0	1.2978567600363183e-05	0.00011105824411078767	0.0	0.0	1.2563245768111979e-05	2.6598716655542854e-05	0.0	0.0	1.594353105064495e-05	0.0	0.0	0.0	0.0	0.0	7.911246041603794e-06	0.0	0.0007473474932511758	0.00183359500854368	0.004469262252343401	0.004288754790168318	0.002468026134427848	8.542804855070894e-05	0.0018793290394417425	0.005895396374152262	0.0007799974962362613	0.0	0.0	0.0	0.0	2.70578131672357e-05	0.0	0.0	0.0	0.0	0.0	3.335293216520194e-05	0.0	0.0	0.0	0.0	0.0	0.0	0.0	0.0	0.00024039647958789358	9.861088696973197e-05	5.7290324059513316e-05	0.0	0.00031659689402845315	0.0	0.0	0.02927039864201163	0.0026082586216571485	0.0	0.0032488997817041233	0.0020159733270414914	0.0052768431921351635	0.0	6.058387720600827e-05
0.0	0.0	0.0	0.0	0.0	0.0	0.0	0.0	0.0	0.0	0.0	0.0	0.0	0.0	0.0	0.0	0.0	0.0	0.0	0.0	2.5466535207462157e-05	0.0	0.0	0.0	0.0	0.0	0.0	0.0	0.0	0.0	0.0	0.0	0.0	0.0	0.0	0.0	0.0	0.0	0.0	0.0	0.0	0.0	0.0	0.0	0.0	0.00048356036038056514	0.0001724295862317741	0.00016037100311746072	0.003417891928474952	0.0005163731229366826	0.0001224681175669726	0.0005951993643654658	0.00010204567275199383	0.0001790584122101295	0.0	0.0	0.0	0.0	0.0	0.0	0.0	0.0	0.0	0.0	0.0	0.0	0.0	0.0	0.0	0.0	0.0	0.0	0.0	0.0	0.0	0.0	0.0	0.0	0.0	0.0	0.0	0.0	0.0	0.0	0.0	0.0	0.0	0.0	0.0	0.0	0.0	0.0	0.0	0.0	0.0	0.0	0.0	0.0	0.0	0.0	0.0	0.0	0.0	2.4467662088233022e-05	0.0	0.0	0.0	0.0	0.0	0.0	0.0	0.0	0.0	0.0	0.0	0.0	0.0	0.0	0.0	0.0	0.0	0.0	0.0	0.0013244566915074074	0.006600712667707981	0.0026540111419925266	0.0007312106660419233	0.0005970252091557623	0.0	0.0024001793241638972	0.003762837470374525	0.00015349017407868606	0.0	0.0	0.0	0.0	0.0	0.0	0.0	0.0	0.0	0.0	0.0	0.0	0.0	0.0	0.0	0.0	0.0	0.0	0.0	0.0	8.595110973726163e-05	0.0	0.0	0.0	0.000490508324735195	0.00011828286594538161	0.03139430817305521	0.0023238986272201756	0.0032488997817041233	0.0	0.002156048797297167	0.06723753648205327	0.0	0.0
0.0	0.0	0.0	0.0	0.0	0.0	0.0	0.0	0.0	0.0	0.0	0.0	0.0	0.0	0.0	0.0	0.0	0.0	0.0	0.0	0.0	0.0	0.0	0.0	0.0	0.0	0.0	0.0	0.0	0.0	0.0	0.0	0.0	0.0	0.0	0.0	0.0	0.0	0.0	0.0	0.0	0.0	0.0	0.0	0.0	9.151677929644122e-05	0.0001395586603647705	2.4576794394283048e-05	5.419936504750335e-05	0.00012497626813838867	3.2420059432122395e-05	0.002220719855710426	0.0004297991424748499	7.205552444524518e-05	0.0	0.0	0.0	0.0	0.0	0.0	0.0	0.0	0.0	0.0	0.0	0.0	0.0	0.0	0.0	0.0	0.0	0.0	0.0	0.0	0.0	0.0	0.0	0.0	0.0	0.0	0.0	0.0	0.0	0.0	0.0	0.0	0.0	0.0	0.0	0.0	0.0	0.0	0.0	0.0	0.0	0.0	0.0	0.0	0.0	0.0	0.0	0.0	0.0	0.0	0.0	0.0	0.0	0.0	1.1530124584070151e-05	0.0	0.0	0.0	0.0	0.0	0.0	0.0	0.0	0.0	0.0	0.0	0.0	0.0	0.0	0.006116614558167117	0.023660398464135042	9.053024991508754e-05	1.8642469182001466e-05	0.0014154809076393003	0.0016585914963201799	0.030056949688819914	0.011718145249667609	0.0007161133499647813	0.0	0.0	0.0	0.0	0.0	0.0	0.0	0.0	0.0	0.0	0.0	0.0	0.0	0.0	0.0	0.0	0.0	0.0	0.0	2.7477904275282897e-05	5.375793248623141e-05	2.5408042252754116e-05	0.0	0.0	0.0	0.0	0.0032654731932312497	0.0006369839390614125	0.0020159733270414914	0.002156048797297167	0.0	0.02204340485575679	0.0	0.0
0.0	0.0	0.0	0.0	1.527208974222686e-05	0.0	0.0	0.0	0.0	0.0	0.0	0.0	0.0	0.0	0.0	0.0	0.0	0.0	0.0	0.0	7.528128849760985e-05	0.0	0.0	0.0	0.0	0.0	0.0	0.0	0.0	0.0	0.0	0.0	0.0	0.0	0.0	0.0	0.0	0.0	3.1443436811754814e-05	0.0	0.0	0.0	0.0	0.0	6.364474588920816e-06	0.0031225854277715293	0.011524236272177081	0.0004271087346808349	0.0008792041965085631	0.001226913443745537	0.002639008278511747	0.07383900637559461	0.011407094173110807	0.001556846803987418	0.0	0.0	0.0	0.0	0.0	0.0	0.0	0.0	0.0	0.0	0.0	0.0	0.0	0.0	0.0	0.0	0.0	0.0	0.0	0.0004414737346116366	0.0	0.0	0.00014044790717133074	0.0032759732322927724	0.0	0.0	0.0	0.0	0.0	0.0	0.0	0.0	0.0	0.0	0.0	0.0	0.0	0.0	0.0	0.0	0.0	0.0	0.0	0.0	0.0	0.0	0.0	9.504767232176253e-06	0.0	0.0	0.0	0.0	0.0	0.0	0.0	0.0	0.0	0.0	1.0751406708220271e-05	0.0	0.0	0.0	0.0	0.0	0.0	0.0	0.0	0.0	0.0	0.004119015400538135	0.030845286746773316	0.0001487119069949864	0.0	0.002391524686310833	0.0009462455390810054	0.048090378360142384	0.006342476484284821	0.00022097660375950618	0.0	0.0	0.0	0.0	0.0	0.0	0.0	0.0	0.0	0.0	0.0	0.0	0.0	0.0	0.0	0.0	0.0	0.0	0.0	7.735896096679263e-05	2.3228940491509163e-05	2.4307125546986808e-05	0.0	0.00257622020070263	0.000499651178861856	0.0	0.004928620183523953	0.000340595562944513	0.0052768431921351635	0.06723753648205327	0.02204340485575679	0.0	8.215776697251842e-05	0.0004710655831952413
9.313939270207784e-05	0.0038669292037632327	0.0007607418473071156	1.410809353331086e-05	0.0003402893343936264	0.0	0.0	0.002032449585463968	0.0	0.0008869028856427922	0.0	0.0	0.0	0.0	0.0	0.0	9.56324861721267e-05	0.0	0.0	0.0	0.0	0.00040493719974706293	0.0	0.0	0.0	0.0	0.0	0.0	0.0	0.0	0.0	0.0	0.0	0.0	0.0	7.643310808613133e-05	0.000855396037847612	0.0015629072771872617	0.0025483837890291736	0.0	0.0	0.0	0.0	0.0	0.0	0.0	0.0	0.00021209758405996257	0.0	0.0	0.0	0.0	0.00018674668129396802	0.0	0.0	0.0	0.0034826847778843028	0.0002654892133930131	0.00010463148704054934	0.00515400840045092	0.0017859829958742485	0.006020516159477462	0.0	0.0	0.0	0.0	0.0	0.0	0.0	0.0	0.0	0.0002940984589378337	0.0	5.152985244794453e-05	0.0	0.0003116756606946808	0.08490878327704121	0.001312203784737448	0.00015677657790262662	0.0014620401830217193	0.000278967752420752	0.0	5.853116768095122e-05	2.054082459437115e-05	0.0	0.0029630641536858102	0.0	0.0013452088086093124	0.0	0.0	0.0	0.0	0.0	0.0	0.0	0.0003256626482299156	0.0	0.0	0.0	0.0	0.0	0.0	0.0	0.0	0.0	0.0	0.0	0.0002335981386357292	0.0	0.0	0.0	0.0	0.0	0.00019216949295396919	0.001116751285402829	3.904173241501167e-05	0.00012228910444359972	0.0	0.0	0.0	0.0	0.0	0.0	0.0	0.0	0.00016400180852232872	0.0	0.0	0.0	0.0	8.809691655427088e-05	0.0	0.0	0.0	0.0009577218904018559	0.0002930136093841406	0.0008279455509396737	0.019020876628600716	0.0004207953025453095	0.010583161291019447	0.0	0.0	0.0	0.0	0.0007350877548655221	0.00013120623335634372	0.0	0.0	0.0	0.0002730119168013102	0.0	0.0	0.0	1.7635608398130625e-05	0.05754809565174894	0.0011721318368040643	0.0	0.0	0.0	0.0	0.0	0.0	0.0	8.215776697251842e-05	0.0	0.0
0.00020605970844913332	0.00033290223075194586	0.00013193345517420606	0.0	2.121826560399275e-05	0.0	0.0	0.0003176400101233603	0.0	4.530892075622746e-05	0.0	0.0	0.0	1.8310136788802605e-05	0.0	0.0	0.0	0.0	0.0	0.0	0.0	0.0	0.0	0.0	0.0	0.0	0.0	0.0	0.0	0.00011561657265289646	0.0	0.0	0.0	0.0	0.0	0.00018512967826089856	0.0002171235816895882	0.00018875554910894552	0.0003283121122411562	0.0	0.0	0.0	0.0	0.0	0.0	0.00014117020361465124	5.5271049049335455e-05	0.0112810646975527	0.000506090108879578	0.00028787144857731313	2.5427505011662685e-05	0.0	0.0024913461190536803	6.749930874557124e-05	0.0	0.0	0.0	9.800762959344759e-05	0.0001447364833074028	0.0004766989334976571	0.0	0.0	0.0	2.6394997691861013e-05	0.0	0.0	0.0	0.0	0.0	0.0	0.0	0.0	0.0	0.002637191829029484	0.0005020051920223731	0.0009493943932813507	0.005569671850215989	0.014150017190152842	5.376715149450858e-05	0.00018038262174406518	1.63237214828282e-05	0.0	3.260308521148834e-05	0.0	0.0	0.0001574809661469004	0.0	0.00014579223880957528	1.721782755152027e-05	0.0	0.0	1.8040824213937836e-05	0.0	0.0	0.0	7.38896993991948e-05	0.0	0.0	0.0	0.0	0.0	0.0	0.0	0.0	0.0	0.0	0.0	0.0	0.0	0.0	0.0	0.0	0.0	5.068424166841059e-05	2.629087615554878e-05	0.0	0.0	0.0	0.0	0.0	0.0	0.0	0.0	0.00039076321326026906	0.000110755363877996	0.0014559841209887835	0.00010241952006573308	7.458907136436333e-05	3.0043802200339153e-05	0.00023153075031920586	0.0004931846212025969	0.0	0.0	0.0	0.0002025225090344819	0.0	4.580730915867589e-05	0.00042807150032372074	0.0	0.00010499179600189432	0.0	0.0	0.0	0.0	0.0	0.0	0.0	0.0	0.0	0.0	0.0	0.00179150850214438	0.00037882502359916706	0.0	0.004946596044949301	0.01391607440568757	0.0	0.0	3.216856506996849e-05	0.0	6.058387720600827e-05	0.0	0.0	0.0004710655831952413	0.0	0.0
