0.0	0.03218009976594592	0.07347184684227553	0.05079189087605415	0.02190757081828019	0.00011481816030244958	0.006248203603116807	0.013070447530913024	0.0	7.645148894845962e-05	0.0	0.0	0.0	0.0	0.0	0.0	0.04635104920354109	0.00012760840676120835	0.0	0.05159718954987813	0.0002212747871805859	0.00010641982324097715	0.0	3.949362520446207e-05	0.0	6.111743200113704e-05	0.004476065089625016	0.00037928289812923525	0.0013664049819001108	0.11245245281952074	0.008128411213261643	0.06508992194487792	0.02411315825583858	0.03980972131187558	0.0021333975304647372	0.007441441469704432	0.030620904333297977	0.14742561526402756	0.060621942454941825	7.97084723317741e-05	0.004193959040222151	4.143095520358296e-05	0.06540182145654916	0.00011640056296917578	0.046956494518309924	4.87822616378955e-05	5.516355721713105e-05	0.002612661683432624	0.00010714057672492112	1.9092368607037477e-05	2.424280245904269e-05	3.682326224012934e-05	0.0001814100800267727	2.7155903806887025e-05	0.0	0.0	0.00035940446288866643	0.024527785231086962	0.02155440806196995	0.007463869902308096	0.0	0.0004367555909822639	0.00013985708415392183	0.0007818556372992852	0.0014064657053673181	0.0	0.00010745246568658074	0.0	0.00022441695081556085	0.0	0.0	0.00024125433126651703	0.0	0.0032141126121733817	0.0031377525007228015	0.042269316451008454	0.007480223987206165	0.0002821691943908201	0.0045307541370571795	0.0026608828864794175	0.0008913262575544466	0.0001618877729465554	0.0	0.0	4.103856870962464e-05	0.018860941071673163	0.0	3.5216310762844206e-05	0.0	0.0	0.0	0.0	0.0	0.0	0.0	0.0012525179810268395	0.0	0.00011142906988882373	0.0	0.0	0.0	0.0	0.0	0.0	1.7720867879717856e-05	0.0	1.648943764456736e-05	0.00023054249179015586	1.7338581103156868e-05	0.0	0.0	5.6647684876499075e-05	5.870249297866495e-05	0.0022162378680263537	9.103645693236398e-05	0.00028236753114475	5.237107816922095e-05	0.0	0.0	0.0	1.2559819462553696e-05	0.0	4.2211844354216956e-05	8.071117964422129e-05	5.2983606306748274e-05	0.0	0.0	9.364984002916779e-05	2.4547331273373253e-05	1.7082990379648148e-05	0.0	0.0	0.0	0.0	0.0	0.00021066745889548476	0.0	2.7851235414531383e-05	0.0	2.7282277898815458e-05	0.0	0.0	0.0	0.0	0.0	0.0	0.0	0.0	0.0	4.910675784299311e-05	0.0	0.0	8.399086853818064e-05	0.00036173751791559783	0.00030564822384873295	0.0	0.0	0.0	0.0	0.0	0.0	0.0	0.0	0.0	0.00014058705123706888	0.0003101994953006867
0.03218009976594592	0.0	0.1256059948617999	0.08179786928747797	0.0530705397839713	0.0045587898242895955	0.006379875578390344	0.022170817765711327	0.00011552522028670217	0.05794400268086321	0.005973666901793108	0.001985579542745395	0.0032914255806224184	0.005871307682701592	0.002602910997979874	0.0031273501717564924	0.10991278710186071	0.014573999644386776	0.004784082689196131	0.003950757728824361	0.0006987258566873324	7.831997292729147e-05	0.0014261421129032612	0.0007329246774812552	0.0005151238754814647	6.392698223997143e-05	0.00022051861362219703	0.00010290362199552456	0.00015270703264703154	0.0029345854554193584	0.0010490753892113244	0.00016344758467445747	1.6268717341154665e-05	3.298433412548651e-05	0.01971169962141021	0.003028806686526271	0.1045194348030589	0.09697983987937113	0.0021619528194427324	0.0	5.5630566178074694e-05	0.0002914571869020442	0.0010055599090388126	0.0002834834861071268	0.0013584681906123907	1.3336298325880677e-05	0.00011787363372941846	0.002070488316646497	0.00016624213181496033	4.5549432590231974e-05	1.8269873957683764e-05	0.0	0.0001562919377858021	5.963033272764279e-05	0.000570750206855575	0.0	0.0445661604378336	0.07150387936485382	0.0011274950903218711	0.019881817224652525	0.005381061242913308	0.005726334431801197	0.007555395334071626	2.028488215391411e-05	0.0005506196978091547	0.0	5.915838557916714e-05	0.0	0.0	0.0026508656251926603	0.0015592042568481864	0.01803930697074322	1.9805184734091154e-05	0.004473575029240848	0.005327379970055623	0.06880826281851735	0.03494647234883318	0.0006744978165809268	0.0014736133488449494	0.0837596855098185	0.017422953682712284	0.001367195022288064	0.0038751987248128064	0.00012145458251707613	3.214389957026902e-05	0.07359392373358722	0.00030930720470065273	0.31802533138873096	0.0668707709091858	0.006975463708187664	0.0001996510209915754	1.806128375715258e-05	0.0	0.0	6.003744821789259e-05	0.005185307021823258	0.0001340317240681906	3.427172033379309e-05	0.0	0.0	0.0	0.0	0.0	0.0	1.4302835771539422e-05	0.0	0.0	3.439393648634309e-05	2.8105517989690128e-05	3.207149312401575e-05	2.912395063757378e-05	7.525079874925216e-05	0.00020826757953205284	0.0	0.003813736459395508	0.0022847601042182957	0.0003096300243875062	0.0	0.0	0.0	3.222184316774201e-05	0.0	2.3653058146985228e-05	0.0003048988622335585	8.55836537260206e-05	9.815063899897563e-05	0.0	5.981224946423908e-05	1.844229429142093e-05	8.330635308395025e-05	0.0	0.0	0.0	0.0	0.0014098979414721232	0.0042751567509835995	1.9795348966785745e-05	0.0006681431828634092	0.0005319680316187798	0.0005185543886591438	0.00044706359114038126	0.0	0.0	2.0331437442364577e-05	0.0	0.0	0.0	0.0014345613092748488	0.009626664242562335	0.019165090860896385	0.0	0.00010215212267453445	0.0005284152254239698	0.0019019400353125634	0.0023042106574761435	6.131012573376327e-05	0.0	0.0	0.0	0.0	1.9680521967055117e-05	0.0	0.0	0.0	0.004118186969010091	0.00036774764162840376
0.07347184684227553	0.1256059948617999	0.0	0.051044282933201034	0.08939282643870033	0.00955228368297663	0.0010156653253116635	0.0019321339178750925	0.0	0.0036414766174774535	0.00032419761082155097	1.8597156141706845e-05	0.000985388196945096	0.007550164018364346	0.006363921930464621	0.00830517999454497	0.0456112910288308	0.0006646204916358281	0.00020052748183630638	0.00031150151043626416	0.00025437925921404904	0.00012650157983180982	0.0005156209573516868	0.00016533205503828385	0.0015548626110933772	8.484774921567647e-05	0.0037059143286785764	0.0004756270509696007	0.0007018462212338034	0.011177730112600192	0.0016832774695582098	0.008799621426796142	0.0003458690287071376	0.01852873932167798	0.0010294908682199175	0.0006637336424688881	0.15607470640977994	0.04489698724414744	0.0005190737728634318	0.0	0.00021974605920389753	0.0001032411938830505	0.014186221800555007	0.00041667951657019763	0.0189574052101426	1.4017182290662066e-05	0.0	0.0003863706561793137	1.769569690104597e-05	3.214389957026902e-05	0.0	0.0	0.0	2.1428115344990404e-05	0.0004403741033513171	0.0	0.016342779363716607	0.020473992963912734	0.0005329099796461788	0.002841557365828544	0.0008400981058430339	0.0015491527726892694	0.0019958751256460936	0.0	2.20296561966029e-05	2.196169339396857e-05	2.124539805639205e-05	0.0	2.1982280052314208e-05	2.131867901867091e-05	0.0	0.0020080599720705703	0.0	0.0013462268255079258	0.0007905555953730443	0.00773671912271612	0.003449424318441645	6.625005357151667e-05	7.580793071989956e-05	0.016470690440039213	0.009118231498031851	0.0008268618112527135	0.0020058169689898754	1.8521122556846813e-05	0.0	0.007926025023752507	0.0	0.03148489805583742	0.0015795792852162133	0.00028464060858504647	0.0	1.933310561059015e-05	0.0	0.0	0.0	0.0001930861611629358	0.0	9.138287114859778e-05	0.0	2.0959445818796255e-05	0.0	0.0	0.0	1.6834825065842085e-05	0.0	0.0	0.0	3.589273513097802e-05	1.48108425658539e-05	0.0	0.0	0.0	5.129293188480348e-05	1.865284671447707e-05	0.001004059102488011	0.0006978923689509673	0.00010409668084596514	0.0	0.0	0.0	0.0	0.0	0.0	0.0	0.0	4.228347925399434e-05	0.0	1.581437073414484e-05	0.0	0.0	0.0	0.0	0.0	0.0	0.0004999274351604466	0.002112184366227895	2.133351098449697e-05	0.00030602225565811537	0.00011053922445301295	0.00027958742004492905	8.778148798150115e-05	8.754534254965181e-05	0.0	4.391491717997109e-05	0.00010620435148399538	0.0	0.0	0.0	0.00106332080858243	0.0025706510386758574	0.0	4.414591413437596e-05	0.00010974196459445473	0.0006334517093400993	0.0010036581593695752	0.0	0.0	0.0	0.0	0.0	0.0	0.0	0.0	0.0	0.0008148271002312272	0.00015451069947043544
0.05079189087605415	0.08179786928747797	0.051044282933201034	0.0	0.05875792573021179	0.0006457591315854094	0.03330270856178727	0.03470183308074158	0.0	0.004278301411992693	0.0	0.0	0.0	0.0	0.0	0.0	0.0664529151294036	0.0	0.0	0.0002023597248848571	0.0	0.0	0.0	0.0	0.0	4.145680491112738e-05	0.0002547719734702682	0.0001510795786273602	0.0002679890925201366	0.00980449265446488	0.00048177005180894094	0.014069951788470694	0.041793809973029186	0.005769677367641433	6.548105377807472e-05	0.0003757685198798914	0.023786107409584634	0.0048511114333008665	7.487765740892895e-05	0.0003945453738369615	0.029474171710509922	0.0001716094093843968	0.07602989486938899	0.0006114243271752318	0.054534343615494196	0.0	0.0	8.489110664701192e-05	0.0	0.0	0.0	0.0	0.0	0.0	0.0	0.0	8.923305115852578e-05	0.0008361397736597097	0.0003304516853480303	0.0005483475137384849	0.0	8.569403708210622e-05	0.0	0.0	0.0	0.0	0.0	0.0	0.0	0.0	0.0	0.0005459278279648237	0.0	0.00019039935062608565	0.00037278656816093627	0.0021007947724809043	0.0010002589170286012	0.0	0.0	0.0005497264007180767	0.0005069286161239762	4.089542943485275e-05	0.00025001482093212643	0.0	0.0	0.0011109304834565428	0.0	0.0006283868982934508	0.0	0.0	0.0	0.0	0.0	0.0	0.0	0.0	0.0	0.0	0.0	0.0	0.0	0.0	0.0	0.0	0.0	0.0	0.0	0.0	0.0	0.0	0.0	0.0	0.0	0.0	5.270341746332152e-05	4.744969935299381e-05	0.0	0.0	0.0	0.0	0.0	0.0	2.1689262073298167e-05	2.70380254278567e-05	0.0	0.0	0.0	0.0	0.0	0.0	0.0	0.0	0.0	0.0	8.929301134187491e-05	0.000538039235127516	0.0	0.00027420518723624677	0.0	0.00025664076345718396	0.0	0.0	0.0	0.0	0.0	0.0	0.0	0.0	0.0	0.00012687734907103628	0.0	0.0	0.0	0.00018226020822229057	0.0003628201600535454	0.0	0.0	0.0	0.0	0.0	0.0	0.0	0.0	0.0	9.433238165865323e-05	0.0
0.02190757081828019	0.0530705397839713	0.08939282643870033	0.05875792573021179	0.0	0.030646934711775622	0.00147353784171004	0.004774235389301265	0.0	0.004693382133434064	3.0684162641441215e-05	0.0	0.0	0.0	0.000418478081324959	0.005739897161614748	0.13412477949986024	0.0	0.0	0.0001151830829324631	0.0	0.0	2.0819336169193108e-05	0.0	4.310647279803234e-05	2.5587204791773465e-05	0.0004472240583047919	0.0	0.00030899801180087527	0.005898087593926856	0.0003471037467164925	0.0018426283657826553	0.0017115034213120706	0.0032843825012045455	9.872427945374904e-05	0.00028269309185196385	0.07809169397450193	0.031355817056906786	0.00045910988261040823	7.237629792967931e-05	0.004316972526594744	2.6130614257231013e-05	0.03221578340255484	0.00039452136597909534	0.03635781361591848	0.0	0.0	0.00011219005110992185	5.4549623762792146e-05	0.0	0.0	0.0	0.0	0.0	0.0	0.0	0.021439092647214466	0.022513680823239453	0.0004433739862744956	0.0033973544305528998	0.001693862800067085	0.0009387920107302321	0.002835283625568525	0.0	7.828920968691972e-05	0.0	0.0	0.0	0.0	0.0	0.0	0.0002544024491166065	0.0	0.0006283188165682472	0.001167744903587478	0.007063242723449709	0.006510593275395573	3.9314461090428497e-05	1.6863309923648866e-05	0.0010936148689135556	0.0007283470675790329	0.00010148896832569739	0.00034072534298625355	2.9286558408410898e-05	0.0	0.0005898372848581712	0.0	0.0040394913443158416	0.00014721145937085566	0.0	0.0	0.0	0.0	0.0	0.0	2.1061318959256448e-05	0.0	0.0	0.0	0.0	0.0	0.0	0.0	0.0	0.0	0.0	0.0	3.1379772701949435e-05	0.0	0.0	0.0	0.0	0.0	2.9617284996348784e-05	0.0007661786192413595	0.0001387520903725388	0.00010643876383681215	0.0	0.0	0.0	0.0	0.0	0.0	3.850189792655211e-05	2.1451176173053425e-05	7.28524581279424e-05	0.0	0.0	0.0	0.0	0.0	0.0	0.0	0.0	0.00015290737803231783	0.0011440524574127416	3.6999270555039245e-05	3.860816830182067e-05	0.0	3.7523402960776454e-05	0.0	0.0	0.0	0.0	0.0	0.0	0.0	0.0	0.00028232906694238854	0.000455672831591515	0.0	3.9281534039278096e-05	3.8888755970961345e-05	0.00023135773071202318	0.00023089988459062936	0.0	0.0	0.0	0.0	0.0	0.0	0.0	0.0	3.7736523821446525e-05	0.0007041879750121854	3.9281534039278096e-05
0.00011481816030244958	0.0045587898242895955	0.00955228368297663	0.0006457591315854094	0.030646934711775622	0.0	0.00016591925411711442	0.0	0.0	0.00010474215633848177	0.00013002239295281735	5.982122376801358e-05	0.003141842346773799	0.011179287743114004	0.1003116623079736	0.05372490189661928	0.12155651122051143	0.0	0.00015608795946081243	0.00017124083641139413	0.00033369028939206417	0.0	0.0009083791075869987	0.0	0.0017129969148495618	0.0	0.0002443298866559992	0.0005678755523067984	0.0002552985336368868	6.353304105084912e-05	0.0	3.056184061879194e-05	4.8145970739025954e-05	0.0	2.295305375221935e-05	0.0	0.0290862199438592	0.05181689046636168	0.0009903196058655512	0.0	0.00012818284051658565	0.0018992312661568703	0.00043286208320574655	0.0011433517539852671	0.00029794369415553986	2.9166568428496335e-05	0.0	0.0	0.0	0.0	0.0	0.0	0.0	0.0	0.0001196065503210089	0.0	0.04219212759422196	0.009625872727244349	0.0001014502169688216	0.007706133384460427	0.001345133468735832	0.0028656851179454635	0.005035808324523748	0.0001162749430204253	0.00011993040260385501	0.0	0.0	0.0	0.0	0.0	0.0	0.0	0.0	0.0015744895584393537	0.0005894553592001724	0.006206436996190222	0.006857487915613525	0.00012153922203577524	0.0	5.033442316338141e-05	0.00012295296638297368	0.0	0.0	0.0	0.0	0.0	0.0	0.00037187374456276425	0.00035806765419757	0.0	0.0	0.0	0.0	0.0	0.0	0.0	0.0	0.0	0.0	0.0	3.7256882962361555e-05	0.0	0.0	0.0	0.0	0.0	0.0	0.0	0.0	0.0	0.0	0.0	0.0	0.0	0.00011957067631037166	0.0	0.0	0.0	0.0	0.0	0.0	0.0	0.0	0.0	0.0	0.0	0.0	0.0	0.0	0.0	0.0	0.0	0.0	0.0	0.0	0.0	0.0	0.0	0.0	0.0	0.0	0.0	0.0	0.0	0.0	0.0	0.0	0.0	6.81683762621496e-05	0.0003699412207760666	0.0	0.0	0.0	0.0	0.0	0.0	0.0	0.0	0.0	0.0	0.0	0.0	0.0	0.0	0.0	0.0
0.006248203603116807	0.006379875578390344	0.0010156653253116635	0.03330270856178727	0.00147353784171004	0.00016591925411711442	0.0	0.006675934211919988	0.0	0.0	0.0	0.0	0.0	0.0	0.0	0.0	0.0894017910676716	0.0	0.00020605546731594553	0.0002076295149464839	0.0	0.0	0.0	0.00023833119981447667	0.0	0.0005927231195795168	0.0021324375018547622	0.00020666077743311195	0.00045342202747980807	0.025426104872199637	0.0064308698942333545	0.025096876201138974	0.09522088687762882	0.0015219117551236476	0.000485510964515527	0.0	0.0009512952317476851	0.0012559027612221829	7.780028126463582e-05	0.004929703048599093	0.025674236586026758	0.0005261530801591509	0.014352696280981002	0.0	0.004878400936471415	0.0	0.0	0.0	0.0	0.0	0.0	0.0	0.0	0.0	0.0	0.0	0.0	7.902639624067159e-05	0.0	0.0	0.0	0.0	0.0	0.0	0.0	0.0	8.503597174943736e-05	0.0	0.0	0.0	0.0	0.0	0.0	0.0	0.0	9.57254523309841e-05	0.0	0.0	0.0	0.0	0.0	4.175205776440581e-05	0.0	0.0	0.0	0.00017802112883955268	0.0	0.0	0.0	0.0	0.0	0.0	0.0	0.0	0.0	0.0	0.0	0.0006183794880018715	0.0	0.0	0.0	0.0	0.0	0.0	0.0	0.0	0.0	0.0004971714624432347	0.0005588532270320942	0.0	0.0	0.0	0.0009373351656504525	0.00016391803078791026	0.0	0.0	7.859792109531227e-05	0.0003222705313684351	4.827423599000529e-05	0.0	0.0	0.0	0.0	0.0	0.0	0.0	0.0	0.0	0.0	0.0	0.0	0.0	0.0	0.0	0.0	0.0	8.646538052050461e-05	0.0	0.0	0.0	0.0	0.0	0.0	9.771998118924267e-05	0.0005947443683104858	0.0	0.00019676637259546606	0.0	0.0	0.0	0.0	0.0	0.0	0.0	0.0	0.0	0.0	0.0	0.0	0.0	0.0	0.0	0.0	0.0	0.0	0.0
0.013070447530913024	0.022170817765711327	0.0019321339178750925	0.03470183308074158	0.004774235389301265	0.0	0.006675934211919988	0.0	0.0	0.009114850665485957	0.0	0.0	0.0	0.0	0.0	0.0	0.03381794875805206	0.06423918660752273	0.0019856063351318958	0.0045963061092990695	0.0009567567308049514	8.420968608035145e-05	0.001176488613567489	0.0006249262890020723	0.00023494144227417842	0.0	1.8415033465994836e-05	0.0	0.0	0.0020133770454588452	0.0013723659180747462	4.338796833953166e-05	2.9286558408410898e-05	9.005617232681895e-05	0.025446779549205486	0.039539877675423066	0.06352615445905774	0.032883796787226284	0.00134788989683948	0.0	0.0	0.000435586381909714	0.00018276316660818955	0.0	0.00027958340423250004	0.0	4.932549416975054e-05	0.004932906051284246	9.137729193938182e-05	0.0	0.0	2.470554470995267e-05	0.00016522241422310902	0.0	0.0	0.0	0.006089315196795395	0.08586152070764767	0.00249653101380227	0.03697400446150998	0.001345531998596088	0.007676442790946546	0.0035137300835929993	0.0	0.00032238222867401214	0.0	4.275511169268342e-05	0.0	4.584803267898322e-05	0.0	0.0	0.0424795478063103	0.0	0.0069804541302616605	0.007045606290599886	0.10400514989735467	0.05111923208338269	0.001018377856481599	0.00681481477058208	0.030448141103712533	0.009216652202952461	0.0025857076550514927	0.0004637606342485259	0.0	2.8655021512095093e-05	0.6076568254658882	0.0	0.042509485596353896	0.0	0.0	0.0	0.0	0.0	0.0	7.633048232554786e-05	0.0333810968499341	0.0	3.222184316774201e-05	0.0	0.0	0.0	0.0	0.0	0.0	0.00011738770737706071	0.0	4.2727614472371124e-05	5.008148789402685e-05	4.562241334550482e-05	2.8540139401901848e-05	2.4183974940728116e-05	0.00015336572884951745	0.00012890523426195837	0.004142845585710817	0.0005979729654547126	0.002018474194744843	0.0004106393112464105	0.0	1.8846852946264052e-05	0.0	7.600835732059921e-05	2.9892669077596266e-05	6.98893135794718e-05	0.0002494152074964048	0.00014023756388744217	0.00016934946273699342	3.313236662923136e-05	5.056426134782222e-05	0.0	2.237085522271719e-05	0.0	0.0	0.0	0.0	0.0003583157440970761	0.0038528786785360612	0.0001293403893754654	0.0016312988039878958	9.279531024800746e-05	0.0006135753001341328	9.137554290730738e-05	0.0	4.611320392136025e-05	0.0	0.0	0.0	0.0	0.0	0.0	0.024097418459712302	0.0	0.0003237098165145265	0.0004113077808543701	0.0037555005910548177	0.002843943500932631	0.0002776588207032605	0.0	0.0	0.0	0.0	0.0	0.0	0.0	0.0	0.005062497103347697	0.0007861524115353412
0.0	0.00011552522028670217	0.0	0.0	0.0	0.0	0.0	0.0	0.0	0.0006345742978618218	0.010110830098461043	0.01850177240324967	0.008032342329930784	0.001596457145752266	0.0004565768404162115	0.0	9.210388858263519e-05	0.0012861780042308774	0.001166207687149291	0.0	0.0	0.00037885354556733096	0.0	0.0	0.0	0.0	0.0	0.0	0.0	0.0	0.0	0.0	0.0	0.0	0.0002339411032613525	0.0	0.0024482004607205253	0.00022963631770437143	0.0	0.0	0.0	0.0	0.0	0.0	0.0	0.0	0.0	0.0	0.0	0.0	0.0	0.0	0.0	0.0	0.0	0.0	0.0	0.0	0.0	0.0	0.0	0.0	0.0	0.0	0.0	0.0	0.0	0.0	0.0	0.01114365892183666	0.005767455220970286	0.008750690329201949	0.0051081515155681385	0.0	0.0	0.0	0.0	0.0	0.0	1.8346809613800636e-05	0.0	0.0	0.0	0.0	0.0	0.0	0.0016849055167404794	0.0002859013996442927	0.0016294125816914671	0.003887404948295678	0.0	0.00010445399243098541	0.0	0.0	0.0	0.0	0.00015544887533168526	7.959441687852237e-05	0.0	0.0	0.0	0.0	0.0	0.0	0.0	0.0	0.0	0.0	0.0	0.0	0.0	0.0	0.0	0.0	0.00042990256434564006	7.282584267506629e-05	0.0	0.0	0.0	0.0	0.0	0.0	0.0	0.0	0.0	0.0	0.0	0.0	0.0	0.0	0.0	0.0	0.0	0.0	0.0	0.0	0.0	0.0	0.0	0.0	0.0	0.0	0.0	0.0	0.0	0.0	0.0	0.0006824228113290586	0.0	0.0	0.0	0.0	0.0	0.0	0.0	0.0	0.0	0.0	0.0	0.0	0.0	0.0	0.0	0.0	0.0	0.0
7.645148894845962e-05	0.05794400268086321	0.0036414766174774535	0.004278301411992693	0.004693382133434064	0.00010474215633848177	0.0	0.009114850665485957	0.0006345742978618218	0.0	0.008835583416925086	0.002488961504742522	0.0006471568837465579	0.0004352059456844679	2.8002855899449006e-05	9.375555784951751e-05	0.011301894437407757	0.05180088887668445	0.030951521003418168	2.53981033911612e-05	0.001757267352524568	0.0	0.003891570092641996	0.004968754017865983	0.0006269292903688273	0.0	0.0	0.0	0.0	0.00014477361905058432	7.883105575557261e-05	0.0	0.0	0.0	0.06109657357428533	0.00020662507310472035	0.015982808872868362	0.01282053451930926	0.00039440126867881233	0.0	0.0	0.0	1.25614017129415e-05	0.0	0.00011266717574131825	0.0	0.0	0.0002230291330404688	2.4207472301666222e-05	0.0	0.0	0.0	2.5812525368541036e-05	0.0	9.928982592186049e-05	0.0	0.009119572466112594	0.01959591455166645	6.30698347118146e-05	0.0029461635646557197	0.001631622450331681	0.0013428972717972566	0.0021057702668708877	0.0	0.00023184949297231126	0.0	0.0	0.0	0.0	0.01280520195904607	0.017404389423165956	0.06594271458770962	6.319480783778587e-05	0.000730642778016144	0.0011866995554992046	0.01030945549488937	0.008855228170751598	6.648576682131073e-05	3.1276373871839375e-05	0.04867707371189358	0.010649077529314226	0.0007716951533469173	0.003836886564957733	2.5779142930936182e-05	0.0	0.020776113422020556	0.0003345005524192603	0.3729068138824112	0.04620511907692953	0.0042137065779620266	0.00011033729536708636	0.0	0.0	0.0	0.00010464317359674452	0.0090357800779056	2.9955564618218665e-05	0.0	0.0	0.0	0.0	0.0	0.0	4.52495620602635e-05	3.915998646365638e-05	0.0	0.0	1.4623941232921102e-05	5.7343016484142444e-05	0.0	4.0137802700566645e-05	0.0	0.00014335296414139266	0.0	0.0029289530573671585	0.0020402550910147777	0.0006701001408888931	0.0	0.0	0.0	2.693207991426265e-05	0.0	0.0	3.5341191071180144e-05	1.9507176357655782e-05	0.0	0.0	0.0	0.0	0.0	0.0	0.0	0.0	0.0	0.0020451012527511773	0.004752204401751926	6.314475593550479e-05	0.0003928379240802297	0.00046617784295188025	0.00047929865211747267	0.0002634496147072035	0.0	9.945496587342588e-05	0.0	3.136989632693471e-05	0.0	0.0	0.0023288533704576113	0.017167081993012576	0.029149416787883572	0.0	0.0002325353571826047	0.00016469001814856015	0.0019293933760874162	0.0020893877710790655	6.647190799026492e-05	0.0	0.0	0.0	0.0	0.0	0.0	0.0	0.0	0.0016883476002147923	9.9658010221122e-05
0.0	0.005973666901793108	0.00032419761082155097	0.0	3.0684162641441215e-05	0.00013002239295281735	0.0	0.0	0.010110830098461043	0.008835583416925086	0.0	0.027088314026670425	0.007696526308171642	0.0028303367625141136	0.00030999117775189834	0.0	0.0008894954437522704	0.004158834618904373	0.001854964059695312	0.0	0.0	0.0	0.0	8.898407369052806e-05	0.0	0.0	0.0	0.0	0.0	0.0	0.0	0.0	0.0	0.0	0.0009855923522036308	0.0	0.023135858329989403	0.002034070006085847	0.0	0.0	0.0	0.0	0.0	0.0	0.0	0.0	0.0	0.0	0.0	0.0	0.0	0.0	0.0	0.0	0.0004049935402054009	0.0	0.0006245474393780341	0.00010045322809199619	0.0	0.0001291797249735768	0.0	0.00011808313470287554	0.0002636565051850432	0.0	0.0	0.0	0.0	0.0	0.0	0.035397975731661264	0.012513302420764294	0.0053444210677820025	0.0015835099693505893	0.0	0.0	0.0	0.0	0.0	0.0	0.00654752281961318	0.00016077423704349305	0.0	3.47254911814959e-05	0.0	0.0	0.0	0.007541330697321817	0.043106591181137854	0.19761582159228883	0.039755943302752624	0.0008924969799893119	0.00036452876422946967	0.0	0.0	0.0	6.821503452015594e-05	0.0004727806506848451	0.0	0.0	0.0	0.0	0.0	0.0	0.0	0.0	0.0	0.0	0.0	3.38871682271626e-05	0.0	0.0	0.0	7.504680592154429e-05	0.0	0.0016483563739415467	0.000391627327050238	0.0	0.0	0.0	0.0	0.0	0.0	0.0	0.0	0.0	0.0	0.0	0.0	0.0	0.0	0.0	0.0	0.0	0.0	0.0	0.0	0.0	0.0	0.0	0.0	0.0	0.0	0.0	0.0	0.0	0.0	0.0	0.009134722077043116	0.0026246071024521897	0.002228866202846467	0.0	0.0	0.0	0.0	0.00012781297389798473	0.0	0.0	0.0	0.0	0.0	0.0	0.0	0.0	0.0	0.0	0.0
0.0	0.001985579542745395	1.8597156141706845e-05	0.0	0.0	5.982122376801358e-05	0.0	0.0	0.01850177240324967	0.002488961504742522	0.027088314026670425	0.0	0.014572570450256433	0.0014622247427354333	0.007655514592760078	0.0	0.008715842040307502	0.005209693958445948	0.0015157742914355327	0.0	0.0	0.0	3.2045710129153515e-05	0.00020999190614283837	0.0	0.0	4.8414944603312115e-05	0.0	0.0	0.0	0.0	0.0	0.0	0.0	0.000705371454793983	0.0	0.02956543029741336	0.0017258684854975909	0.0	0.0	0.0	0.0	1.7200925319416414e-05	0.00037210515919646636	0.0	0.0	0.0	0.0	0.0	0.0	0.0	0.0	0.0	0.0	0.0	0.0	0.0	0.0	0.0	0.0	0.0	0.0	0.0	0.0	0.0	0.0	0.0	0.0	0.0	0.013289917441740589	0.009568645477538353	0.007797862846758804	0.0021620289763010286	0.0	0.0	0.0	0.0	0.0	0.0	0.0009002604198665359	3.489571579837955e-05	0.0	0.0	0.0	0.0	0.0	0.021818555035769727	0.0048062126841418714	0.07095385474982024	0.05672693024691947	0.001623823353985151	0.00019932432181821096	7.053231345204508e-05	0.0	0.0	6.524527671619294e-05	0.0	0.0	0.0	9.060196604492192e-05	0.0	0.0	3.1618705562988414e-05	0.0	0.0	0.0	0.0	0.0	0.0	0.0	0.0	0.0	7.262241690496817e-05	5.904156735141783e-05	0.002922644159532544	0.00046853905942522887	0.0	0.0	0.0	0.0	0.0	0.0	0.0	0.0	0.0	0.0	0.0	0.0	0.0	0.0	0.0	0.0	0.0	0.0	0.0	0.0	0.0	0.0	0.0	0.0	0.0	0.0	0.0	0.0	0.0	0.0	0.0	0.013166748551114724	0.00046509008424257194	0.0005037076909362628	9.95501706479188e-05	0.0	0.0	0.0	0.0	0.0	0.0	0.0	0.0	0.0	0.0	0.0	0.0	0.0	0.0	0.0
0.0	0.0032914255806224184	0.000985388196945096	0.0	0.0	0.003141842346773799	0.0	0.0	0.008032342329930784	0.0006471568837465579	0.007696526308171642	0.014572570450256433	0.0	0.021678778415791775	0.028105264423550998	0.00040024964318379993	0.036586938992921585	8.001779285580674e-05	0.0	0.00047073894146948864	0.0003913435719797631	0.00025886275349859924	0.0010292744595850347	0.0	0.0013564603975359682	5.201574330943349e-05	0.00013061883028551587	0.0011363223970726022	0.0005577455879485222	0.0	0.0	0.0	0.0	0.0	2.4438981203277837e-05	0.0	0.1530923636501591	0.08316596341521	0.0	0.0	0.0001400733115043684	0.0009776125370479314	7.258715636082236e-05	0.0022147147584163436	0.0004252252291606902	6.321735671865943e-05	0.0	0.0	0.0	4.441272708842561e-05	0.0	0.0	0.0	0.0	0.0001750762635613798	0.0	0.00126781519517958	0.00024215560487194843	0.0	0.0003308287569345178	0.0	0.0	0.0	0.0	0.0	0.0	0.0	0.0	0.0	0.0009718058318538048	0.0	0.00025886276510078975	0.0013995037456498987	0.0	0.0	0.0	0.00016391803078791026	0.0	0.0	0.001632942332859354	0.00018421841058404315	0.0	0.0	0.0	0.0	0.0	0.008231859097484568	0.0045672302613937	0.0731517426074752	0.040095741629746336	0.0017872803886536724	0.000582333149859594	0.0	0.0	0.0	7.240258852090196e-05	0.0	0.0	0.0	0.0	0.0	0.0	0.0	0.0	0.0	0.0	0.0	0.0	0.0	0.0	0.0	0.0	2.6123766057110667e-05	0.0	0.0023441564089160915	0.0007417293729892687	0.0	0.0	0.0	0.0	0.0	0.0	0.0	0.0	0.0	0.0	0.0	0.0	0.0	0.0	0.0	0.0	0.0	0.0	0.0	0.00012324892261981972	0.0	0.0	0.0	0.00014721146227138335	0.00017054487248368977	0.0	0.0	0.0	0.0	0.0	0.0	0.0061375524913721185	0.0001663808999598897	0.0011042898989517024	0.00014255270221290826	0.0	0.0	0.00032912170165266233	0.0	0.0	0.0	0.0	0.0	0.0	0.0	0.0	0.0	0.0	0.0	0.0
0.0	0.005871307682701592	0.007550164018364346	0.0	0.0	0.011179287743114004	0.0	0.0	0.001596457145752266	0.0004352059456844679	0.0028303367625141136	0.0014622247427354333	0.021678778415791775	0.0	0.03315493808798838	0.01074482699820474	0.036555785802535934	0.00012541379501755288	0.0	0.0005798525641241948	0.0014728397893858497	0.00045096001687084395	0.0015866246328647238	0.00010148896832569739	0.004044603110926918	0.00016527721142629547	0.0005644296981166201	0.0010081432344541982	0.0007242889651544627	0.0	0.0	0.0	0.0	6.16721289595079e-05	0.0	0.0	0.0639418261154872	0.1051426746654955	0.0010832843894877876	0.0	3.6386331989588185e-05	0.0005767486268464365	0.0002961178439206624	0.004159522498997362	0.0006292148459780627	0.0002617522356623665	0.0	0.0	0.0	0.0	0.0	0.0	0.0	0.0	0.00129361376019779	0.0	0.006111021224051536	0.00041750599367558656	0.0	0.002614748919691255	0.00022446433421119215	0.0036846925396543176	0.0018686656345183552	0.0006150403508717876	0.0	0.0	0.0001589508145695131	0.0	0.0	0.0021209055026723276	0.00046571105153226804	9.509748311197473e-05	0.00016469681703930019	0.00022055251235780557	0.0006302745766663043	0.0002008811633822307	0.0005967794120604527	0.0	0.0	0.0006979393709242365	3.7587087451179745e-05	0.0	0.0	0.0	0.0	0.0	0.0008209685652289728	0.0022430754668535564	0.02731310896564644	0.006962928657977519	0.00018733489564396326	0.0002740481050144083	0.0	0.0	0.0	3.76652166838953e-05	0.0	0.0008610121754472257	0.0	0.0014422888403348242	0.0	0.0	0.0	0.0	0.0	0.0	0.0	0.0	3.7396683703318826e-05	0.0	0.0	0.0	0.0	0.0	0.0007689981691285819	0.00013240842073654262	0.0	0.0	0.0	0.0	0.0	0.0	0.0	0.0	0.0	0.0	0.0	0.0	0.0	0.0	0.0	0.0	0.0	0.0	0.00038248851566085695	0.0	0.0	0.0	0.0	0.0	0.0	0.00040709590573629505	0.0	0.0004197406359190378	0.0	0.0	0.0	0.0015599295250392298	0.0	0.0003063385955147471	0.0	0.0	0.0	0.0	0.0	0.0	0.0	0.0	0.0	0.0	0.0	0.0	0.0	0.0	0.0	0.0002209191651662841
0.0	0.002602910997979874	0.006363921930464621	0.0	0.000418478081324959	0.1003116623079736	0.0	0.0	0.0004565768404162115	2.8002855899449006e-05	0.00030999117775189834	0.007655514592760078	0.028105264423550998	0.03315493808798838	0.0	0.018914939312356733	0.03493312826107849	3.973770364238094e-05	0.0	6.648576682131073e-05	0.0	0.0	0.0002822291255686929	0.0	0.001160603689838937	0.0	0.00020806297323785355	0.0007269786225818312	0.00017326523514039772	4.470157552588015e-05	0.0	0.0	0.0	0.0	0.0	0.0	0.0010259340404115832	0.007205838098564035	0.0001158862344246885	0.0	0.00010443118830168126	0.0005919458706199653	0.00016281710647913724	0.0025631720006918874	0.00013228319526266847	0.0	0.0	0.0	0.0	0.0	0.0	0.0	0.0	0.0	0.0	0.0	0.00015430565229251805	0.0	0.0	0.0	0.0	0.00014402046206487973	0.0	0.0	0.0	0.0	0.0	0.0	0.0	0.0004068535357227344	0.0	0.00017007194349887472	0.001366873478843563	0.0	0.0	0.0	0.0	0.0	0.0	0.0	0.0	0.0	0.0	0.0	0.0	0.0	0.00046769161133851134	3.68982472759239e-05	0.0002801466230087368	0.0003798100543590594	0.0	0.0	0.0	0.0	0.0	0.0	0.0	0.0	0.0	0.0	0.0	0.0	0.0	0.0	0.0	0.0	0.0	0.0	3.5734012647756825e-05	0.0	0.0	0.0	0.0	0.0	7.018461864268731e-05	0.0	0.0	0.0	0.0	0.0	0.0	0.0	0.0	0.0	0.0	0.0	0.0	0.0	0.0	0.0	0.0	0.0	0.0	0.0	0.0	0.0	0.0	0.0	0.0	0.0	0.0	0.0	0.0	0.0	0.0	0.0	0.0	0.0	0.0	0.0	0.0	0.0	0.0	0.0	0.0	0.0	0.0	0.0	0.0	0.0	0.0	0.0	0.0	0.0	0.0	0.0
0.0	0.0031273501717564924	0.00830517999454497	0.0	0.005739897161614748	0.05372490189661928	0.0	0.0	0.0	9.375555784951751e-05	0.0	0.0	0.00040024964318379993	0.01074482699820474	0.018914939312356733	0.0	0.07187314896022304	0.0	0.0	0.0	0.00025445657919312057	0.0	0.00032476468007878263	0.0	0.002130648336334412	0.0	0.0002590870675842889	0.0006130361515776059	0.0002783859278434548	2.4373237321902302e-05	0.0	0.0	0.0	0.0	0.0	6.446452969253233e-05	0.01963042673055093	0.06625345887603834	0.000813568633963328	0.0	0.0	0.0008069810425191348	5.817989786478227e-05	0.0009421843526611992	8.801486048690633e-05	0.0	0.0	0.0002992857789482961	0.0	0.0	0.0	0.0	0.0	0.0	0.0032260583502535457	0.0	0.033597032200480825	0.002543889395118661	0.0	0.009586741154575001	0.005536786771317212	0.00526166703465514	0.00511088035363391	0.0	0.0	0.0	0.0	0.0	0.0	0.0	0.0	0.0	0.0	0.0019363625146677338	0.0004363969901024568	0.006375190941069093	0.0042991523395094185	0.0004909466022630585	0.0	9.3614656349584e-05	1.9707763938901924e-05	0.0	0.0	0.0	0.0	0.0	0.0	4.275511169268342e-05	0.0	0.0	0.0	0.0	0.0	0.0	0.0	0.0	0.0	0.0	0.0	0.0	0.0	0.0	0.0	0.0	0.0	0.0	0.0	0.0	0.0	0.0	0.0	0.0	5.7574903907606453e-05	0.0	0.0	0.0	0.0	0.0	0.0	0.0	0.0	0.0	0.0	0.0	0.0	0.0	0.0	0.0	0.0	0.0	0.0	0.0	0.0	0.0	0.0	0.0	0.0	0.0	0.0	0.0	0.0	0.0	0.0	0.0	0.0	0.0	0.0	0.0	0.0	0.0	0.0	0.0	0.0	0.0	0.0	0.0	0.0	0.0	0.0	0.0	0.0	0.0	0.0	0.0	0.0	0.0
0.04635104920354109	0.10991278710186071	0.0456112910288308	0.0664529151294036	0.13412477949986024	0.12155651122051143	0.0894017910676716	0.03381794875805206	9.210388858263519e-05	0.011301894437407757	0.0008894954437522704	0.008715842040307502	0.036586938992921585	0.036555785802535934	0.03493312826107849	0.07187314896022304	0.0	5.2467579489879724e-05	0.0032633883096893617	0.003679283993049992	0.010050556864479565	4.796061684988066e-05	0.03714328375992638	0.009143318032972234	0.0723578023363269	0.04306122534180246	0.0500158924091796	0.030229786828786753	0.011480162571340886	0.08125499162493265	0.053603658356718396	0.012709529772427489	0.018530633532090952	0.009962927788833316	0.00603228103094605	0.003480561808146532	0.014248192854464999	0.0033524830973988037	0.00032433060687063773	0.00244012019369415	0.017681996447285752	0.004502712967784003	0.01804178183949328	0.01926115217233972	0.02644258957986981	0.00031277074934934194	0.0	0.0	0.0	0.0005050447519752622	0.0	0.0	0.0	0.0	0.0	0.0	0.001492198957894439	0.003320318377675852	4.918248541976151e-05	0.00041732389710483794	0.0003752743994718888	0.0002010331058282477	0.00015777650922941592	0.002254177440546279	0.0002657657682254164	0.001107943583398109	0.001317766065476088	0.0	0.0	0.0	8.021099273452256e-05	0.00040463728877160576	0.0015787087458456375	0.00010676896832566464	0.0	0.00312890556594571	0.0004681416897852203	5.346682499511307e-05	0.00011413875996933601	0.001041715088169384	0.000845600361987965	3.059937374439853e-05	2.485960745853034e-05	0.0	0.0	0.0019324420520738887	4.6497770530736505e-05	0.002846063780264423	0.00040393655633861496	0.00030629938006973225	0.0	3.9769418263353326e-05	0.0	0.0	0.0	0.00019633029220628842	0.00045445581274233387	0.005118171084968099	3.3331825896268784e-05	0.001041105179229137	0.0004287697020734495	0.0006073257678699855	2.3968774385231142e-05	0.0005788997535345412	5.038532057620349e-05	0.0	2.2774717745400687e-05	0.0007718949490778397	0.0012457770983805663	0.0	2.6007871654735282e-05	0.0	0.003560057686067602	7.398824415521331e-05	0.00025733497255171864	0.0012968068313974938	0.0005127613537603274	0.0	9.968210074464536e-05	3.118340542192106e-05	3.1805382103244625e-05	3.27297730974639e-05	3.680966155806061e-05	2.2117657453507192e-05	0.0	0.00014478764031249672	0.0	2.7282277898815458e-05	0.0	0.0	0.0	0.0	0.0	0.0	0.00010295012652436697	0.0004708541339386072	0.0005912840751791378	0.0	0.0	0.00010041527728710337	0.0	0.0013604863502569248	0.0002129248994671448	0.0010546957963870258	0.0016098146340510302	0.0	0.00031756397023499156	5.008148789402685e-05	0.00031815534610679414	0.0007085975632657523	0.0	0.0	5.268252189635097e-05	0.0009374453633712905	0.0001558235800687954	5.344890539308023e-05	0.0	0.0	0.0	0.0	0.0	0.0	0.0	0.0	0.0001593319991368051	0.0
0.00012760840676120835	0.014573999644386776	0.0006646204916358281	0.0	0.0	0.0	0.0	0.06423918660752273	0.0012861780042308774	0.05180088887668445	0.004158834618904373	0.005209693958445948	8.001779285580674e-05	0.00012541379501755288	3.973770364238094e-05	0.0	5.2467579489879724e-05	0.0	0.02951724509672656	0.00017344615698814046	0.0030386887669241417	9.223707606806482e-05	0.0036551495986720636	0.003166619714919352	0.0007654923460534317	9.041019033662711e-05	0.0	0.0	4.68998419633761e-05	0.0008884677612482959	0.0009951289277079364	0.0	0.0	0.0	0.09663712835386123	0.037138542566218	0.0015310208097637805	3.393476336302652e-05	0.0	0.0	2.352186914095268e-05	0.0	0.0	0.0	0.0	0.0	5.197505438470793e-05	4.7983708133739e-05	0.0	0.0	0.0	0.0	0.0	0.0	0.0	0.0	0.0	0.0009452517197961717	0.00122842841465943	0.00014998068180347327	0.0	9.647837727263911e-05	0.0	0.0	0.00025449991342007503	0.0	0.000375198735707248	0.0	0.00015194332200772363	0.015358995809410459	0.03997352943354753	0.04713010423154895	0.0013268543028640565	0.0	0.0	0.00014993367547939257	0.0002991360641251709	0.0	7.490579855149274e-05	0.00021153707299038997	1.4654044597999012e-05	0.0	0.0	0.0	0.0	0.006540907250907574	0.0003133502416650477	0.004035400597643839	0.0024229628041899636	0.0005936688847315829	3.890014063232193e-05	0.0	0.0	0.0	0.0	0.005555492032432455	0.0	3.452101106125718e-05	0.0	0.0	0.0	0.0	0.0	0.0	0.0	0.0	0.0	0.0005014230736551324	0.00014363991851927167	0.0	0.0	0.0	0.000555167626376447	0.003660619489022413	0.00010701019262169574	3.3183390215981425e-05	0.0	0.0	0.0	0.0	0.0	0.0	0.0	0.0	0.0	4.63976551239838e-05	0.0	0.0	0.0	0.0	0.0	0.0	0.0	0.0	0.0	0.0	0.0	0.0	0.0	0.0	0.0	0.0	0.0	0.0	0.0	0.0	0.0	0.00033653407628067463	0.0001924723045731988	0.002336461352421383	0.0	0.0	0.0	0.0	0.0	0.0	0.0	0.0	0.0	0.0	0.0	0.0	0.0	0.0	0.0	0.0
0.0	0.004784082689196131	0.00020052748183630638	0.0	0.0	0.00015608795946081243	0.00020605546731594553	0.0019856063351318958	0.001166207687149291	0.030951521003418168	0.001854964059695312	0.0015157742914355327	0.0	0.0	0.0	0.0	0.0032633883096893617	0.02951724509672656	0.0	0.01878935320722634	0.005671267867548056	0.0005836729838250375	0.014101408161815175	0.03461049775977029	0.0017532436941391587	0.05623365011103881	0.007405155261823241	0.0004968911184203603	0.00014381264341080198	6.865361518402145e-05	0.010683720955215721	3.424816496184168e-05	0.0	0.00012183638925252239	0.06969609353037262	0.0	0.0011108839876293633	0.008812557056105647	0.0015819390311103787	0.0028971558606178905	0.0015171478356008094	0.0	0.0005531664973151305	0.0	0.00010883119023534575	0.00019503358942922605	8.456695850798868e-05	0.001996570799518716	0.0003765572724233817	0.0002310203038520382	9.509748311197473e-05	0.0	0.0	0.00016418807205484037	0.0	0.0	0.00018392094751111884	0.0	0.012470102147058258	0.0	0.0002147891413906332	0.0	0.0	0.01772209284027474	0.016195102165826022	0.010289008883831462	0.07193543766503871	0.0	0.016483175854576093	0.012164036562974323	0.025418423164039073	0.013344278378881561	0.0007971378614062085	0.0	0.0	0.000772387775840244	0.0	0.0	0.0	8.915920748942616e-05	0.0	0.0	7.625261124182872e-05	0.0	0.0	0.0	0.0003995142491703569	0.0007675176120470736	0.0018889720184543804	0.0005775125274718035	0.0	0.0	0.0	0.0	0.0	0.00029906125312241023	0.04845729150602741	0.013368451962599516	0.0006873252640522487	0.00028034362840992925	0.051589320080371454	0.03406576212194095	0.0005049838288090635	0.010571839392171765	0.0007783066163230984	6.863785359169743e-05	0.0001002973815047635	0.0	0.002895213634489226	0.0	0.0	4.499420338082292e-05	0.02269666721042574	0.0	0.0	0.000980042525577537	0.0016096176634564886	0.0	0.0	0.0	4.0912217822074184e-05	6.0401310696601334e-05	4.95831674886314e-05	3.203541027374167e-05	0.0	0.0005949979866595546	0.0	0.0	0.0	0.0	0.0	0.0	0.0	0.0	0.0	0.0	0.0014291327314676233	0.0	0.0	0.0	0.0	0.005671233907900848	0.0016706072870434066	0.0022152740599988906	0.00415259011329451	0.0	0.001633805842745384	0.00016749943351176033	0.0004485245927092796	0.0	0.0	0.0	0.0	0.0003843322680944416	0.0	0.0	0.0	0.0	8.835297767794477e-05	0.0	0.0	0.0	0.0	0.0	0.0	0.0
0.05159718954987813	0.003950757728824361	0.00031150151043626416	0.0002023597248848571	0.0001151830829324631	0.00017124083641139413	0.0002076295149464839	0.0045963061092990695	0.0	2.53981033911612e-05	0.0	0.0	0.00047073894146948864	0.0005798525641241948	6.648576682131073e-05	0.0	0.003679283993049992	0.00017344615698814046	0.01878935320722634	0.0	0.013044785732659808	0.026126712796144563	0.01080975188009445	0.009547740550469856	0.014025794420061709	0.03937912986529667	0.021418935612632247	0.0051081515155681385	0.008517870335181475	0.029584621883706686	0.044826358456930324	0.004601153590786016	0.000592142661380394	0.002461963132742785	0.010927084273970327	0.026608617714857823	0.0006933019647197359	0.026519710795814933	0.021966354056788286	0.0004306921522476849	0.0024081935540703693	0.0021577734275915876	0.006141931243871603	0.05594550742979024	0.0650987850647277	0.00031012269742070677	0.0013401139555888962	0.001026482952221637	0.00029070150063613556	0.0004174728925913935	0.0009854531257716976	0.0006717208728823864	0.0005533712326838289	0.0	0.0	0.0	0.00019717999112031862	0.0	0.0010868530413909027	0.0	0.00010681903183013627	0.0	0.0	0.04967138669294551	0.0061960667154082605	0.012108487490667725	0.06688795631800935	0.0	0.003326403480623381	0.0	0.0	0.0	0.0007287076640376823	0.0007414748438672874	0.0007241573613696733	0.0013151712444532848	0.0001006688550284655	0.0	0.0	0.0	0.0	0.0	0.0	0.0	0.0	0.0002112125738847248	0.0	0.0	0.0	0.0	0.0	0.0	0.0	0.0	3.688458858284186e-05	0.0001271606516556025	0.030126761720127137	0.03762538423376546	0.0010622904822265506	0.0021114864574809616	0.01755595498325618	0.010659959821100708	0.00037003277375724676	0.0027624905446132003	0.00016445901829358772	0.00020752142882647306	8.6662745589962e-05	0.00020959445818794417	0.0060353434787470996	4.3769065890315055e-05	0.0	0.0	0.02189385657965292	0.0002818500177956565	0.0	0.001699035305659356	0.0024668852744038957	0.0	0.0	8.780807442886109e-05	0.0	0.0	6.660424996515354e-05	0.0003062245110559791	0.0001307473449838704	0.0006124979369984125	0.00011116805948637679	0.0002923715854991937	6.79823755502251e-05	9.227978377609337e-05	0.00011448841265035703	0.0	0.0	0.0	0.0	0.0	0.004634920890856379	0.0	0.0	0.0	0.0	0.0045827537388022106	0.0020011424618418343	0.005066472180410008	0.011063659646096255	0.0	0.003540766380292641	0.0	0.0	0.0	0.0009218375234467287	0.00010600947653727932	0.00010319665012647874	0.000908198414882778	0.00010038998448530182	0.00042471556760222254	0.0	0.0	0.0	0.0	0.0	0.0	0.0	0.0	0.0	0.0
0.0002212747871805859	0.0006987258566873324	0.00025437925921404904	0.0	0.0	0.00033369028939206417	0.0	0.0009567567308049514	0.0	0.001757267352524568	0.0	0.0	0.0003913435719797631	0.0014728397893858497	0.0	0.00025445657919312057	0.010050556864479565	0.0030386887669241417	0.005671267867548056	0.013044785732659808	0.0	0.01871785124548805	0.008407839897770872	0.014596378953264398	0.015469850771855882	0.012330215903668498	0.004979584700154491	0.0015580327041306798	0.010702994284827941	0.002435276732370404	0.010545914247122562	0.0005237719253005065	4.4611530831022195e-05	0.0005096623822252937	0.024882364635195588	0.0005567718382836238	0.00016882353489039602	0.006109364580340266	0.0014114232337465065	8.284469273845678e-05	0.0021308343196430506	4.403984099657286e-05	0.0010942636292797013	0.002185321407533528	0.010471921739157869	0.0063732574223935015	0.007564885425350982	0.0008946334327916297	0.004028190205761934	0.002983897176324288	0.0059299943009665165	0.0016697325737804263	0.0003777125675543812	0.0009770799959458018	0.0	0.0	0.0	0.00055760626289785	0.0032166612158218972	0.0	0.0	0.0	0.0	0.006441623157924054	0.002203585467337421	0.0006914124415966364	0.006089512428439501	0.0	0.0015870560201629333	0.0	0.0001862844090106848	0.0016998599206112532	8.741336169327197e-05	0.00030296287663968683	0.00019747301635070523	0.0004832690708954272	0.0	0.0006076960869744951	2.2863538407867868e-05	1.6327353423125355e-05	0.0	0.0	0.0	0.0	0.0	2.975878255944515e-05	0.0	0.0002562009297554269	0.0	0.0	0.0	0.0	0.0	0.0	0.0	6.266089767573983e-05	0.00037952081144672866	0.0006215935301829037	0.00023616625780352067	0.0	0.0001755233573414484	0.00016596529745838544	0.0	0.00016672883841544768	0.0	0.0	0.0	0.0	6.228884984304904e-05	4.29023523460693e-05	0.0	0.0	0.0011744303538100158	0.0	0.0	0.00014653507125957497	0.0008714497606068694	0.0	4.839143564015658e-05	0.0	0.0	0.0	0.0	0.007943288306560384	0.001030432736482147	0.010681092537114582	0.00043354939189027444	0.003198677389819989	0.0005932271366663969	0.0006065864755164619	5.577065697407861e-05	0.0	0.0	0.0	0.0	0.0	0.0006105547768924144	0.0	0.0	0.0	0.0	0.0003890678463367499	0.0003013217450733261	9.868761649331935e-05	0.000685552296657089	0.0	0.0002980922139518058	0.0	0.0	0.0	8.842156990004945e-05	0.00020212886425633036	0.00019700946194559638	0.0004821001779829078	0.0	0.0002024367867149304	0.0	0.0	6.0658647551638214e-05	0.0	0.0002551079152483121	8.162339267650932e-05	0.0	0.0002742995305471568	0.0	0.0
0.00010641982324097715	7.831997292729147e-05	0.00012650157983180982	0.0	0.0	0.0	0.0	8.420968608035145e-05	0.00037885354556733096	0.0	0.0	0.0	0.00025886275349859924	0.00045096001687084395	0.0	0.0	4.796061684988066e-05	9.223707606806482e-05	0.0005836729838250375	0.026126712796144563	0.01871785124548805	0.0	0.005711068034549009	5.7244206325178516e-05	0.020276837824710497	0.0014452898660749646	0.002144809723852215	0.0038628745968458922	0.004965374496369013	9.694762835923263e-05	0.0008287007110650309	3.736863827893783e-05	0.0	0.0002146349481172637	0.0008774950012865641	6.351954188806818e-05	9.838318629773303e-05	0.0014754138946758348	0.0066052895369363	0.0	0.00019805676377426858	0.0014568554637860592	0.0016410855635892888	0.019216908471940748	0.008421743991941951	0.0	0.0	0.0	0.0	5.2070093827806576e-05	0.0	0.0	0.0	0.0	0.0	0.0	0.0030011190914785765	0.00020210324659287535	0.000256613225629165	0.0	0.0	0.00028887584183760095	0.0	0.018938177944175506	0.0004205154310127034	0.008338268780400428	0.012087737276071162	0.0	0.00040389935967690316	0.0	0.0	0.0	0.001825672581952946	0.0008708872278108746	0.00039646805605524635	0.0007297915882190376	0.00035849699370703986	0.0004409830159524268	0.0	0.0	0.0	0.0	0.0	0.0	0.0	0.0	0.0	0.0	0.0	0.0	0.0	0.0	0.0	0.0	0.0	0.0	0.0014365717389518374	0.008974723235507267	7.371461780766555e-05	0.004046113613293489	0.00023945738211847965	0.0	0.0	6.103010367201458e-05	4.29948944150476e-05	0.0	0.0	0.0	0.0019997731205744786	0.0	0.0	0.0	0.0023735894277297914	0.0	0.0	0.0008548854757026668	0.0009966216671022465	0.0	0.0	0.0	2.1529955129117978e-05	0.0	0.0	0.0	0.0	0.0002334008379928122	0.0	0.0	0.0	0.0	0.0	0.0	0.0	0.0	0.0	0.0	0.0010364605912611706	0.0	0.0	0.0	0.0	0.005233081063652186	0.0	0.0059352158316661316	0.007136303278684621	0.0	0.00203392158490832	0.0	0.0	0.0	0.0018899698542919907	0.0	0.0	0.00036158608016538665	0.0	0.0	0.0	0.0	0.0	0.0	0.0	0.0	0.0	0.0	0.003342965485694754	0.0
0.0	0.0014261421129032612	0.0005156209573516868	0.0	2.0819336169193108e-05	0.0009083791075869987	0.0	0.001176488613567489	0.0	0.003891570092641996	0.0	3.2045710129153515e-05	0.0010292744595850347	0.0015866246328647238	0.0002822291255686929	0.00032476468007878263	0.03714328375992638	0.0036551495986720636	0.014101408161815175	0.01080975188009445	0.008407839897770872	0.005711068034549009	0.0	0.08602751091503513	0.04585878803545961	0.05662372828878537	0.01371414824611127	0.003613882800133344	0.002313157208765277	0.0	0.0004841326329913944	2.118218055464585e-05	0.0	0.0	0.017155809551056653	0.0	0.0	0.041563230201911695	0.0007422897100684155	0.0002006890135028731	0.014290600013199367	0.0035724228916330235	0.006187359372532502	0.004366215043261362	0.007650869713286787	0.00014351679159379022	9.601364524395677e-05	0.0002081498824374349	0.00020621788655096396	7.565447708699283e-05	3.5055280891568945e-05	0.0	0.0	0.0	0.0	0.0	0.0	7.874930083453098e-05	0.006037952886639221	0.0	0.0	0.0	0.0	0.036293939281573616	0.005738788342007035	0.008664382216538532	0.012202697205138223	0.0	0.000959653162688095	0.0	0.0002072696610287454	0.0016012782206259654	4.118058547128782e-05	0.0	0.0	8.624558259219848e-05	0.0	0.0	0.0	1.349704249291542e-05	0.0	0.0	0.0	0.0	0.0	6.458986538733604e-05	3.918500371314304e-05	9.076699577559764e-05	0.0	3.3187532202331236e-05	3.461693807285388e-05	3.4295307611801804e-05	0.0	0.0	0.0	6.702230343197621e-05	0.002613585497217266	0.0010264829203155933	2.9398867730164207e-05	0.0010340048748471804	0.01642889239984506	0.010583353128036944	0.0014212462516814664	0.003420711567269653	0.00025167212451864955	0.0001227744505420312	0.0	0.0	0.0004449203684527997	0.0	0.0	0.0	0.00494431134136115	0.0	0.0	0.003962024004209568	0.0010209677755737652	0.0	0.0	0.0	0.0	5.7859018646346175e-05	5.1416421379077515e-05	0.0	0.0	0.00012129269263252835	0.0	2.4589725721894588e-05	0.0	0.0	0.0	0.0	0.0	0.0	0.0	0.0	0.00020569044751747676	0.0	0.0	0.0	0.0	0.0009081327609184719	8.772112172104535e-05	0.00017409188627884377	0.00016317995666566677	0.0	8.73080717041262e-05	0.0	0.0	0.0	4.140298519350871e-05	0.0	0.0	0.0	0.0	0.0	0.0	0.0	0.0	0.0	0.0	0.0	0.0	0.0	0.0	0.0
3.949362520446207e-05	0.0007329246774812552	0.00016533205503828385	0.0	0.0	0.0	0.00023833119981447667	0.0006249262890020723	0.0	0.004968754017865983	8.898407369052806e-05	0.00020999190614283837	0.0	0.00010148896832569739	0.0	0.0	0.009143318032972234	0.003166619714919352	0.03461049775977029	0.009547740550469856	0.014596378953264398	5.7244206325178516e-05	0.08602751091503513	0.0	0.005181550437441424	0.06448524866242855	0.011765382332877227	0.0020240081698615765	0.001275051149614515	0.0	0.005141522751246322	2.5116471523781037e-05	0.0	3.699412207760869e-05	0.03543148672167157	0.0	0.0	0.01694776464244833	0.0018679788421318635	0.00034248167282278826	0.01282004704986393	0.0011010431617636237	0.005381725862040233	0.0007444010412014213	0.0015832793944262928	0.00024166383100942998	0.0003502037972563209	0.0015637997297916928	0.0004143173835228414	0.00018599469620915956	9.464592538445975e-05	2.924359255140853e-05	0.0	0.0	0.0	0.0	0.0	0.0	0.006902240790278483	0.0	0.0	0.0	0.0	0.009111604798463045	0.007970380929053389	0.0037244878975422773	0.013911786199375007	0.0	0.0024468822764652336	0.00023604391257649244	0.002180689790828155	0.001828233434626918	0.0	0.0	0.0	0.00012662547685347432	0.0	0.0	0.0	1.4993555503626224e-05	0.0	0.0	0.0	0.0	0.0	5.121385707256226e-05	5.5172464808210394e-05	0.00032720818517449477	0.00012578312793483183	4.398153702765443e-05	0.0	0.0	0.0	0.0	0.0	0.00010704851179655613	0.007571317234020029	0.0014543323675800697	3.756583511645645e-05	0.00011267627621902429	0.02628582032166546	0.04040632389331504	0.0002869101792595711	0.013179591052443991	0.000302924499453834	7.941208246262888e-05	9.86998336127324e-05	0.0	0.0012780613323931098	0.0	0.0	9.134936833810951e-05	0.016346593152758628	4.228347925399434e-05	0.0	0.0002314696687632728	0.000885393972294174	0.0	0.0001496428909244119	0.0	6.722574370479255e-05	3.680286556785222e-05	0.0	0.0	0.0	0.00028837431342321825	0.0	0.0	0.0	2.602824802315771e-05	0.0	0.0	0.0	0.0	0.0	0.0	0.000295623775722557	0.0	0.0	0.0	0.0	0.000572177300987202	0.0002596636767526608	0.00025671650843723815	0.00035051169651053996	0.0	0.00019339358907767673	0.0	0.0	0.0	0.0	0.0	0.0	6.321234456709308e-05	0.0	0.0	0.0	0.0	0.0	0.0	0.0	0.0	0.0	0.0	0.0	0.0
0.0	0.0005151238754814647	0.0015548626110933772	0.0	4.310647279803234e-05	0.0017129969148495618	0.0	0.00023494144227417842	0.0	0.0006269292903688273	0.0	0.0	0.0013564603975359682	0.004044603110926918	0.001160603689838937	0.002130648336334412	0.0723578023363269	0.0007654923460534317	0.0017532436941391587	0.014025794420061709	0.015469850771855882	0.020276837824710497	0.04585878803545961	0.005181550437441424	0.0	0.011575899834714177	0.026049755603439036	0.03666753494964093	0.026318596210617926	0.0	0.0007666320159180251	8.776941008853379e-05	0.0	0.00018297826854495985	0.009765934649736558	0.0	6.901811578392629e-05	0.05142917613008678	0.0012103026241057555	0.0002147891413906332	0.024603457242002736	0.004983108065760084	0.014757421589863148	0.009022048683971426	0.03453825745270824	0.0006151985440045045	0.0	0.0002233576000994374	0.00018570588837941169	0.00015781815533589578	3.71873741662227e-05	0.0	0.0	0.0	0.0	0.0	0.0	0.0	0.002685985312811724	0.0	0.0	0.0	0.0	0.03090371947307059	0.004671663981876154	0.006328500350631759	0.007521672470437432	0.0	0.0002818300794103605	0.0	0.00018306789265995304	0.0002952952941608303	0.00013246341227659967	0.0	0.0	4.639495471133004e-05	0.0	0.0	0.0	0.0	0.0	0.0	0.0	0.0	0.0	2.231575491200732e-05	0.0	2.3566366488706236e-05	0.0	0.0	0.0	0.0	0.0	0.0	0.0	2.318803171242642e-05	0.0008202647060023683	0.0004588195635937706	3.0883842350329146e-05	0.0002552168077213613	0.001713100899590879	0.0012178098554421863	0.00011338130001672798	0.00022727972470880825	0.0	9.694762835923263e-05	2.1604631256266746e-05	0.0	2.3085977287549643e-05	0.0	0.0	0.0	0.0006321853608257743	0.0	0.0	6.312976008855232e-05	4.196301481428787e-05	0.0	0.0	0.0	0.0	0.0	0.0	0.0	0.0	0.0	0.0	0.0	0.0	0.0	0.0	0.0	0.0	0.0	0.0	0.0	4.410561968456655e-05	0.0	0.0	0.0	0.0	4.653576774447114e-05	0.0	0.0	0.00026226885274134544	0.0	0.0	0.0	0.0	0.0	8.882050583745231e-05	0.0	0.0	0.0	0.0	0.0	0.0	0.0	0.0	0.0	0.0	0.0	0.0	0.0	0.0	0.0
6.111743200113704e-05	6.392698223997143e-05	8.484774921567647e-05	4.145680491112738e-05	2.5587204791773465e-05	0.0	0.0005927231195795168	0.0	0.0	0.0	0.0	0.0	5.201574330943349e-05	0.00016527721142629547	0.0	0.0	0.04306122534180246	9.041019033662711e-05	0.05623365011103881	0.03937912986529667	0.012330215903668498	0.0014452898660749646	0.05662372828878537	0.06448524866242855	0.011575899834714177	0.0	0.07930362257044625	0.019785552658571588	0.01098317741996847	0.00015163509209075587	0.009905216573547194	0.00031364961910140083	0.0	0.0009813131408018703	0.023683509652106985	0.0	0.0	0.0738855542283913	0.008530456239296167	0.002944136810679569	0.059819066460259654	0.007293270221019029	0.026495473858269353	0.002302426134287148	0.011371876339465048	0.0006528637809922599	0.0005197106583751833	0.003649413240533251	0.0011202490999816532	0.00022798534456963784	0.00015324782146498706	0.0	0.0002229578607095239	0.0	0.0	0.0	0.0	0.0	0.02968349175920166	0.0	0.0	0.0	0.0	0.04186995377881459	0.02428499567896106	0.015195447352285538	0.050474064635127644	0.0	0.010662116125271733	0.0	0.0	0.0	0.0	0.0	0.0	0.00014045578971725865	0.0	0.00014528012480992196	0.0	0.0	0.0	0.0	0.0	0.0	0.0	0.0	0.0	0.0	0.0	0.0	0.0	0.0	0.0	0.0	6.356005097864137e-05	2.792439310340693e-05	0.013827318938594513	0.0027157077862779507	0.00011969034432916701	0.0002469942106738595	0.054973239383585996	0.08144434470052503	0.0008155659879579279	0.03295772927119551	0.0014385415899250296	0.00016927755228489223	0.00012829836074792524	0.0	0.004110925408513892	0.0	0.0	0.00012785396447998273	0.0345406551494073	0.0	0.0	0.0022161967367676657	0.00163479859101715	0.0	0.0005085932436009783	0.0	0.0002243477146711648	3.9037275767217986e-05	0.00010122096614588372	9.93145647184867e-05	0.0	0.0004435061121584164	0.0	0.0	0.00010490753413519196	2.7126335593406824e-05	0.0	0.0	0.0	0.0	0.0	0.0	0.0010417931492391623	0.0	0.0	0.0	0.0	0.0019754291033999734	0.001083088184638618	0.00028518190935018686	0.0017991879090782422	0.0	0.0003582392681782219	0.0	0.0	0.0	0.0	0.0	0.0	0.0002804175808496746	0.0	7.260698452514894e-05	0.0	0.0	0.0	0.0	0.0	0.0	0.0	0.0	0.0	0.0
0.004476065089625016	0.00022051861362219703	0.0037059143286785764	0.0002547719734702682	0.0004472240583047919	0.0002443298866559992	0.0021324375018547622	1.8415033465994836e-05	0.0	0.0	0.0	4.8414944603312115e-05	0.00013061883028551587	0.0005644296981166201	0.00020806297323785355	0.0002590870675842889	0.0500158924091796	0.0	0.007405155261823241	0.021418935612632247	0.004979584700154491	0.002144809723852215	0.01371414824611127	0.011765382332877227	0.026049755603439036	0.07930362257044625	0.0	0.12200677276157802	0.052137579054800716	0.005180148514288479	0.054318683079070694	0.013853599171956695	4.408854704335849e-05	0.018683848844184062	0.01264666307778146	0.00015119963822050412	0.00039295087152313083	0.047739131990339446	0.0043416623894775505	0.002198849938404482	0.07973331671427351	0.01487266139016332	0.08394840010822194	0.008106847884396556	0.07798776316744709	0.0009341204998510221	0.00023181740418033728	0.0014944928757912414	0.0005902542491682128	8.038891831343439e-05	7.765882430924323e-05	7.737745639195919e-05	2.410792540283942e-05	2.9235012722541093e-05	0.0	0.0	0.0	5.6336142530630043e-05	0.012191533586042165	0.0	0.0	0.0	0.0	0.02069689146195236	0.01166065474310417	0.007498852063217972	0.023607998220026877	0.0	0.002936805486138787	0.0	0.0	0.0	0.0	0.0	0.0	0.00048057098446783656	0.0	3.0468408080767204e-05	2.999162136353672e-05	0.0	2.453222520550931e-05	0.0	0.0	0.0	0.0	1.7683137516666023e-05	0.0	0.0	0.0	0.0	0.0	0.0	0.0	0.0	0.0	1.8226438211473643e-05	0.0030175488662462753	0.0019880364976945187	6.799783693552064e-05	0.00031206485103562096	0.02721947546586944	0.017279875473232603	0.0005193535701325499	0.009139604230262421	0.0006875815712117408	9.371148398218001e-05	0.0002068037223710133	2.8121378200727006e-05	0.001725515887307352	0.0	0.0	1.986489111925726e-05	0.012804984713602387	4.8603834263745416e-05	0.0	0.0008060719635318795	0.0008434033558396998	0.0	0.00010890338929220521	0.0	0.00011688291729343003	0.0	0.0	1.685475474946212e-05	0.0	0.00017222723827828857	0.0	1.969607907054748e-05	2.6233789744939862e-05	0.0	0.0	0.0	0.0	0.0	0.0	0.0	0.0002615328148056509	0.0	0.0	0.0	0.0	0.000782460645759219	0.0003343093075117199	0.0007255027411880052	0.0008377398740363258	0.0	6.0584898150426266e-05	0.0	0.0	0.0	0.0	0.0	0.0	3.0013073836255922e-05	0.0	0.0	0.0	0.0	0.0	0.0	0.0	0.0	0.0	0.0	0.0	0.0
0.00037928289812923525	0.00010290362199552456	0.0004756270509696007	0.0001510795786273602	0.0	0.0005678755523067984	0.00020666077743311195	0.0	0.0	0.0	0.0	0.0	0.0011363223970726022	0.0010081432344541982	0.0007269786225818312	0.0006130361515776059	0.030229786828786753	0.0	0.0004968911184203603	0.0051081515155681385	0.0015580327041306798	0.0038628745968458922	0.003613882800133344	0.0020240081698615765	0.03666753494964093	0.019785552658571588	0.12200677276157802	0.0	0.073780663816207	0.0003711812264892717	0.0020224190596714302	0.0006177406562206471	0.0	0.0023571939896808915	0.0006913240255610166	0.0	0.0	0.0205820545916478	0.0010499255159565984	0.0003418942184954872	0.022783441557603108	0.007118726005466124	0.019651216485454162	0.006992805101374688	0.0408901263595248	0.0005061848076130691	0.0	0.00037014729909973275	9.647837727263911e-05	0.00030257962107919467	0.0	0.0	0.0	0.0	0.0	0.0	0.0	0.0	0.006288541944089247	0.0	0.0	0.0	0.0	0.013772696325374745	0.003745133518281882	0.00328105873119191	0.007795795867946025	0.0	0.00041193351374878507	0.0	0.0	0.0	0.0	0.0	0.0	0.0	0.0	0.0	2.3059269017025254e-05	0.0	0.0	0.0	0.0	0.0	0.0	3.0091232074478152e-05	0.0	0.0	0.0	0.0	0.0	0.0	0.0	0.0	0.0	0.0	0.0003124205629669989	5.2815135072751935e-05	0.0	0.0	0.003307844736474102	0.002022741609607055	0.00015375217211518346	0.001100771507790537	0.00013117757786292714	0.0	0.0	0.0	0.0002205612198108792	0.0	0.0	0.0	0.0007345523316389322	0.0	0.0	0.0	8.162339267650932e-05	0.0	0.0	0.0	5.5885324443538006e-05	0.0	0.0	0.0	0.0	0.0	0.0	0.0	0.0	0.0	0.0	0.0	0.0	0.0	0.0	0.0	0.00018028203266871035	0.0	0.0	0.0	0.0	0.0003027328049609127	0.0	0.00010244087104296623	0.0	0.0	0.0	0.0	0.0	0.0	0.0	0.0	0.0	0.0	0.0	0.0	0.0	0.0	0.0	0.0	0.0	0.0	0.0	0.0	0.0	0.0
0.0013664049819001108	0.00015270703264703154	0.0007018462212338034	0.0002679890925201366	0.00030899801180087527	0.0002552985336368868	0.00045342202747980807	0.0	0.0	0.0	0.0	0.0	0.0005577455879485222	0.0007242889651544627	0.00017326523514039772	0.0002783859278434548	0.011480162571340886	4.68998419633761e-05	0.00014381264341080198	0.008517870335181475	0.010702994284827941	0.004965374496369013	0.002313157208765277	0.001275051149614515	0.026318596210617926	0.01098317741996847	0.052137579054800716	0.073780663816207	0.0	0.0008678852883972541	0.001731669934893911	0.0018021333051572096	2.7955724851691513e-05	0.0040643386490887105	0.0008537105206392229	0.0	6.425671103849442e-05	0.0041313864933196194	0.0003064170960179596	0.00027530983295151554	0.008916571127818365	0.0018024598752560351	0.01138053612201155	0.009920678808728947	0.04783204772564992	0.0006695544037315387	2.371214961541029e-05	0.00016304648492625052	2.9022179016386863e-05	0.0002987624151884743	0.0	0.0	0.0	0.0	0.0	0.0	0.0	0.0	0.0004022893800247351	0.0	0.0	0.0	0.0	0.0015253601937044547	0.0009854814264445605	0.00025554400723968023	0.0010793735712249174	0.0	8.533632377079075e-05	0.0	0.0	0.0	0.00016132273407481733	0.0	0.0	4.2191740637526694e-05	0.0	0.0	0.0	0.0	0.0	0.0	0.0	0.0	0.0	0.0	0.0	0.0	0.0	0.0	0.0	0.0	0.0	0.0	0.0	0.0	0.0	0.0	0.0	0.0	0.0001911983943232899	0.0002669760519959452	0.0	0.00010710603551734493	0.0	3.02189694252192e-05	0.0	0.0	0.0	0.0	0.0	0.0	8.939914104046642e-05	0.0	0.0	0.0	0.0	0.0	1.8286634789702154e-05	0.0	1.4835094069964903e-05	0.0	0.0	0.0	0.0	0.0	0.0	0.0	0.0	0.0	0.0	0.0	0.0	0.0	0.0	0.0	0.0	0.0	0.0	0.0	0.0	4.2308160039588226e-05	0.0	4.257474675068357e-05	3.9960770491281525e-05	0.0	0.0	0.0	0.0	0.0	0.0	0.0	0.0	0.0	0.0	0.0	0.0	0.0	0.0	0.0	0.0	0.0	0.0	0.0	0.0	0.0
0.11245245281952074	0.0029345854554193584	0.011177730112600192	0.00980449265446488	0.005898087593926856	6.353304105084912e-05	0.025426104872199637	0.0020133770454588452	0.0	0.00014477361905058432	0.0	0.0	0.0	0.0	4.470157552588015e-05	2.4373237321902302e-05	0.08125499162493265	0.0008884677612482959	6.865361518402145e-05	0.029584621883706686	0.002435276732370404	9.694762835923263e-05	0.0	0.0	0.0	0.00015163509209075587	0.005180148514288479	0.0003711812264892717	0.0008678852883972541	0.0	0.023321982738824344	0.12362258616368606	0.06119504680962865	0.03777914242452329	0.005332328609697301	0.009108600788056264	0.013529377843332321	0.11026733724086331	0.0348638970476383	0.0005325643906366325	0.0021742715378826366	1.9250948963276076e-05	0.015049731412486778	8.578623978667299e-05	0.012324269638479123	0.0004910222022155717	0.0004995165431532362	0.00588867787110538	0.0032379772524389343	0.0005174011123114075	0.000400696664450118	0.00013796457636422186	0.00018839728758747562	0.00012346650742795228	0.0	0.0	0.00010039315188662228	0.003708804691159496	0.042659319568304946	0.006139664251786612	2.560035008738778e-05	9.924039183688231e-05	0.0	0.006686143268493791	0.022002672417273578	0.00010161830968094361	0.002396195263813276	5.078003331179261e-05	0.0048321046526926025	0.0	0.0	2.216192130693222e-05	2.4582903626730218e-05	0.0004087786892101512	0.004419974040724982	0.010837443161741988	0.0019175504712299846	7.670253885990147e-05	0.0017539883264064695	0.0001547205905679175	5.6936794363479494e-05	0.0	4.947650118819022e-05	0.0	5.7244204874894735e-05	0.0007638166718292508	0.0	0.0	0.0	0.0	0.0	0.0	0.0	0.0	8.80096830039457e-05	0.0020275813872314445	0.0	0.0002471984094407082	1.9837214064810735e-05	0.0	0.0	0.0	0.0	0.0	0.0	2.0418390150203404e-05	1.55479188986706e-05	0.022761469584657593	0.004401174974350922	0.0	8.494899293663317e-05	1.7658072408093406e-05	0.005918180426270424	0.026770504043330187	0.0011972061607121967	0.00036208782612106086	0.00011944171057643215	9.626869066397428e-05	2.8341295051605434e-05	0.0	7.203625622326538e-05	0.0	1.3379267083433706e-05	0.0	3.3170964256932096e-05	0.0	2.096826494309353e-05	1.7524558610702796e-05	4.5034866200599884e-05	1.6074542877429112e-05	0.0	0.0	0.0	0.0	0.0	0.0	0.0005404905891133263	0.0	0.0	0.0	0.0	5.0607589773641516e-05	7.654054020470795e-05	0.0	0.0005622343960418714	0.0	0.0002544349410851595	0.0	0.0	0.0	0.0	0.0	7.616034762574178e-05	0.00012623052917326807	5.0426746240784445e-05	0.0	0.0	0.0	0.0	0.0	0.0	0.0	0.0	0.0	0.0	0.00012776790804228152
0.008128411213261643	0.0010490753892113244	0.0016832774695582098	0.00048177005180894094	0.0003471037467164925	0.0	0.0064308698942333545	0.0013723659180747462	0.0	7.883105575557261e-05	0.0	0.0	0.0	0.0	0.0	0.0	0.053603658356718396	0.0009951289277079364	0.010683720955215721	0.044826358456930324	0.010545914247122562	0.0008287007110650309	0.0004841326329913944	0.005141522751246322	0.0007666320159180251	0.009905216573547194	0.054318683079070694	0.0020224190596714302	0.001731669934893911	0.023321982738824344	0.0	0.08402368177173074	0.002190706865754563	0.06734429125250027	0.016001540823400596	0.0033279105371357403	0.007601942541587947	0.08140006042722328	0.015807314970618932	0.013708987745898175	0.0361078236091973	0.0005057482689368477	0.007993454534042092	0.00014136476428471963	0.0053001718215301445	0.0014731553460938243	0.0014097198563629123	0.01086729617159036	0.0065295900084963625	0.0008484142253456494	0.0011282508897092372	0.0003782723854349641	0.0002377761272347991	0.00022558207591278254	0.0	4.76681398235741e-05	4.6486928272374944e-05	0.0008951212590046982	0.04382078253467635	0.0004235936084999935	0.0	4.550783579316148e-05	0.0	0.012291568415501872	0.05691561339392707	0.0029004732349163656	0.049188528282013005	0.0002374887638792857	0.025156744904020836	0.0	3.702160479516063e-05	0.0	0.0	0.0	0.0015212875885265871	0.006257925132234287	0.0003755521852090829	0.00019249090290409458	0.0008418030263196017	5.543716326082547e-05	0.0001295248295911705	0.0	2.3639032534244052e-05	0.0	0.0	0.00013480004078195816	0.0	0.0	0.0	0.0	0.0	0.0	0.0	0.0	0.0	0.001447763386068963	0.0046924269066857035	0.011088284079807425	0.00018704190522018802	0.00047396617245436663	0.0027669831959362054	0.005055948016713571	2.2832110941411325e-05	0.004269598205302161	0.0001675799049391503	0.0	0.00013047632043023739	0.02462779354226217	0.035638464575701204	2.922644159532568e-05	0.00027142454243506397	0.0001566604527478123	0.05716083104052272	0.013329513032903143	0.0007172396959614504	0.0006692211000043048	0.0016999941813004218	0.0	0.00028715566881540636	0.0	7.69710863432276e-05	0.0	0.00023045323894561808	0.00019031602795740573	7.149366036228282e-05	0.00035092309901469125	0.0	0.00012909607019186438	3.834635009603392e-05	6.837102468464579e-05	0.0	0.0	0.0	0.0	0.0	4.289081105499147e-05	0.004916897639511704	0.0001882749409101238	0.0	0.0	0.0	0.003822949285586518	0.0016296807027938733	0.0018536270566673052	0.01009909919256646	0.0	0.0029564851509931264	0.0	0.0	0.0	0.0	0.0	4.748643772770173e-05	0.000234982992662447	9.376658864369426e-05	0.0	0.0	0.0	0.0	0.0	0.0	0.0	0.0	0.0	0.0	0.0
0.06508992194487792	0.00016344758467445747	0.008799621426796142	0.014069951788470694	0.0018426283657826553	3.056184061879194e-05	0.025096876201138974	4.338796833953166e-05	0.0	0.0	0.0	0.0	0.0	0.0	0.0	0.0	0.012709529772427489	0.0	3.424816496184168e-05	0.004601153590786016	0.0005237719253005065	3.736863827893783e-05	2.118218055464585e-05	2.5116471523781037e-05	8.776941008853379e-05	0.00031364961910140083	0.013853599171956695	0.0006177406562206471	0.0018021333051572096	0.12362258616368606	0.08402368177173074	0.0	0.06098688915661605	0.07683897275769136	0.0014511478414026527	0.0	0.0006767184143580048	0.011434209219667202	0.002800724878343113	0.0019022344499067196	0.012586471737947472	0.00018693330570274843	0.037793120062156446	0.0001867498429726111	0.020419536675519483	0.00013814556927543137	6.887502436824011e-05	0.0005015904281771551	0.000223207537210198	2.4067172665994565e-05	0.00029583096785766903	6.898626628734102e-05	0.0	0.0	0.0	0.0	0.0	0.0001099164486699662	0.0021339505552556357	0.0	0.0	0.0	0.0	0.0007204131971458257	0.0043278617376448425	0.00012065636692708726	0.0025758370115248654	0.0	0.0007251819982954473	0.0	0.0	0.0	0.0	0.0	0.0	0.00019931435552615045	0.0	0.0	1.7100576418330712e-05	0.00010528156594457434	2.7278544890109475e-05	2.59131976810259e-05	0.0	0.0	0.0	4.13707600756167e-05	0.0	0.0	0.0	0.0	0.0	0.0	0.0	0.0	0.0	0.0	7.164785363561249e-05	2.93728729951034e-05	0.0	0.0	0.0	0.00010298337843719627	0.0	2.5819214038374787e-05	0.0	0.0	2.0072943267640036e-05	0.00044506228079466847	0.0009178567047443745	0.0	0.00011271449967571322	0.0	0.0009596321844554273	3.035703853742939e-05	0.0	5.679767235138051e-05	3.654644818740396e-05	0.0	0.0	0.0	0.0	0.0	0.0	0.0	0.0	0.0	0.0	0.0	0.0	0.0	0.0	0.0	0.0	0.0	0.0	3.6835171901160294e-05	0.0	0.0	0.0	0.0	0.0	0.0	0.0	0.0	0.00022719338111659273	0.0	0.00012094922972660728	0.0	0.0	0.0	0.0	0.0	0.0	3.982304944515131e-05	0.0	0.0	0.0	0.0	0.0	0.0	0.0	0.0	0.0	0.0	0.0	0.0
0.02411315825583858	1.6268717341154665e-05	0.0003458690287071376	0.041793809973029186	0.0017115034213120706	4.8145970739025954e-05	0.09522088687762882	2.9286558408410898e-05	0.0	0.0	0.0	0.0	0.0	0.0	0.0	0.0	0.018530633532090952	0.0	0.0	0.000592142661380394	4.4611530831022195e-05	0.0	0.0	0.0	0.0	0.0	4.408854704335849e-05	0.0	2.7955724851691513e-05	0.06119504680962865	0.002190706865754563	0.06098688915661605	0.0	0.010914011761873847	2.083239154773682e-05	0.0	0.0	0.0023456429527341665	0.0002573587135589237	0.0018842272744719545	0.03841145919189638	7.844325793274833e-05	0.050747624919730124	9.91170140137817e-05	0.008051700895124829	0.0	0.0	7.159638046351782e-05	0.0	0.0	0.0	0.0	0.0	0.0	0.0	0.0	0.0	0.0	0.0002099071491518307	0.0	0.0	0.0	0.0	0.00015342967438945578	0.00039144604843475804	0.0	0.0	0.0	7.769414431470514e-05	0.0	0.0	0.0	0.0	0.0	0.0	0.0	0.0	0.0	0.0	0.0	0.0	0.0	0.0	0.0	0.0	0.0	0.0	0.0	0.0	0.0	0.0	0.0	0.0	0.0	0.0	0.0	0.0	0.0	0.0	0.0	0.0	0.0	0.0	0.0	0.0	0.0	0.0	1.9622397832276856e-05	0.0	0.0	0.0	0.0	0.0	0.0	0.0	0.0	0.0	0.0	0.0	0.0	0.0	0.0	0.0	0.0	0.0	0.0	0.0	0.0	0.0	0.0	0.0	0.0	0.0	0.0	0.0	0.0	0.0	0.0	0.0	0.0	0.0	0.0	0.0	0.0	0.0	0.0	0.0	0.0	0.0	0.0	0.0	0.0	0.0	0.0	0.0	0.0	0.0	0.0	0.0	0.0	0.0	0.0	0.0	0.0	0.0	0.0
0.03980972131187558	3.298433412548651e-05	0.01852873932167798	0.005769677367641433	0.0032843825012045455	0.0	0.0015219117551236476	9.005617232681895e-05	0.0	0.0	0.0	0.0	0.0	6.16721289595079e-05	0.0	0.0	0.009962927788833316	0.0	0.00012183638925252239	0.002461963132742785	0.0005096623822252937	0.0002146349481172637	0.0	3.699412207760869e-05	0.00018297826854495985	0.0009813131408018703	0.018683848844184062	0.0023571939896808915	0.0040643386490887105	0.03777914242452329	0.06734429125250027	0.07683897275769136	0.010914011761873847	0.0	0.0016112155478123639	0.0	0.001013857203242476	0.010017336822905393	0.002107453642057098	0.001211914732762116	0.011692850588636325	0.0006892826426575575	0.07179261267943322	0.0009821479134822107	0.0261861024542305	7.918074324320506e-05	3.2494999626078715e-05	0.00015227221544765224	8.673817150945798e-05	0.0	0.0	0.0	0.0	0.0	0.0	0.0	0.0	0.0005513336074438005	0.000668686592328849	0.0	0.0	0.0	0.0	0.001147308290727715	0.0011724960345824418	0.0002483276402234393	0.002570505358518691	0.0	0.0005814837584039315	0.0	0.0	5.605296176922372e-05	0.0	0.0	8.275010578126674e-05	0.0007315399647456796	0.0	0.0	4.3769065890315055e-05	7.910951006972287e-05	3.3039006604973275e-05	0.0	0.0	0.0	0.0	0.00011248551280286879	0.0	0.0	0.0	0.0	0.0	0.0	0.0	0.0	0.0	0.0	6.608896568923563e-05	0.00018813055149802786	0.0	0.0	6.56968750514146e-05	0.0	0.0	0.0	0.0	0.0	0.0	0.0001396387350507015	0.00014677785605190518	0.0	0.0	0.0	0.00020210894182407624	0.0	0.0	0.0	0.0	0.0	0.0	0.0	0.0	0.0	0.0	2.6082743569053926e-05	0.0	0.0	0.0	0.0	0.0	0.0	0.0	0.0	0.0	0.0	0.0	0.0	0.0	0.0	0.0	7.666320159176663e-05	0.0	0.0	0.0	0.0	0.0	0.0	0.0	0.0	0.0	0.0	0.0	0.0	0.0	0.0	0.0	0.0	0.0	0.0	0.0	0.0	0.0	0.0	0.0	0.0	0.0	0.0
0.0021333975304647372	0.01971169962141021	0.0010294908682199175	6.548105377807472e-05	9.872427945374904e-05	2.295305375221935e-05	0.000485510964515527	0.025446779549205486	0.0002339411032613525	0.06109657357428533	0.0009855923522036308	0.000705371454793983	2.4438981203277837e-05	0.0	0.0	0.0	0.00603228103094605	0.09663712835386123	0.06969609353037262	0.010927084273970327	0.024882364635195588	0.0008774950012865641	0.017155809551056653	0.03543148672167157	0.009765934649736558	0.023683509652106985	0.01264666307778146	0.0006913240255610166	0.0008537105206392229	0.005332328609697301	0.016001540823400596	0.0014511478414026527	2.083239154773682e-05	0.0016112155478123639	0.0	0.01548983345143709	0.0030445279959928654	0.011015131930983626	0.0024517778954910325	0.002071315988778785	0.0060577620581802015	8.282747506970776e-05	0.001859105281749989	6.980772398982446e-05	0.0008147174246094808	0.00047140805644994366	0.00034924031989164655	0.002203230144079824	0.0012637153741348194	0.00017176550686928848	7.26930438634177e-05	3.680966155806061e-05	0.0001133297282258943	5.428222199695577e-05	0.0	0.0	0.0	0.0003932868249033652	0.014748288074879242	0.001029884091522754	2.824090699308575e-05	0.0	0.0	0.003181486777408449	0.011329718413447149	0.000980099956480682	0.020807698072218165	0.0	0.007569810194910956	0.002750509704068946	0.013744024138403832	0.020448467131872483	8.102340506976473e-05	0.0	0.0004199985905913377	0.001419322184450263	0.0003057121635876159	5.640190381533796e-05	0.0007356738019983574	0.00018426098486672127	7.128910192716923e-05	0.0	0.0	0.0	0.0	0.002466634199837749	0.00018294426829008466	0.0019538149626883677	0.000750194187771451	0.00016326588402886888	0.0	0.0	0.0	0.0	1.8811280592907043e-05	0.01612054132541426	0.014731321805558905	0.015459441313336084	0.0006416019086429799	0.0006334459459459195	0.011373581365811694	0.011572242437562935	0.0004959167161315874	0.002501135034668591	0.0003011476540224071	6.619138703376581e-05	4.945194947709541e-05	0.029921697236097836	0.03700499298618407	0.00012271146218376745	7.245522771437959e-05	9.437704433777746e-05	0.13629640370370044	0.04763869558834201	0.0017289030590067378	0.0014980669227186087	0.0014917918917135588	7.915978096357923e-05	0.00010460865704383313	2.0481332099636436e-05	3.76699605345081e-05	6.341176612699257e-05	9.846649736422244e-05	0.00011295905380393134	7.061977665680176e-05	0.000667082709634177	0.0	1.872293126992294e-05	2.453524467875171e-05	1.7077135618130586e-05	0.0	0.0	0.0	0.0	0.0	2.6319521320948697e-05	0.007503085619952242	2.783567686076369e-05	0.0	0.0	0.0	0.003596578393318158	0.002729121368326027	0.0023796576958812566	0.012883877568490461	0.0	0.004908775125964911	5.446019978576479e-05	0.00021478913703978187	0.0002699541517836217	0.0	0.0	0.0001958686463635132	0.00105679646799635	8.33121483841739e-05	5.6391931722142347e-05	0.0	0.0	0.0	0.0	0.0	0.0	0.0	0.0	0.0	0.0
0.007441441469704432	0.003028806686526271	0.0006637336424688881	0.0003757685198798914	0.00028269309185196385	0.0	0.0	0.039539877675423066	0.0	0.00020662507310472035	0.0	0.0	0.0	0.0	0.0	6.446452969253233e-05	0.003480561808146532	0.037138542566218	0.0	0.026608617714857823	0.0005567718382836238	6.351954188806818e-05	0.0	0.0	0.0	0.0	0.00015119963822050412	0.0	0.0	0.009108600788056264	0.0033279105371357403	0.0	0.0	0.0	0.01548983345143709	0.0	0.04713247915892523	0.09596979319915087	0.0358104009119522	0.0	0.0	0.0	1.5842021683635395e-05	0.0	0.0	0.00010087263611597715	9.219441186835036e-05	0.015503002334329406	0.0013293659418949094	9.825385944520498e-05	0.000257658120000793	9.239384503044038e-05	0.0003145334284912756	0.0	0.0	0.0	0.0005583803212516602	0.03452886476627108	0.16781402949934937	0.04878219136336917	0.0	0.0008113608972278747	0.00021571896511622288	0.0035794976421636123	0.019553044958139556	0.00014443792091878055	0.0009751679471462499	0.0007210140114095019	0.0019559355987878568	0.0	0.0	0.0001530125287950179	0.0	0.003963366982371911	0.01256268535743946	0.044353526199647955	0.01622077869887663	0.0006619626866056124	0.02195517455427678	0.008511687667861534	0.0002728711268168897	0.0	0.0	0.0	3.71873741662227e-05	0.16385317077396633	0.0	0.0	0.0	0.0	0.0	0.0	0.0	0.0	3.195324347450025e-05	0.034427217259647085	0.0	0.0	0.0	0.0	0.0	0.0	0.0	0.0	0.0001156508953459174	0.0	0.0	0.01086803121753769	0.00025117878000796513	0.0	0.0	0.00012855486514489544	0.0013607967439846966	0.22413724153178208	0.002398771451698612	0.00016532005255959472	6.117996352268071e-05	0.0	0.0	0.0	3.461693807285388e-05	0.0	0.0	0.0	0.0	6.405023243885672e-05	0.0	0.0	0.0	0.0	0.0	0.0	0.0	0.0	0.0	0.000557940702190667	0.0017777708404804447	0.00014223482506439832	0.0	0.0	0.0	0.0	0.00021931889075661075	0.0	0.00012993762726018672	0.0	0.000362671628655089	0.0	0.0	0.0	0.0	7.343624615921243e-05	0.000216225992974692	0.0002838114339674916	0.0002120847549669732	7.351750218554351e-05	0.0	0.0	4.948468799245606e-05	0.0	0.0	0.0	0.0	0.0	0.00029151638714111703	0.0007343624615924034
0.030620904333297977	0.1045194348030589	0.15607470640977994	0.023786107409584634	0.07809169397450193	0.0290862199438592	0.0009512952317476851	0.06352615445905774	0.0024482004607205253	0.015982808872868362	0.023135858329989403	0.02956543029741336	0.1530923636501591	0.0639418261154872	0.0010259340404115832	0.01963042673055093	0.014248192854464999	0.0015310208097637805	0.0011108839876293633	0.0006933019647197359	0.00016882353489039602	9.838318629773303e-05	0.0	0.0	6.901811578392629e-05	0.0	0.00039295087152313083	0.0	6.425671103849442e-05	0.013529377843332321	0.007601942541587947	0.0006767184143580048	0.0	0.001013857203242476	0.0030445279959928654	0.04713247915892523	0.0	0.015877976793658145	0.0026613284973529706	0.0	0.00012905427035622062	0.0002877637010994036	0.00043444708911671105	0.0001287624865614952	0.0008985318541009745	0.0	0.0	0.011693407331933152	0.0003117690180721787	0.0	0.0	0.0	0.0001798956039058024	0.0	0.000245397747587798	0.0	0.015774484565816694	0.1421842134138867	0.045820492437749036	0.045381348985835075	0.0030124581793871336	0.005971044419668882	0.005043145650303855	0.0	0.001230397117014565	0.0	0.0006120501151801115	0.0	0.0008510340375129818	0.0018669638002277347	0.0018248000847107069	0.008839848638970978	0.00020868926013748365	0.00932148023879506	0.006044710459054017	0.028857709846165928	0.0385297892736818	0.0009978689735014698	0.0013132292300648161	0.026199413050776964	0.012781721196509164	0.0016822536331844587	0.003317558442806432	0.0004782827052415265	0.00023460960477535598	0.02919937656577112	0.013123474736847145	0.06166319881087168	0.1049806997832114	0.05870865952619807	0.002255437938649956	0.0011757506554672702	0.0	0.0	0.0	0.0003326507552381166	0.0002650589330338343	5.731004302416466e-05	0.0	0.0	0.0	0.0	0.0	0.0	0.0	0.0	3.010031949971195e-05	0.0020942871999781927	0.0009255524327165665	4.6614668523655255e-05	3.601812738650631e-05	3.915998646365638e-05	0.0007859017430463013	0.0038543377019294427	0.008476733434903743	0.002202330300445869	0.0005572907583998127	9.564506646985883e-05	0.00012666771467226862	4.676779149381328e-05	0.0	0.0	6.873252611515217e-05	0.0	3.424816496184168e-05	9.966216671020073e-05	0.0	0.0	0.0	0.0	0.0	0.0	0.0	0.0	0.0025169379192221146	0.007202495701214987	0.0006244333317148851	0.0014146928620804777	0.0006275954540389695	0.0010832843198746046	0.0007227351285609765	0.0	0.0	0.0	0.0012228485847372407	0.0	0.000974691114020219	0.009373630596660873	0.0013832360652556049	0.008718560326169914	0.00031735332064347714	0.00037320828502322245	0.00048218768179537116	0.003640627095497008	0.004902853161589011	0.00037390838513615214	0.0	0.0	0.0	0.0	0.0	0.0	0.0	0.0	0.004175617306572016	0.0008708193317208788
0.14742561526402756	0.09697983987937113	0.04489698724414744	0.0048511114333008665	0.031355817056906786	0.05181689046636168	0.0012559027612221829	0.032883796787226284	0.00022963631770437143	0.01282053451930926	0.002034070006085847	0.0017258684854975909	0.08316596341521	0.1051426746654955	0.007205838098564035	0.06625345887603834	0.0033524830973988037	3.393476336302652e-05	0.008812557056105647	0.026519710795814933	0.006109364580340266	0.0014754138946758348	0.041563230201911695	0.01694776464244833	0.05142917613008678	0.0738855542283913	0.047739131990339446	0.0205820545916478	0.0041313864933196194	0.11026733724086331	0.08140006042722328	0.011434209219667202	0.0023456429527341665	0.010017336822905393	0.011015131930983626	0.09596979319915087	0.015877976793658145	0.0	0.03417761535530656	0.00016326350412701723	0.0010293566843953108	0.0005680311581483186	0.003440750062147322	0.0010245842285518487	0.008883403232344057	0.00019384810826745107	0.000310380016872418	0.0017610100490698002	0.00028194635088431356	0.0001852542697403367	6.304240710472516e-05	6.914081487816396e-05	0.00016032522309886047	0.0002622976029995493	0.0033380260103428694	0.0	0.09022682763490422	0.01594280449549841	0.0019688467271458798	0.02233991438164576	0.002899262797416633	0.012625874805059646	0.007429733779817355	0.02004753784325901	0.02017104105135457	0.0005823230443410878	0.0040544836511324225	0.0	0.0003898287651960042	8.56388047963368e-05	0.0	0.0018676440953807186	0.0018073449014708075	0.00476116806048884	0.009216748721676367	0.10631264198840616	0.02931587653641275	0.0006963295479017601	0.0002049314749276952	0.0009605011183711857	0.0005616327870273074	0.00012484429799938392	0.0002533615923115446	0.0	4.2830905982107107e-05	0.001361636319976935	0.0	0.005062912836373983	0.0005381689245488367	5.724831350492762e-05	0.0	0.0	0.0	0.0	3.603277806791584e-05	0.0004050199062109417	0.0015725784552193254	0.01462695386086392	0.00014050942089906214	0.0023235475323523298	0.0020582166088815254	0.0011119906173213236	6.047690484805917e-05	0.0009515768491123044	0.00016106364818774585	5.021080024375694e-05	2.836246617091015e-05	4.136324764940232e-05	0.0027874279419400527	0.0	0.0	0.00014507525311534546	0.008818056227514914	0.0004352356560249537	0.0008624674629313536	0.0030020910892108728	0.0020309326022544955	0.0	9.636468148765224e-05	0.0	9.219654812392206e-05	4.565637589324088e-05	0.0	0.00043760955950686986	0.0001600805645508081	0.0009113863173011838	5.367198094363635e-05	0.00010713001436969485	6.514398948696201e-05	9.049570147077595e-05	0.0	0.0	0.0	0.0	0.0005567718614880447	0.0004766623996289932	0.0026622378315886565	0.00019014960161162114	0.0	8.875624123691594e-05	0.0	0.004015166280789646	0.0021705902648485975	0.0030061075049212563	0.008017703221718419	0.0	0.0006833697599057934	0.0	0.00024250545769097516	0.0012385453729485405	0.001392659072599179	0.0	0.00048397309255285845	0.0011373713522151376	0.0003772848813588143	0.00019882724864965168	0.0	0.0	0.0	0.0	0.0	0.0	0.0	0.0	0.0039299927591265596	0.0005955906271714391
0.060621942454941825	0.0021619528194427324	0.0005190737728634318	7.487765740892895e-05	0.00045910988261040823	0.0009903196058655512	7.780028126463582e-05	0.00134788989683948	0.0	0.00039440126867881233	0.0	0.0	0.0	0.0010832843894877876	0.0001158862344246885	0.000813568633963328	0.00032433060687063773	0.0	0.0015819390311103787	0.021966354056788286	0.0014114232337465065	0.0066052895369363	0.0007422897100684155	0.0018679788421318635	0.0012103026241057555	0.008530456239296167	0.0043416623894775505	0.0010499255159565984	0.0003064170960179596	0.0348638970476383	0.015807314970618932	0.002800724878343113	0.0002573587135589237	0.002107453642057098	0.0024517778954910325	0.0358104009119522	0.0026613284973529706	0.03417761535530656	0.0	0.0	7.698892182927952e-05	0.00025262905243995904	0.0005520922203653173	0.0013313647635681645	0.002082833704199498	3.441373129435718e-05	0.00013671078433372144	0.005110880214407465	0.00014056722887383758	0.00015047129834631144	0.00022702087956744915	0.00013714976527355848	0.0001715355613644857	0.00022805985681569364	0.00670265928243383	0.0	0.07128775890261416	0.0031687682514156923	0.0028081453165019876	0.023076621445357305	0.002711895508422816	0.009775474858180566	0.0015100327094049576	0.0026685294218374853	0.0012859633605811108	0.00030759926765144076	0.0008357413714236687	0.0	0.0	0.0	0.0	0.0	0.001313865358532819	0.016177046655614966	0.044857574380425765	0.25712765061118914	0.06984869436080758	0.003333182647637863	0.00010850534237361757	3.678249209998045e-05	0.0	5.890198705231498e-05	0.0	0.0	0.0	0.00018705361184266015	0.0	0.0	0.0	0.0	0.0	0.0	0.0	0.0	0.0	0.0	0.00015869771251848046	0.00040218788975697077	0.00020981508567374948	0.0005526552491554552	0.00013880523716238978	5.804435803277325e-05	0.0	0.00011683723217017998	0.0	0.0	3.545434445317699e-05	0.0	0.00023776261646978774	0.0	0.0	0.0	0.0011204290037361213	0.0	0.0	7.353105935935678e-05	0.0029568180994028674	0.0	0.0	6.110494368025153e-05	0.0	6.733930026333374e-05	5.177254953946891e-05	0.0007455177009975698	0.00041353594616812733	0.0013952703339431293	0.0	0.00033411643539526495	0.0004820419117211285	0.00022990117858781326	0.0002713126014832468	0.0	0.0	0.0	0.00026854068443903084	0.0001806701379499023	0.0004355625596870955	0.0	0.0	0.0	0.0	0.00029344766659154613	0.0	0.000306770800768265	0.00041699648294575515	0.0	0.0	0.0	0.0	0.0	0.0022541624853070733	0.0003309660806052127	0.0	0.0022869768094564286	0.0	0.0009978689735014698	0.0	0.0	0.0	0.0	0.0	0.0	0.0	0.0002460794234028891	0.014397423076794934	0.001985796483631276
7.97084723317741e-05	0.0	0.0	0.0003945453738369615	7.237629792967931e-05	0.0	0.004929703048599093	0.0	0.0	0.0	0.0	0.0	0.0	0.0	0.0	0.0	0.00244012019369415	0.0	0.0028971558606178905	0.0004306921522476849	8.284469273845678e-05	0.0	0.0002006890135028731	0.00034248167282278826	0.0002147891413906332	0.002944136810679569	0.002198849938404482	0.0003418942184954872	0.00027530983295151554	0.0005325643906366325	0.013708987745898175	0.0019022344499067196	0.0018842272744719545	0.001211914732762116	0.002071315988778785	0.0	0.0	0.00016326350412701723	0.0	0.0	0.006957770765359475	0.0	0.0003664759241948151	0.000203392158490832	0.0006983625670673685	0.0	0.0	0.0	0.0	5.1934423471014685e-05	0.0	0.0	0.0	0.0	0.0	0.0	0.0	0.0	0.0005067030896081017	0.0	0.0	0.0	0.0	0.0	0.0	0.0	0.0007310183355151742	0.0	0.0007917550078796954	0.0	0.0	0.0	0.0	0.0	0.0	0.0	0.0	0.0	0.0	0.0	0.0	0.0	0.0	0.0	0.0	0.0	0.0	0.0	0.0	0.0	0.0	0.0	0.0	0.0	0.0	0.0	0.0007118725895245034	0.0005106515396153065	0.0	0.0	4.777668423054894e-05	0.0	0.0	0.00018253143871502456	0.0	0.0	0.0	0.0	0.00012218491651986712	6.347908500739218e-05	0.0	0.0	0.0003426779124786092	0.0	0.0	7.741501852307099e-05	0.0	0.0	0.0	0.0	2.150672461884106e-05	0.0	0.0	0.0	0.0	0.0	0.0	0.0	0.0	0.0	0.0	0.0	0.0	0.0	0.0	0.0	0.0007673698695984095	0.0	0.0	0.0	0.0	0.00036691086466759823	0.0	0.0	0.0009723137762862816	0.0	0.0	0.0	0.0	0.0	0.0	0.0	0.0	0.0	0.0	0.0	0.0	0.0	0.0	0.0	0.0	0.0	0.0	0.0	0.0	0.0
0.004193959040222151	5.5630566178074694e-05	0.00021974605920389753	0.029474171710509922	0.004316972526594744	0.00012818284051658565	0.025674236586026758	0.0	0.0	0.0	0.0	0.0	0.0001400733115043684	3.6386331989588185e-05	0.00010443118830168126	0.0	0.017681996447285752	2.352186914095268e-05	0.0015171478356008094	0.0024081935540703693	0.0021308343196430506	0.00019805676377426858	0.014290600013199367	0.01282004704986393	0.024603457242002736	0.059819066460259654	0.07973331671427351	0.022783441557603108	0.008916571127818365	0.0021742715378826366	0.0361078236091973	0.012586471737947472	0.03841145919189638	0.011692850588636325	0.0060577620581802015	0.0	0.00012905427035622062	0.0010293566843953108	7.698892182927952e-05	0.006957770765359475	0.0	0.015112134412051007	0.06667092847070376	0.005487788859538426	0.011134018999712152	0.00012206021314512441	0.0	0.0	0.0	4.9955969464543086e-05	0.0	0.0	0.0	4.0845148389049786e-05	0.0	0.0	0.0	0.0	0.00012132345297233254	0.0	0.0	0.0	0.0	0.005070185471172594	0.00047396617245436663	0.0004282860294489322	0.0011252179405084372	0.0	0.0	0.0	0.0	0.0	0.0	0.0	0.0	4.242522626442896e-05	4.233736568422842e-05	4.329372944841598e-05	0.0	0.0	0.0	0.0	0.0	0.0	0.0	0.0	0.0	0.0	0.0	0.0	0.0	0.0	0.0	0.0	0.0	0.0	0.00041667951657019763	0.0006763008916919765	0.0	7.8350753570949e-05	2.397453922967806e-05	0.0002946999474351568	2.168454287736601e-05	0.0002955739500632302	4.5362840165953183e-05	0.0	0.0	4.886198617348349e-05	0.00044117822301221527	2.7372194969434072e-05	0.0	0.0	0.001146984101980985	0.0	0.0	0.00011870284315358474	0.00011606618458795874	0.0	3.666071828140685e-05	0.0	1.486385738063555e-05	0.0	0.0	2.0158204954441167e-05	0.0	3.98170830124332e-05	0.0	0.0	3.5216310762844206e-05	0.0	0.0	0.0	0.0	0.0	0.0	0.0	0.00024301670875117828	0.0	0.0	0.0	0.0	0.0002552576532758183	4.313912429688436e-05	0.00017125001955479728	0.00016068063337296604	0.0	4.2939319864299086e-05	0.0	0.0	0.0	0.0	0.0	0.0	0.0	0.0	0.0	0.0	0.0	0.0	0.0	0.0	0.0	0.0	0.0	0.0	0.0
4.143095520358296e-05	0.0002914571869020442	0.0001032411938830505	0.0001716094093843968	2.6130614257231013e-05	0.0018992312661568703	0.0005261530801591509	0.000435586381909714	0.0	0.0	0.0	0.0	0.0009776125370479314	0.0005767486268464365	0.0005919458706199653	0.0008069810425191348	0.004502712967784003	0.0	0.0	0.0021577734275915876	4.403984099657286e-05	0.0014568554637860592	0.0035724228916330235	0.0011010431617636237	0.004983108065760084	0.007293270221019029	0.01487266139016332	0.007118726005466124	0.0018024598752560351	1.9250948963276076e-05	0.0005057482689368477	0.00018693330570274843	7.844325793274833e-05	0.0006892826426575575	8.282747506970776e-05	0.0	0.0002877637010994036	0.0005680311581483186	0.00025262905243995904	0.0	0.015112134412051007	0.0	0.005697724497898934	0.04533651558028121	0.0019776883365119425	0.00010253308534972352	0.0	0.0	0.0	0.0	0.0	0.0	0.0	0.0	0.0	0.0	0.0	0.0	6.857291606343325e-05	0.0	0.0	0.0	0.0	0.00022511923794367572	0.0	7.573112703886423e-05	0.0001356870871863762	0.0	0.0	0.0	0.0	0.0	0.0	0.0	0.0	0.0	0.0	0.0	0.0	0.0	0.0	0.0	0.0	0.0	0.0	0.0	0.0	0.0	0.0	0.0	0.0	0.0	0.0	0.0	0.0	0.0	0.0	4.467152001988749e-05	0.0	0.0	0.0	0.0	0.0	0.0	2.9459698078713006e-05	0.0	0.0	0.0	0.0	0.0	0.0	0.0	2.1903772297736833e-05	0.0	0.0	0.0	6.368189150986375e-05	0.0	2.2517433100303533e-05	0.0	0.0	0.0	0.0	0.0	0.0	0.0	0.0	0.0	0.0	0.0	0.0	0.0	0.0	0.0	0.0	0.0	0.0	0.0	0.0	0.0	0.0	7.48425143370917e-05	0.0	7.568080828592216e-05	0.0	0.0	0.0	0.0	0.0	0.0	0.0	0.0	0.0	0.0	0.0	0.0	0.0	0.0	0.0	0.0	0.0	0.0	0.0	0.0	0.0	0.0
0.06540182145654916	0.0010055599090388126	0.014186221800555007	0.07602989486938899	0.03221578340255484	0.00043286208320574655	0.014352696280981002	0.00018276316660818955	0.0	1.25614017129415e-05	0.0	1.7200925319416414e-05	7.258715636082236e-05	0.0002961178439206624	0.00016281710647913724	5.817989786478227e-05	0.01804178183949328	0.0	0.0005531664973151305	0.006141931243871603	0.0010942636292797013	0.0016410855635892888	0.006187359372532502	0.005381725862040233	0.014757421589863148	0.026495473858269353	0.08394840010822194	0.019651216485454162	0.01138053612201155	0.015049731412486778	0.007993454534042092	0.037793120062156446	0.050747624919730124	0.07179261267943322	0.001859105281749989	1.5842021683635395e-05	0.00043444708911671105	0.003440750062147322	0.0005520922203653173	0.0003664759241948151	0.06667092847070376	0.005697724497898934	0.0	0.009236724721289426	0.08925773139886321	0.00019813550647343746	0.0	5.8878788448094676e-05	0.0	1.501840887200026e-05	0.0	0.0	0.0	0.0	0.0	0.0	0.0	1.911021569527995e-05	0.00023402313373471797	0.0	0.0	0.0	0.0	0.000759692491959982	0.00022106952536194455	0.0004208536801787686	0.0011082215011103697	0.0	2.0057793691516167e-05	0.0	0.0	0.0	5.8577424134522234e-05	0.0	0.0	1.9951885885080766e-05	0.0	0.0	4.789723111621292e-05	4.949451795867828e-05	1.0167533015623312e-05	0.0	0.0	0.0	0.0	2.7256164241177412e-05	0.0	0.0	0.0	0.0	0.0	0.0	0.0	0.0	0.0	0.0	0.00022663369086026497	0.00033852637171490627	0.0	0.00013441910131119003	0.000703187389452512	0.00026614148380446184	2.752338037175194e-05	0.0005018393534352158	4.246966995197794e-05	0.0	0.0	0.0	0.00029214200256322335	0.0	0.0	0.0	0.0012993604529986306	1.7248556712163658e-05	0.0	0.00021577734885031076	0.0001335953942316378	0.0	3.6989543558383804e-05	0.0	3.197374384146365e-05	0.0	1.1726339702693483e-05	0.0	0.0	0.0	0.0	1.4793255076895966e-05	0.0	0.0	0.0	0.0	0.0	0.0	0.0	0.0	9.758123914930177e-05	0.0	0.0	0.0	0.0	0.00027969034898583256	4.021676149074322e-05	0.00016029700654197857	0.000291580350084381	0.0	0.0	0.0	0.0	0.0	0.0	0.0	2.0029575684370577e-05	0.0	0.0	0.0	0.0	0.0	0.0	0.0	0.0	0.0	0.0	0.0	0.0	0.0
0.00011640056296917578	0.0002834834861071268	0.00041667951657019763	0.0006114243271752318	0.00039452136597909534	0.0011433517539852671	0.0	0.0	0.0	0.0	0.0	0.00037210515919646636	0.0022147147584163436	0.004159522498997362	0.0025631720006918874	0.0009421843526611992	0.01926115217233972	0.0	0.0	0.05594550742979024	0.002185321407533528	0.019216908471940748	0.004366215043261362	0.0007444010412014213	0.009022048683971426	0.002302426134287148	0.008106847884396556	0.006992805101374688	0.009920678808728947	8.578623978667299e-05	0.00014136476428471963	0.0001867498429726111	9.91170140137817e-05	0.0009821479134822107	6.980772398982446e-05	0.0	0.0001287624865614952	0.0010245842285518487	0.0013313647635681645	0.000203392158490832	0.005487788859538426	0.04533651558028121	0.009236724721289426	0.0	0.009248043972331955	0.00011871609286899047	0.0	0.00011185428336493508	0.0	0.0001220851346764307	0.0	0.0	0.0	0.0	0.0	0.0	0.0	0.0	0.0	0.0	0.0	0.0	0.0	0.0017481851134753567	0.0	0.00025359328829866574	0.002228866202846467	0.0	0.0	0.0	0.0	0.0	0.0	0.0	0.0	0.0	0.0	0.0	0.0	0.0	0.0	0.0	0.0	0.0	0.0	0.0	0.0	0.0	0.0	0.0	0.0	0.0	0.0	0.0	0.0	0.0	0.0	0.0	0.0	0.0	0.0	0.0	0.0	0.0	0.0	0.0	0.0	0.0	0.0	0.0	0.0	0.0	0.0	0.0	0.0	0.0	0.0	0.0	0.0	0.0	0.0	0.0	0.0	0.0	0.0	0.0	0.0	0.0	0.0	0.0	0.0	0.0	0.0	0.0	0.0	0.0	0.0	0.0	0.0	0.0	0.0	0.0	0.0	0.0	0.0	0.0	0.0	0.0	0.0	0.0	0.0	0.0	0.0	0.0	0.0	0.0	0.0	0.0	0.0	0.0	0.0	0.0	0.0	0.0	0.0	0.0
0.046956494518309924	0.0013584681906123907	0.0189574052101426	0.054534343615494196	0.03635781361591848	0.00029794369415553986	0.004878400936471415	0.00027958340423250004	0.0	0.00011266717574131825	0.0	0.0	0.0004252252291606902	0.0006292148459780627	0.00013228319526266847	8.801486048690633e-05	0.02644258957986981	0.0	0.00010883119023534575	0.0650987850647277	0.010471921739157869	0.008421743991941951	0.007650869713286787	0.0015832793944262928	0.03453825745270824	0.011371876339465048	0.07798776316744709	0.0408901263595248	0.04783204772564992	0.012324269638479123	0.0053001718215301445	0.020419536675519483	0.008051700895124829	0.0261861024542305	0.0008147174246094808	0.0	0.0008985318541009745	0.008883403232344057	0.002082833704199498	0.0006983625670673685	0.011134018999712152	0.0019776883365119425	0.08925773139886321	0.009248043972331955	0.0	0.0006182729101682625	3.9129234825504844e-05	5.9749498951160024e-05	6.912982179112633e-05	0.00010182076376656923	0.0	0.0	0.0	0.0	0.0	0.0	0.0	2.8695240547617607e-05	0.00020711326623743266	0.0	0.0	0.0	0.0	0.0062997088756141665	0.001239193791049707	0.0025910312561289958	0.006891532485123086	0.0	0.0003706348236555287	0.0	0.0	0.0	0.00020749826792943173	0.0	0.0	9.190746619213417e-05	0.0	0.0	0.0	1.1969993209939945e-05	2.4730065965275562e-05	0.0	0.0	0.0	0.0	1.788945658602642e-05	0.0	0.0	0.0	0.0	0.0	0.0	0.0	0.0	0.0	0.0	5.63859449855758e-05	0.0008172970423959468	2.3006039561494366e-05	0.00014452169172255765	0.0001181531278909803	4.310647279803234e-05	1.8120392628881677e-05	6.48138937687951e-05	0.0	0.0	1.742954962339157e-05	5.6763300826010077e-05	0.00011028641680787372	0.0	0.0	0.0	0.0005703789755278692	2.469330148559524e-05	2.4589725721894588e-05	2.33818378062175e-05	0.00017183131311247467	0.0	0.0	0.0	1.309793107222141e-05	0.0	2.9498936728110712e-05	0.0	0.0	0.0	0.0	0.0	0.0	0.0	0.0	0.0	0.0	0.0	0.0	0.0	5.9241171645997394e-05	0.0	0.0	0.0	0.0	0.0	0.0	3.083725660609671e-05	0.00014721145937085566	0.0	3.090299468637093e-05	0.0	0.0	0.0	0.000297576716485368	0.0	0.0	6.122459719628878e-05	0.0	0.0	0.0	0.0	0.0	0.0	0.0	0.0	0.0	3.0091232074478152e-05	0.0	0.0
4.87822616378955e-05	1.3336298325880677e-05	1.4017182290662066e-05	0.0	0.0	2.9166568428496335e-05	0.0	0.0	0.0	0.0	0.0	0.0	6.321735671865943e-05	0.0002617522356623665	0.0	0.0	0.00031277074934934194	0.0	0.00019503358942922605	0.00031012269742070677	0.0063732574223935015	0.0	0.00014351679159379022	0.00024166383100942998	0.0006151985440045045	0.0006528637809922599	0.0009341204998510221	0.0005061848076130691	0.0006695544037315387	0.0004910222022155717	0.0014731553460938243	0.00013814556927543137	0.0	7.918074324320506e-05	0.00047140805644994366	0.00010087263611597715	0.0	0.00019384810826745107	3.441373129435718e-05	0.0	0.00012206021314512441	0.00010253308534972352	0.00019813550647343746	0.00011871609286899047	0.0006182729101682625	0.0	0.01469335382649604	0.0022923389153440394	0.09605315110372184	0.023123847902378068	0.006564947860330578	0.005926458201943515	0.028360085236493363	0.03392214237095042	0.0	0.0	0.0	0.00017325770821142525	0.0	0.0	0.0	0.0	0.0	0.00015065374298313446	3.803899324480488e-05	0.0	0.0	0.0	0.0	0.0	0.0	0.0	0.0	0.0005342025375363131	0.0004918085502025456	0.0010130842645012467	0.0	7.639874678543152e-05	4.996432014987956e-05	1.28945734650901e-05	1.3354168618528465e-05	0.0	0.0	0.0	0.0	6.010986771661108e-05	0.0	6.311726741685531e-05	0.0	0.0	0.0	0.0	0.0	0.0	0.0	0.0	0.0	0.0	5.3366616770716616e-05	0.0	2.232575311014998e-05	7.4245462087618e-05	0.0	0.0	0.0	0.0	0.0	0.0	2.0655370940644772e-05	0.0	0.0	0.0	0.00015285608179380796	0.0	0.0	0.00010876067204754197	0.00027655126283510187	0.0	0.0	0.0	0.0	0.0	0.0	0.0491003628495904	0.01834881731550974	0.006171251361651204	0.0022728957120815795	0.016587699280388953	0.011532472526205942	0.01848752354962658	0.0018986050227655146	0.0006855833035437007	0.0	0.0	3.717176920364438e-05	3.4827120675700224e-05	3.6009994242441354e-05	0.0	0.0	0.0	0.0	0.0	0.0	3.782424807576232e-05	0.0	0.0	7.58463949223009e-05	0.0	0.0	0.0	0.0	0.0008015339911047408	0.0008693390124845551	0.0012745360437224256	0.0	0.0030170275502752323	0.0	0.0	0.0035985726147180486	0.0005026672431088352	0.0025298582220218777	0.0006653482296457996	0.00021533055817775853	0.0015784431337195822	0.0	0.0001526731411628021
5.516355721713105e-05	0.00011787363372941846	0.0	0.0	0.0	0.0	0.0	4.932549416975054e-05	0.0	0.0	0.0	0.0	0.0	0.0	0.0	0.0	0.0	5.197505438470793e-05	8.456695850798868e-05	0.0013401139555888962	0.007564885425350982	0.0	9.601364524395677e-05	0.0003502037972563209	0.0	0.0005197106583751833	0.00023181740418033728	0.0	2.371214961541029e-05	0.0004995165431532362	0.0014097198563629123	6.887502436824011e-05	0.0	3.2494999626078715e-05	0.00034924031989164655	9.219441186835036e-05	0.0	0.000310380016872418	0.00013671078433372144	0.0	0.0	0.0	0.0	0.0	3.9129234825504844e-05	0.01469335382649604	0.0	0.0029456797528047566	0.037501229527183925	0.00436091411578838	0.005829372098394923	0.02316927862558154	0.06615288157399125	0.0550635891235462	0.0	0.0	0.0	0.00022994096544128913	0.0	0.0	0.0	0.0	0.0	5.1448494218089406e-05	0.0	0.0	0.0	0.0	0.0	0.0	0.0	0.0	0.0	0.0002618725911116876	0.0	0.0009725010474394233	0.0	0.0006818989718789471	3.7786601828679774e-05	7.098444403834481e-05	1.4756020708007856e-05	0.0	0.0	0.0	0.0	9.346978689634708e-05	0.0	7.422703198868407e-05	0.0	0.0	0.0	0.0	0.0	0.0	0.0	0.0	8.942320545904118e-05	0.00021055385592814164	0.0	0.0	5.308237440772174e-05	6.007363548799275e-05	0.0	0.0	0.0	0.0	0.0	0.0	0.00012106676584068228	0.0	0.0	0.0	0.00015454493612021154	0.0	0.0	6.742186733858872e-05	0.00013752827843371292	0.0	0.0	0.0	0.0	0.0	0.0	0.05211308724006728	0.035183650075062474	0.0025140860194932725	0.00213432572988198	0.011076574904838408	0.03062107543823197	0.04183818621119028	0.004645738993456642	0.0010194376190758843	0.0	0.0	0.0	0.0	0.0	0.0	0.0	0.0	0.0	0.00010271141120460689	0.0	0.0	9.587509754088646e-05	0.0	0.0	0.0	0.0	0.0	0.0	0.00036676619100151563	0.0004135895657477403	0.0008178981119080935	0.0	0.008180097181363793	0.0	0.0	0.003972466091023797	0.0006600142997073241	0.002386545967109024	0.00046636480664665435	0.0004337328256148955	0.009240858632506139	0.0	0.00010479034028613593
0.002612661683432624	0.002070488316646497	0.0003863706561793137	8.489110664701192e-05	0.00011219005110992185	0.0	0.0	0.004932906051284246	0.0	0.0002230291330404688	0.0	0.0	0.0	0.0	0.0	0.0002992857789482961	0.0	4.7983708133739e-05	0.001996570799518716	0.001026482952221637	0.0008946334327916297	0.0	0.0002081498824374349	0.0015637997297916928	0.0002233576000994374	0.003649413240533251	0.0014944928757912414	0.00037014729909973275	0.00016304648492625052	0.00588867787110538	0.01086729617159036	0.0005015904281771551	7.159638046351782e-05	0.00015227221544765224	0.002203230144079824	0.015503002334329406	0.011693407331933152	0.0017610100490698002	0.005110880214407465	0.0	0.0	0.0	5.8878788448094676e-05	0.00011185428336493508	5.9749498951160024e-05	0.0022923389153440394	0.0029456797528047566	0.0	0.009326038871844553	0.007025365772368363	0.0019351876756263148	0.001625729694500988	0.013486621556916632	0.04128861019242216	0.0	0.0	0.001855258477189996	0.011936317462850761	0.03274321656968657	0.13323535482954418	0.0029098441222650258	0.004964015611586805	0.0	0.0005563833037209441	0.0442942947274434	0.001193558870529707	0.0009343327824525861	0.0	0.000612363513878377	0.0	0.0	0.0	0.0	0.11832194943029313	0.05716246569806007	0.0353066232829383	0.07089370067046011	0.009825846772411594	0.0	0.0	1.9948390721529298e-05	0.0	0.0	0.0	0.0	0.0002782748860623596	0.0	8.780807442886109e-05	0.0	0.0	0.0	0.0	0.0	0.0	0.0	0.0	0.0	0.0003684368327703167	0.0	0.0	9.981188153332592e-05	6.388600326016397e-05	0.0	0.0	0.0	0.0	0.0	5.034713772722124e-05	0.00029585883634847656	0.0	0.0	0.0	0.0004102529462956302	0.00020506617069948689	0.00010077064115236713	8.316442043826799e-05	0.00023957251367603822	0.0	3.0412621789825014e-05	6.761340810230628e-05	0.0	0.0	0.0	0.002720662457614754	0.0024771776347927692	0.018595855975672284	0.0009996204884238763	0.002787030989979302	0.0017849939599786637	0.0012641272813347763	0.0016874017074385108	0.00033783783319694754	0.0	0.0	0.0	0.0	0.0009945496761379032	0.0	0.0	0.0	0.0	0.0	0.0006633088785781178	0.0011873377694631658	0.0006209480300356825	0.0	0.0006190196511358729	0.0	0.0	0.0	0.0	0.011755467711201433	0.00645822553866069	0.0020803582872453564	0.001013084194888024	0.05450410989966939	0.0	0.0	0.0011197995494351709	0.0003931446283075496	0.00271805887692894	0.00026296086031793686	0.00032149084014526777	0.0012055906331414883	0.0012901251170842098	0.049787863247441465
0.00010714057672492112	0.00016624213181496033	1.769569690104597e-05	0.0	5.4549623762792146e-05	0.0	0.0	9.137729193938182e-05	0.0	2.4207472301666222e-05	0.0	0.0	0.0	0.0	0.0	0.0	0.0	0.0	0.0003765572724233817	0.00029070150063613556	0.004028190205761934	0.0	0.00020621788655096396	0.0004143173835228414	0.00018570588837941169	0.0011202490999816532	0.0005902542491682128	9.647837727263911e-05	2.9022179016386863e-05	0.0032379772524389343	0.0065295900084963625	0.000223207537210198	0.0	8.673817150945798e-05	0.0012637153741348194	0.0013293659418949094	0.0003117690180721787	0.00028194635088431356	0.00014056722887383758	0.0	0.0	0.0	0.0	0.0	6.912982179112633e-05	0.09605315110372184	0.037501229527183925	0.009326038871844553	0.0	0.06208115014639474	0.023720759894258592	0.014327263420291218	0.025040493235018904	0.042802110591362574	0.0	0.0	0.0	0.0006415445386513948	0.0007705588974304919	0.0016081367467066755	0.0	7.972972756704938e-05	0.0	0.0	0.0010472381093565425	0.0	0.0003806805386191705	8.604546780071785e-05	0.0	0.0	0.0	0.0	0.0	0.001582113516636174	0.0005171099057262782	0.0028761917710175017	0.00016849055167404394	0.00035247449914561706	2.2117657453507192e-05	3.1886788958211797e-05	1.6651990304941824e-05	0.0	0.0	0.0	0.0	2.8507482101963304e-05	0.0	3.058059557939258e-05	0.0	0.0	0.0	0.0	0.0	0.0	0.0	0.0	0.0	0.0	4.415691592307641e-05	0.0	0.0	3.909853249671456e-05	0.0	3.9267991368222684e-05	0.0	0.0	0.0	2.0141908210529205e-05	2.9776565835572998e-05	0.0	0.0	0.0	0.0002724250380776213	0.0001016442290017109	5.038532057620349e-05	0.0	0.0007802731606685247	0.0	0.0	0.0	0.0	0.0	0.0	0.017565686765820276	0.009468212483687748	0.014216074500044446	0.007426988901706448	0.012696686725794711	0.006668173539168113	0.010770365259104558	0.0040194666720123635	0.0004657110225267519	0.0	0.0	0.0	0.0	0.0	0.0	0.0	0.0	0.0	8.506319051685829e-05	8.748050364004691e-05	0.0	7.607798648958775e-05	0.0	8.666275139105725e-05	0.0	0.0	6.010986916689486e-05	0.0	0.0023747409579460603	0.0015481501335397215	0.002279198228704751	0.0	0.00951155498299512	0.0	0.0	0.01130246831715796	0.000799429122398631	0.008160359119722932	0.003059803241374896	0.00023016664858689512	0.0008056763284211474	0.0	0.0003518134752512564
1.9092368607037477e-05	4.5549432590231974e-05	3.214389957026902e-05	0.0	0.0	0.0	0.0	0.0	0.0	0.0	0.0	0.0	4.441272708842561e-05	0.0	0.0	0.0	0.0005050447519752622	0.0	0.0002310203038520382	0.0004174728925913935	0.002983897176324288	5.2070093827806576e-05	7.565447708699283e-05	0.00018599469620915956	0.00015781815533589578	0.00022798534456963784	8.038891831343439e-05	0.00030257962107919467	0.0002987624151884743	0.0005174011123114075	0.0008484142253456494	2.4067172665994565e-05	0.0	0.0	0.00017176550686928848	9.825385944520498e-05	0.0	0.0001852542697403367	0.00015047129834631144	5.1934423471014685e-05	4.9955969464543086e-05	0.0	1.501840887200026e-05	0.0001220851346764307	0.00010182076376656923	0.023123847902378068	0.00436091411578838	0.007025365772368363	0.06208115014639474	0.0	0.001880418117609338	0.004647746679212743	0.01998687198493843	0.020496352659266755	0.0	0.0	0.0	0.0001013277325153477	0.00016054043235603257	0.0	0.0	0.0	0.0	5.7371900167656876e-05	0.0	0.0	0.0	0.0	0.0	0.0	0.0	0.0	0.0	0.001053464872297997	0.0006353887115770015	0.00205356682892788	0.0	0.0004103735917999933	1.9637865018698616e-05	2.922644159532568e-05	0.0	0.0	0.0	0.0	0.0	4.903427308186325e-05	0.0	0.00013017523456955633	0.0	0.0	0.0	0.0	0.0	0.0	0.0	0.0	0.0	0.0	0.0	0.0	2.8034364581324175e-05	0.0	0.0	0.0	0.0	0.0	0.0	1.806455702857816e-05	0.0	0.0	0.0	0.0	2.0097229578359074e-05	0.0	0.0	0.0	0.00015146225987882372	0.0	0.0	0.0	0.0	0.0	0.0	0.0175361330666956	0.013284801960974396	0.00492806064079046	0.004641799497449358	0.021337814511214966	0.009080529342835236	0.01663526386185213	0.003065915391957356	0.000645410647826299	0.0	0.0	5.6238788448130975e-05	0.0	0.0	0.0	0.0	0.0	0.0	0.00011451307893323269	5.834167027702149e-05	0.0	0.0	0.0	0.0	0.0	0.0	0.0	0.0	0.0018736515882940936	0.000865248157041866	0.00045569609400786286	0.0	0.005567309086132058	0.0	0.0	0.005914668388765469	0.00043436292093753005	0.006334459459459474	0.0013377471236494765	0.00042681867567406735	0.0009381266737170214	0.0	0.00040986128493929685
2.424280245904269e-05	1.8269873957683764e-05	0.0	0.0	0.0	0.0	0.0	0.0	0.0	0.0	0.0	0.0	0.0	0.0	0.0	0.0	0.0	0.0	9.509748311197473e-05	0.0009854531257716976	0.0059299943009665165	0.0	3.5055280891568945e-05	9.464592538445975e-05	3.71873741662227e-05	0.00015324782146498706	7.765882430924323e-05	0.0	0.0	0.000400696664450118	0.0011282508897092372	0.00029583096785766903	0.0	0.0	7.26930438634177e-05	0.000257658120000793	0.0	6.304240710472516e-05	0.00022702087956744915	0.0	0.0	0.0	0.0	0.0	0.0	0.006564947860330578	0.005829372098394923	0.0019351876756263148	0.023720759894258592	0.001880418117609338	0.0	0.033664202273916734	0.054766209093401186	0.1354803872747271	0.0	0.0	0.0	0.00011613944089555538	0.0	0.0	0.0	0.0	0.0	0.0003173322626456799	0.0	0.0	0.0	0.0	0.0	0.0	0.0	0.0	0.0	0.00016781673055010646	0.0	0.0012494374918006765	0.0	0.00016863309633593384	0.0	3.4901824358080296e-05	0.0	0.0	3.642622906398686e-05	0.0	0.0	6.743041816193091e-05	0.0	0.0	0.0	0.0	0.0	0.0	0.0	0.0	0.0	0.0	0.0	0.0	0.0	0.0	0.0	0.0	0.0	0.0	0.0	0.0	0.0	2.2609383456938375e-05	3.550486624466197e-05	0.0	0.0	0.0	2.5886274769752272e-05	0.0	0.0	0.0	0.00046086547860761516	0.0	0.0	0.0	0.0	0.0	0.0	0.026079242238931735	0.013721066952817189	0.0011325245668602998	0.0016541438078770097	0.005401856730754957	0.032330085053098756	0.04233833320933449	0.005933973810070231	0.0013395451866089997	0.0	0.0	0.0	0.0	0.0	0.0	0.0	0.0	0.0	0.0	0.00016631149558357167	0.0	0.0	0.0	0.0	0.0	0.0	0.0	0.0	0.00016802893483678486	0.00016107016572506684	0.0018668423947790953	0.0	0.015666310918814923	0.0	0.0	0.0028702701924148543	0.00031274736220930643	0.0029425286177666146	0.0008425544980853593	0.0002626143953420897	0.006005467470432513	0.0	0.00016802893483678486
3.682326224012934e-05	0.0	0.0	0.0	0.0	0.0	0.0	2.470554470995267e-05	0.0	0.0	0.0	0.0	0.0	0.0	0.0	0.0	0.0	0.0	0.0	0.0006717208728823864	0.0016697325737804263	0.0	0.0	2.924359255140853e-05	0.0	0.0	7.737745639195919e-05	0.0	0.0	0.00013796457636422186	0.0003782723854349641	6.898626628734102e-05	0.0	0.0	3.680966155806061e-05	9.239384503044038e-05	0.0	6.914081487816396e-05	0.00013714976527355848	0.0	0.0	0.0	0.0	0.0	0.0	0.005926458201943515	0.02316927862558154	0.001625729694500988	0.014327263420291218	0.004647746679212743	0.033664202273916734	0.0	0.13915094263485936	0.061092759250091784	0.0	0.0	0.0	9.227444096173846e-05	0.0	0.0	0.0	0.0	0.0	0.0001549052425238188	0.0	0.0	0.0	0.0	0.0	0.0	0.0	0.0	0.0	0.0003154073876110747	0.00020780538113438608	0.00030821362748669986	0.0	0.00021059093076673338	1.8918405180346486e-05	1.4211059447944466e-05	0.0	0.0	0.0	0.0	0.0	0.0	0.0	0.0	0.0	0.0	0.0	0.0	0.0	0.0	0.0	0.0	0.0	0.0	0.0	0.0	0.0	6.0200638999417676e-05	0.0	3.020065534831964e-05	0.0	0.0	0.0	1.745396935944118e-05	0.0	0.0	0.0	0.0	0.0	0.0	0.0	0.0	9.198168838310808e-05	0.0	0.0	0.0	0.0	0.0	0.0	0.009054202970413611	0.007068944359096549	0.0001427824664332749	0.001015480560234305	0.0025443355346175425	0.008356637068591919	0.028746416732338166	0.003400934290183776	0.0004383966065265599	0.0	0.0	0.0	0.0	4.857718110365047e-05	0.0	0.0	0.0	0.0	0.0	0.0	0.0	0.0	0.0	0.0	0.0	0.0	0.0	0.0	5.2588700684532495e-05	0.00010377421937713267	0.00010260565712736198	0.0	0.004473580463422523	0.0	0.0	0.006873252385274017	0.0005737856853364993	0.0016283101984057016	0.00037431798929889935	0.0009187681259263024	0.030013318433892416	0.0	0.0
0.0001814100800267727	0.0001562919377858021	0.0	0.0	0.0	0.0	0.0	0.00016522241422310902	0.0	2.5812525368541036e-05	0.0	0.0	0.0	0.0	0.0	0.0	0.0	0.0	0.0	0.0005533712326838289	0.0003777125675543812	0.0	0.0	0.0	0.0	0.0002229578607095239	2.410792540283942e-05	0.0	0.0	0.00018839728758747562	0.0002377761272347991	0.0	0.0	0.0	0.0001133297282258943	0.0003145334284912756	0.0001798956039058024	0.00016032522309886047	0.0001715355613644857	0.0	0.0	0.0	0.0	0.0	0.0	0.028360085236493363	0.06615288157399125	0.013486621556916632	0.025040493235018904	0.01998687198493843	0.054766209093401186	0.13915094263485936	0.0	0.04702716305032284	0.0	0.0	0.00031542816715606034	0.0001745205876671574	0.0002882144640760707	0.0009733689154028216	0.0	0.00030079122275449943	0.0	0.0	0.0	0.0	0.0	0.0	0.0	0.0	0.0	0.0	0.0	0.005676330082601845	0.0013282754334635377	0.00118886678894518	0.0030102917232887605	0.03872586823897408	0.0	0.0	0.0	0.0	0.0	0.0	0.0	6.151985585070234e-05	0.0	0.0	0.0	0.0	0.0	0.0	0.0	0.0	0.0	0.0	0.0	0.0	0.0	0.0	3.650628716289475e-05	4.346365530859339e-05	0.0	0.0	0.0	0.0	0.0	0.0	0.0	0.0	0.0	0.0	4.82158508056735e-05	0.0	0.0	0.0	8.673817150945798e-05	0.0	0.0	0.0	0.0	0.0	0.0	0.00221030676256504	0.002202847480231686	0.0006483597827150877	0.00011521636965190379	0.0011223216710561203	0.0034807170920269264	0.004705484449040221	0.0019005894896135412	0.00029084288507777765	0.0	0.0	0.0	0.0	0.0	0.0	0.0	0.00020012481579078476	0.0	0.0	0.00022567147378482142	0.0	0.0	0.0	0.0	0.0	0.0	0.0	0.0	0.00011362366567947719	0.0	0.0001077865743165692	0.00021438485103672476	0.004666550949174672	0.00010819613207051446	0.0	0.0013643450862320602	0.0002411181301089309	0.0012188222897512653	0.00017924849685351993	0.0008599803161503195	0.011683127559934147	0.0004491815964404396	0.00556755961829522
2.7155903806887025e-05	5.963033272764279e-05	2.1428115344990404e-05	0.0	0.0	0.0	0.0	0.0	0.0	0.0	0.0	0.0	0.0	0.0	0.0	0.0	0.0	0.0	0.00016418807205484037	0.0	0.0009770799959458018	0.0	0.0	0.0	0.0	0.0	2.9235012722541093e-05	0.0	0.0	0.00012346650742795228	0.00022558207591278254	0.0	0.0	0.0	5.428222199695577e-05	0.0	0.0	0.0002622976029995493	0.00022805985681569364	0.0	4.0845148389049786e-05	0.0	0.0	0.0	0.0	0.03392214237095042	0.0550635891235462	0.04128861019242216	0.042802110591362574	0.020496352659266755	0.1354803872747271	0.061092759250091784	0.04702716305032284	0.0	0.0	0.0	0.0	0.00023892636380547013	0.0003190465344975727	0.0	0.0	0.0	0.0	0.0	0.0	0.0	0.00030384804348724756	0.0	0.0	0.0	0.0	0.0	0.0	0.0013038385493584009	0.0	0.0025278925565432805	0.0	0.0073085587219176	2.8272955177384615e-05	1.891122631745032e-05	0.0	0.0	0.0	0.0	6.756756779960856e-05	0.0	0.0	0.0	0.0	0.0	0.0	0.0	0.0	0.0	0.0	0.0	0.0	0.0	0.0	0.0	0.0	0.0	0.0	0.0	0.0	0.0	0.0	0.0	4.212263791848109e-05	0.0	0.0	0.0	2.9235012722541093e-05	0.0	0.0	0.0	0.0004701045446301947	0.0	0.0	0.0	0.0	0.0	0.0	0.0020703458473989252	0.002776964292432141	0.0025554400375905097	0.0011899960197279112	0.002826930918519838	0.005144801852778738	0.006665821662467939	0.003973936983470477	0.0006578360731743509	0.0	0.0	0.0	0.0	0.0	0.0	0.0	0.0	0.0	0.0	0.0	0.0	0.0	0.0	0.0	0.0	0.0	0.0	0.0	0.0	0.001121374513639717	0.0	0.0	0.013233150277381108	0.0	0.0	0.006652356842192344	0.0013546313566953495	0.005012594010921775	0.001545149838738341	0.0006268060285677515	0.017908044730157214	0.0	0.0006551333632690148
0.0	0.000570750206855575	0.0004403741033513171	0.0	0.0	0.0001196065503210089	0.0	0.0	0.0	9.928982592186049e-05	0.0004049935402054009	0.0	0.0001750762635613798	0.00129361376019779	0.0	0.0032260583502535457	0.0	0.0	0.0	0.0	0.0	0.0	0.0	0.0	0.0	0.0	0.0	0.0	0.0	0.0	0.0	0.0	0.0	0.0	0.0	0.0	0.000245397747587798	0.0033380260103428694	0.00670265928243383	0.0	0.0	0.0	0.0	0.0	0.0	0.0	0.0	0.0	0.0	0.0	0.0	0.0	0.0	0.0	0.0	0.0	0.0010156653601182748	0.0	0.0	0.0	0.0	0.0	0.0	0.0	0.0	0.0	0.0	0.0	0.0	0.0	0.0	0.0	0.0	0.0	0.0	0.0	0.0	0.0	0.0	0.0	0.0	0.0	0.0	0.0	0.0	0.0	0.0	0.0	0.0	0.0	0.0	0.0	0.0	0.0	0.0	0.0	0.0	0.0	0.0	0.0	0.0	0.0	0.0	0.0	0.0	0.0	0.0	0.0	0.0	0.0	0.0	0.0	0.0	0.0	0.0	0.0	0.0	0.0	0.0	0.0	0.0	0.0	0.0	0.0	0.0	0.0	0.0	0.0	0.0	0.0	0.0	0.0	0.0	0.0	0.0	0.0	0.0	0.0	0.0	0.0	0.0	0.0	0.0	0.0	0.0	0.0	0.0	0.0	0.0	0.0	0.0	0.0	0.0	0.0	0.0	0.0	0.0	0.0	0.0	0.0	0.0	0.0	0.0	0.0	0.0	0.0
0.0	0.0	0.0	0.0	0.0	0.0	0.0	0.0	0.0	0.0	0.0	0.0	0.0	0.0	0.0	0.0	0.0	0.0	0.0	0.0	0.0	0.0	0.0	0.0	0.0	0.0	0.0	0.0	0.0	0.0	4.76681398235741e-05	0.0	0.0	0.0	0.0	0.0	0.0	0.0	0.0	0.0	0.0	0.0	0.0	0.0	0.0	0.0	0.0	0.0	0.0	0.0	0.0	0.0	0.0	0.0	0.0	0.0	0.0	0.0	0.0	0.0	0.0	0.0	0.0	0.0	0.0	0.0	0.0	0.0	0.0	0.0	0.0	0.0	0.0	0.0	0.0	0.0	0.0	0.0	0.0	0.0	0.0	0.0	0.0	0.0	0.0	0.0	0.0	0.0	0.0	0.0	0.0	0.0	0.0	0.0	0.0	0.0	0.0	0.0	0.0	0.0	0.0	0.0	0.0	0.0	0.0	0.0	0.0	0.0	0.0	0.0	0.0	0.0	0.0	0.0	0.0	0.0	0.0	0.0	0.0	0.0	0.0	0.0	0.0	0.0	0.0	0.0	0.0	0.0	0.0	0.0	0.0	0.0	0.0	0.0	0.0	0.0	0.0005235044713247729	0.0	0.0	0.0	0.0	0.0	0.0	0.0	0.00047289283238237465	0.0	0.0	0.0	0.0	0.0	0.0	0.0	0.0	0.0	0.0	0.0	0.0	0.0	0.0	0.0	0.0	0.0	0.0	0.0	0.0	0.0
0.00035940446288866643	0.0445661604378336	0.016342779363716607	8.923305115852578e-05	0.021439092647214466	0.04219212759422196	0.0	0.006089315196795395	0.0	0.009119572466112594	0.0006245474393780341	0.0	0.00126781519517958	0.006111021224051536	0.00015430565229251805	0.033597032200480825	0.001492198957894439	0.0	0.00018392094751111884	0.00019717999112031862	0.0	0.0030011190914785765	0.0	0.0	0.0	0.0	0.0	0.0	0.0	0.00010039315188662228	4.6486928272374944e-05	0.0	0.0	0.0	0.0	0.0005583803212516602	0.015774484565816694	0.09022682763490422	0.07128775890261416	0.0	0.0	0.0	0.0	0.0	0.0	0.0	0.0	0.001855258477189996	0.0	0.0	0.0	0.0	0.00031542816715606034	0.0	0.0010156653601182748	0.0	0.0	0.008777065662918792	0.0004030825646096279	0.009103299089036777	0.006238632922937792	0.0004888395494422913	0.0017201666990221147	0.0	0.0010395010180815735	0.0	0.0	0.0	0.0	0.00040389935967690316	0.0005647581448717353	0.002914630866221061	0.0	0.006814506766908065	0.00271189560124046	0.0015100328022225615	0.02330001192609908	0.0058711141260551795	5.761026742130275e-05	0.0010148359911638495	0.00038340332323568067	6.743612644564596e-05	0.00022347028649277278	0.0	0.0	0.00024408306139661503	0.0	0.007341098300106827	0.0004264191886320568	0.0001209675815106954	0.0	0.0	0.0	0.0	5.3904216433174725e-05	4.367555793799936e-05	0.0	0.0	0.0	0.0	0.0	0.0	0.0	0.0	0.0	0.0	0.0	0.0	0.0	0.0	0.0	0.0	0.0	0.0	0.0017111678450034268	0.0006986175834818299	0.0008331215012453039	0.0	0.0	0.0	0.0	0.0	0.0	0.0	0.0	0.0	0.0	0.0	0.0	0.0	0.0	0.0	0.0	0.0	0.003173954250369689	0.004429429412412893	0.0	0.0007593307497838032	0.002495453169175085	0.0014522718860008003	0.0	0.0	0.0	0.0	0.0	0.0	0.0	0.0	0.0005484418280438788	0.001303039482456776	0.0	0.0	0.0	0.002222947826451712	0.0064240604396687915	0.0	0.0	0.0	0.0	0.0	0.0	0.0	0.0	0.0	0.04708045788426599	0.0
0.024527785231086962	0.07150387936485382	0.020473992963912734	0.0008361397736597097	0.022513680823239453	0.009625872727244349	7.902639624067159e-05	0.08586152070764767	0.0	0.01959591455166645	0.00010045322809199619	0.0	0.00024215560487194843	0.00041750599367558656	0.0	0.002543889395118661	0.003320318377675852	0.0009452517197961717	0.0	0.0	0.00055760626289785	0.00020210324659287535	7.874930083453098e-05	0.0	0.0	0.0	5.6336142530630043e-05	0.0	0.0	0.003708804691159496	0.0008951212590046982	0.0001099164486699662	0.0	0.0005513336074438005	0.0003932868249033652	0.03452886476627108	0.1421842134138867	0.01594280449549841	0.0031687682514156923	0.0	0.0	0.0	1.911021569527995e-05	0.0	2.8695240547617607e-05	0.00017325770821142525	0.00022994096544128913	0.011936317462850761	0.0006415445386513948	0.0001013277325153477	0.00011613944089555538	9.227444096173846e-05	0.0001745205876671574	0.00023892636380547013	0.0	0.0	0.008777065662918792	0.0	0.009706620287045336	0.03213674379575615	0.003272081851745027	0.0035046035212290758	0.004177696467697556	0.0	0.0024046019124026627	0.0	0.00021801949626855743	0.0	0.0006646913506383272	0.0	0.0	0.017705107354806248	0.0	0.013783064517760263	0.012110016475343127	0.05498602158826791	0.05598237104449157	0.0014282083143684363	0.00040910816856133886	0.002141237776923564	0.0013785000954389481	0.0005364188889072361	0.0008222526854172222	0.0	0.0	0.006935314191613246	0.0	0.010971791076288498	0.0	0.0	0.0	0.0	0.0	0.0	0.0	0.0003219939580614259	0.0	0.0	0.0	0.0	0.0	0.0	0.0	0.0	0.0	0.0	0.0	0.0	0.0	0.0	0.0	0.0	0.00016900842759196987	0.0006289959559221014	0.0037170036878764823	0.0014178817622883047	0.00018018017693154602	0.0	5.838225478195265e-05	0.0	0.0	0.0	0.0	0.0	0.0	0.0002075754486820576	0.0	0.0	0.0	3.861190711162801e-05	0.0	0.0	0.0	0.0	0.003972299727039857	0.010870532141934395	0.0006830074231167324	0.0015309087846959825	0.002544952551357261	0.0014944654307808662	0.0006482091687212405	0.0	0.0	0.0	0.0	0.0	0.0	0.0002460034753843015	0.0003245883962115434	0.0027198854581025776	0.0	0.0	0.0012990587203151702	0.010004110323474645	0.004477521354594672	0.0	0.0	0.0	0.0	0.0	0.0	0.0	0.0	0.0	0.0020504859568290313	0.00035435435763388857
0.02155440806196995	0.0011274950903218711	0.0005329099796461788	0.0003304516853480303	0.0004433739862744956	0.0001014502169688216	0.0	0.00249653101380227	0.0	6.30698347118146e-05	0.0	0.0	0.0	0.0	0.0	0.0	4.918248541976151e-05	0.00122842841465943	0.012470102147058258	0.0010868530413909027	0.0032166612158218972	0.000256613225629165	0.006037952886639221	0.006902240790278483	0.002685985312811724	0.02968349175920166	0.012191533586042165	0.006288541944089247	0.0004022893800247351	0.042659319568304946	0.04382078253467635	0.0021339505552556357	0.0002099071491518307	0.000668686592328849	0.014748288074879242	0.16781402949934937	0.045820492437749036	0.0019688467271458798	0.0028081453165019876	0.0005067030896081017	0.00012132345297233254	6.857291606343325e-05	0.00023402313373471797	0.0	0.00020711326623743266	0.0	0.0	0.03274321656968657	0.0007705588974304919	0.00016054043235603257	0.0	0.0	0.0002882144640760707	0.0003190465344975727	0.0	0.0	0.0004030825646096279	0.009706620287045336	0.0	0.10423071825076217	0.0	0.0006794182121104908	0.000970538360826371	0.002827295378511996	0.008064369456231811	0.0	0.0025454685709227903	0.0	0.006129127343070575	0.0	0.0	0.0012886654671719021	0.0	0.01630579854936544	0.03742008650630526	0.020247392304523437	0.0431447444966867	0.0017146177831689332	0.0002246303385268681	1.88241604881355e-05	5.94598630141968e-05	0.0	0.0	0.0	0.0	0.0006279476389007224	0.0	4.328667530920547e-05	0.0	0.0	0.0	0.0	0.0	0.0	0.0	0.0005043259607138328	0.004157745876908361	0.004650528249289556	0.00015328218718926225	0.0007180702077328778	0.0006384271428185622	0.0005006969541524524	8.075123189811425e-05	0.0008192921687676549	8.794851909207448e-05	0.0	3.7099124912236545e-05	0.0016479791921341295	0.0027517450601994174	0.0	0.0	5.1897238411493416e-05	0.007227837768867866	0.005457541952009206	0.0005854587716541551	0.0004858606375004014	0.0020004670512161617	0.0	3.011510070590139e-05	0.0	4.354555235660841e-05	0.0	0.0	3.538668040726115e-05	0.0	0.001327501288093219	0.0	5.076063442895375e-05	0.0	4.0245181086198396e-05	0.0	0.0	0.0	0.0	0.0	0.0	0.013767145831621981	0.000451470711025344	0.0	0.0	0.0	0.0064896291277841515	0.0032743216569686407	0.0059722642636544036	0.00987103162028598	0.0	0.010823040544127019	0.0	0.0	0.0	0.0	0.0	0.0	0.0017796815434245015	0.0	0.0	0.0	0.0	0.0	0.0	0.0	0.0	0.0	0.0	0.0010666184286805729	0.0016939744016544508
0.007463869902308096	0.019881817224652525	0.002841557365828544	0.0005483475137384849	0.0033973544305528998	0.007706133384460427	0.0	0.03697400446150998	0.0	0.0029461635646557197	0.0001291797249735768	0.0	0.0003308287569345178	0.002614748919691255	0.0	0.009586741154575001	0.00041732389710483794	0.00014998068180347327	0.0	0.0	0.0	0.0	0.0	0.0	0.0	0.0	0.0	0.0	0.0	0.006139664251786612	0.0004235936084999935	0.0	0.0	0.0	0.001029884091522754	0.04878219136336917	0.045381348985835075	0.02233991438164576	0.023076621445357305	0.0	0.0	0.0	0.0	0.0	0.0	0.0	0.0	0.13323535482954418	0.0016081367467066755	0.0	0.0	0.0	0.0009733689154028216	0.0	0.0	0.0	0.009103299089036777	0.03213674379575615	0.10423071825076217	0.0	0.0037256881802140945	0.0005614769491417376	0.0011135436765672476	0.0	0.0028679759496563584	0.0	0.0	0.0	0.0	0.0	0.0	0.0022736614371532994	0.0	0.07144823370130977	0.4111249874321233	0.0009435470893746859	0.07485936472652802	0.04770154996724973	2.9026405118705956e-05	0.0006350972976025274	0.00020287463644003581	0.0	4.5229026161557834e-05	0.0	0.0	0.002344024439661942	0.0	0.0011395170780778949	0.0	0.0	0.0	0.0	0.0	0.0	0.0	0.00013255885199570973	0.0	0.0	0.0	0.0	0.0	0.0	0.0	0.0	0.0	0.0	0.0	2.57159486335953e-05	0.0	0.0	0.0	0.0	0.0	0.0020190420848579106	0.00011006312371602612	0.0003575725069946301	0.0	0.0	0.0	0.0	0.0	0.0	0.0	0.0	0.0	0.0	0.0	0.0	0.0	0.0	0.0	0.0	0.0	0.0	0.0	0.0012813134762076313	0.0	0.0	0.0	0.0016656628459488373	0.0	0.0	0.001493066112322403	0.0	0.0	0.0	0.0	0.0	0.00014227289189135578	0.00034043435974355095	0.0	0.00164391201098599	0.0	0.0046086547860765105	0.0008800190894808794	0.0	0.0	0.0	0.0	0.0	0.0	0.0	0.0	0.0	0.05334031105023442	0.008219560054930112
0.0	0.005381061242913308	0.0008400981058430339	0.0	0.001693862800067085	0.001345133468735832	0.0	0.001345531998596088	0.0	0.001631622450331681	0.0	0.0	0.0	0.00022446433421119215	0.0	0.005536786771317212	0.0003752743994718888	0.0	0.0002147891413906332	0.00010681903183013627	0.0	0.0	0.0	0.0	0.0	0.0	0.0	0.0	0.0	2.560035008738778e-05	0.0	0.0	0.0	0.0	2.824090699308575e-05	0.0	0.0030124581793871336	0.002899262797416633	0.002711895508422816	0.0	0.0	0.0	0.0	0.0	0.0	0.0	0.0	0.0029098441222650258	0.0	0.0	0.0	0.0	0.0	0.0	0.0	0.0	0.006238632922937792	0.003272081851745027	0.0	0.0037256881802140945	0.0	0.0015819391703367845	0.0	0.0	0.0	0.0	0.0	0.0	0.0	0.0	0.0	0.0004933770548807632	0.0	0.0	0.0	0.0	0.006756756756756754	0.11389961877916921	0.0	3.8877380011252765e-05	2.050239879911717e-05	0.0	0.0	0.0	0.0	8.40321781807368e-05	0.0	0.00032676118131150234	0.0	0.0	0.0	0.0	0.0	0.0	0.0	4.5218766913847884e-05	0.0	0.0	0.0	0.0	0.0	0.0	0.0	0.0	0.0	0.0	0.0	0.0	0.0	0.0	0.0	0.0	0.0	0.0	0.0	9.372250027359868e-05	0.0	0.0	0.0	0.0	0.0	0.0	0.0	0.0	0.0	0.0	0.0	0.0	0.0	0.0	0.0	0.0	0.0	0.0	0.0	0.0003838696650699519	0.0	0.0	0.0	0.0	0.0	0.0	0.0	0.0	0.0	0.0	0.0	0.0	0.0	0.0	0.0	0.0	0.0	0.001760038178961719	0.0	0.0	0.0	0.0	0.0	0.0	0.0	0.0	0.0	0.0	0.11755024386396928	0.0
0.0004367555909822639	0.005726334431801197	0.0015491527726892694	8.569403708210622e-05	0.0009387920107302321	0.0028656851179454635	0.0	0.007676442790946546	0.0	0.0013428972717972566	0.00011808313470287554	0.0	0.0	0.0036846925396543176	0.00014402046206487973	0.00526166703465514	0.0002010331058282477	9.647837727263911e-05	0.0	0.0	0.0	0.00028887584183760095	0.0	0.0	0.0	0.0	0.0	0.0	0.0	9.924039183688231e-05	4.550783579316148e-05	0.0	0.0	0.0	0.0	0.0008113608972278747	0.005971044419668882	0.012625874805059646	0.009775474858180566	0.0	0.0	0.0	0.0	0.0	0.0	0.0	0.0	0.004964015611586805	7.972972756704938e-05	0.0	0.0	0.0	0.00030079122275449943	0.0	0.0	0.0	0.0004888395494422913	0.0035046035212290758	0.0006794182121104908	0.0005614769491417376	0.0015819391703367845	0.0	0.0	0.0	0.0	0.0	0.0	0.0	0.0	0.0	0.0	0.0006826175659029384	0.0	0.0	0.005735951760086311	0.0005595068951300119	0.005446019630514073	0.0007607798648960769	0.0	0.0001328575724573371	0.00011995445687052305	0.00013079023832710673	4.378829654123194e-05	0.0	0.0	0.0002795012591873936	0.0	0.0005294138676146583	0.0	0.0	0.0	0.0	0.0	0.0	0.0	0.0	0.0	0.0	0.0	0.0	0.0	0.0	0.0	0.0	0.0	0.0	0.0	0.0	0.0	0.0	0.0	0.0	0.0	0.0	0.00010190404872807018	8.393486470594442e-05	0.0002460794234028891	0.0	0.0	0.0	0.0	0.0	0.0	0.0	0.0	0.0	0.0	0.0	0.0	0.0	0.0	0.0	0.0	0.0	0.0	0.0010391623265815064	0.0	0.0	0.0	0.0003954847925841961	0.0	0.0	0.0	0.0	0.0	0.0	0.0	0.0	0.00012892905938510454	0.0	0.0	0.0	0.0	0.0	0.0016096176634564886	0.0	0.0	0.0	0.0	0.0	0.0	0.0	0.0	0.0	0.03125294310754453	0.0
0.00013985708415392183	0.007555395334071626	0.0019958751256460936	0.0	0.002835283625568525	0.005035808324523748	0.0	0.0035137300835929993	0.0	0.0021057702668708877	0.0002636565051850432	0.0	0.0	0.0018686656345183552	0.0	0.00511088035363391	0.00015777650922941592	0.0	0.0	0.0	0.0	0.0	0.0	0.0	0.0	0.0	0.0	0.0	0.0	0.0	0.0	0.0	0.0	0.0	0.0	0.00021571896511622288	0.005043145650303855	0.007429733779817355	0.0015100327094049576	0.0	0.0	0.0	0.0	0.0	0.0	0.0	0.0	0.0	0.0	0.0	0.0	0.0	0.0	0.0	0.0	0.0	0.0017201666990221147	0.004177696467697556	0.000970538360826371	0.0011135436765672476	0.0	0.0	0.0	0.0	0.0	0.0	0.0	0.0	0.0	0.0	0.0	0.0004657110225267519	0.0	0.0	0.0	0.0	0.0	0.0	0.0	0.00017372835156235605	8.140670993958657e-05	0.0	0.0	0.0	0.0	0.0004966552804468786	0.0	0.0007804038275754529	0.0	0.0	0.0	0.0	0.0	0.0	0.0	4.4492036845244094e-05	0.0	0.0	0.0	0.0	0.0	0.0	0.0	0.0	0.0	0.0	0.0	0.0	0.0	0.0	0.0	0.0	0.0	0.0	0.00011197995842415033	9.065347402366788e-05	0.0	0.0	0.0	0.0	0.0	0.0	0.0	0.0	0.0	0.0	0.0	0.0	0.0	0.0	0.0	0.0	0.0	0.0	0.0	0.0	0.0	0.0	0.0	0.0	0.0	0.0	0.0	0.0	0.0	0.0	0.0	0.0	0.0	0.00017484590182756363	0.0	0.0	0.0	0.0	0.0	0.0	0.0	0.0	0.0	0.0	0.0	0.0	0.0	0.0	0.0	0.0
0.0007818556372992852	2.028488215391411e-05	0.0	0.0	0.0	0.0001162749430204253	0.0	0.0	0.0	0.0	0.0	0.0	0.0	0.0006150403508717876	0.0	0.0	0.002254177440546279	0.0	0.01772209284027474	0.04967138669294551	0.006441623157924054	0.018938177944175506	0.036293939281573616	0.009111604798463045	0.03090371947307059	0.04186995377881459	0.02069689146195236	0.013772696325374745	0.0015253601937044547	0.006686143268493791	0.012291568415501872	0.0007204131971458257	0.00015342967438945578	0.001147308290727715	0.003181486777408449	0.0035794976421636123	0.0	0.02004753784325901	0.0026685294218374853	0.0	0.005070185471172594	0.00022511923794367572	0.000759692491959982	0.0017481851134753567	0.0062997088756141665	0.00015065374298313446	5.1448494218089406e-05	0.0005563833037209441	0.0	5.7371900167656876e-05	0.0003173322626456799	0.0001549052425238188	0.0	0.0	0.0	0.0	0.0	0.0	0.002827295378511996	0.0	0.0	0.0	0.0	0.0	0.03149407219593388	0.04840253463211827	0.0772285780412595	0.0	0.057051683783082695	0.0	0.0	0.0	0.0	0.0	0.0	0.00310635304198347	0.0	0.0	0.0	0.0	0.0	0.0	0.0	0.0	0.0	0.0	0.0	0.0	0.0	0.0	0.0	0.0	0.0	0.0	0.0	0.0	0.006325664386528298	0.026902359816347417	0.0	0.006162023068273802	0.002564666619643015	0.0015623956776345546	0.0	0.001505755070101647	0.0002792797992435615	9.656016700029216e-05	7.782686191090049e-05	7.733492271702762e-05	0.004399852555291705	0.0	0.0	0.0	0.01063464728685469	0.0	0.0	0.0026143850572125068	0.00647707647268176	0.0	3.129970010028825e-05	0.0	6.715590424589156e-05	8.101791432734118e-05	5.5365943139777725e-05	3.7033642080420885e-05	0.0	0.004781393205801819	0.0	0.0	0.0	0.0	0.0	0.0	0.0	0.0	0.0	0.0	0.01679025636454217	0.0	0.0	0.0	0.0	0.09438756127043424	0.01737031103903677	0.08903153352154146	0.03276564246720898	0.0	0.013166377466264843	0.0	0.0	0.0	0.0	0.0	0.0	0.008073896720968499	0.0	0.0	0.0	0.0	0.0	0.0	0.0	0.0	0.0	0.0	0.0	0.0019446275525725632
0.0014064657053673181	0.0005506196978091547	2.20296561966029e-05	0.0	7.828920968691972e-05	0.00011993040260385501	0.0	0.00032238222867401214	0.0	0.00023184949297231126	0.0	0.0	0.0	0.0	0.0	0.0	0.0002657657682254164	0.00025449991342007503	0.016195102165826022	0.0061960667154082605	0.002203585467337421	0.0004205154310127034	0.005738788342007035	0.007970380929053389	0.004671663981876154	0.02428499567896106	0.01166065474310417	0.003745133518281882	0.0009854814264445605	0.022002672417273578	0.05691561339392707	0.0043278617376448425	0.00039144604843475804	0.0011724960345824418	0.011329718413447149	0.019553044958139556	0.001230397117014565	0.02017104105135457	0.0012859633605811108	0.0	0.00047396617245436663	0.0	0.00022106952536194455	0.0	0.001239193791049707	3.803899324480488e-05	0.0	0.0442942947274434	0.0010472381093565425	0.0	0.0	0.0	0.0	0.0	0.0	0.0	0.0010395010180815735	0.0024046019124026627	0.008064369456231811	0.0028679759496563584	0.0	0.0	0.0	0.03149407219593388	0.0	0.0	0.0004958316400800215	0.0	0.0022779922493514093	0.0	0.0	0.0	0.0	0.0038516777055331904	0.047384595054643465	0.0056848290673211085	0.013288288585304713	0.012999412673853851	0.0	1.9378214974534047e-05	0.0	0.0	0.0	0.0	0.0	0.0	0.0	4.6332943838634056e-05	0.0	0.0	0.0	0.0	0.0	0.0	0.0	0.00022446433421119215	0.002831311504167338	0.003622197112592892	8.673817150945798e-05	0.0	0.0004776141863242373	0.00013832360652555651	0.0	0.0002787752890631059	0.0	0.0	0.0	0.00018167582557813855	0.0017804763407155508	0.0	0.0	0.0	0.005769594794765082	0.0005841861608508999	0.00022910841748331287	0.00046166605959669765	0.0026845026151238326	0.0	0.0	0.0	4.5034866200599884e-05	0.0	0.0	0.0	0.0	0.0008898407717122508	0.0	5.500119309253752e-05	0.0	0.0	0.0	0.0	0.0	0.0	0.0	0.0	0.011523223357565424	0.0	0.0	0.0	0.0	0.017230394044008827	0.03508108268199947	0.014273864514590482	0.007400655475145612	0.0	0.018983269301500863	0.0	0.0	0.0	0.0	0.0	0.0	0.0	0.0	0.008437008165922058	0.0	0.0	0.0	0.0	0.0	0.0	0.0	0.0	0.0	0.0
0.0	0.0	2.196169339396857e-05	0.0	0.0	0.0	0.0	0.0	0.0	0.0	0.0	0.0	0.0	0.0	0.0	0.0	0.001107943583398109	0.0	0.010289008883831462	0.012108487490667725	0.0006914124415966364	0.008338268780400428	0.008664382216538532	0.0037244878975422773	0.006328500350631759	0.015195447352285538	0.007498852063217972	0.00328105873119191	0.00025554400723968023	0.00010161830968094361	0.0029004732349163656	0.00012065636692708726	0.0	0.0002483276402234393	0.000980099956480682	0.00014443792091878055	0.0	0.0005823230443410878	0.00030759926765144076	0.0	0.0004282860294489322	7.573112703886423e-05	0.0004208536801787686	0.00025359328829866574	0.0025910312561289958	0.0	0.0	0.001193558870529707	0.0	0.0	0.0	0.0	0.0	0.0	0.0	0.0	0.0	0.0	0.0	0.0	0.0	0.0	0.0	0.04840253463211827	0.0	0.0	0.0	0.0	0.0	0.0	0.0	0.0	0.0	0.0	0.0	0.0	0.0	0.0	0.0	0.0	0.0	0.0	0.0	0.0	0.0	0.0	0.0	0.0	0.0	0.0	0.0	0.0	0.0	0.0	5.5337123268350994e-05	0.0	0.0029953107967827146	0.01152694383589253	0.0	0.002500484348336786	0.0011061867720701894	0.0005479706393894355	0.0	0.0006211630420553765	0.0002808703568085096	0.0	0.0	2.585940986949195e-05	0.0023887070049787643	0.0	0.0	5.589577512755097e-05	0.005593901740706939	0.0	0.0	0.0006380565916699633	0.0006409142141852385	0.0	0.0	0.0	2.2446433421122805e-05	0.0	0.0	3.7201256201705953e-05	0.0	0.0008374972023654927	0.0	0.0	0.0	0.0	0.0	0.0	0.0	0.0	0.0	0.0	0.009170192377425484	0.0	0.0	0.0	0.0	0.042368455781858855	0.011012394014194286	0.050722688543396795	0.03229792310340168	0.0	0.01423745234739613	0.0	0.0	0.0	0.0	0.0	0.0	0.001150501147286655	0.0	0.0	0.0	0.0	0.0	0.0	0.0	0.0	0.0	0.0	0.0	0.0
0.00010745246568658074	5.915838557916714e-05	2.124539805639205e-05	0.0	0.0	0.0	8.503597174943736e-05	4.275511169268342e-05	0.0	0.0	0.0	0.0	0.0	0.0001589508145695131	0.0	0.0	0.001317766065476088	0.000375198735707248	0.07193543766503871	0.06688795631800935	0.006089512428439501	0.012087737276071162	0.012202697205138223	0.013911786199375007	0.007521672470437432	0.050474064635127644	0.023607998220026877	0.007795795867946025	0.0010793735712249174	0.002396195263813276	0.049188528282013005	0.0025758370115248654	0.0	0.002570505358518691	0.020807698072218165	0.0009751679471462499	0.0006120501151801115	0.0040544836511324225	0.0008357413714236687	0.0007310183355151742	0.0011252179405084372	0.0001356870871863762	0.0011082215011103697	0.002228866202846467	0.006891532485123086	0.0	0.0	0.0009343327824525861	0.0003806805386191705	0.0	0.0	0.0	0.0	0.00030384804348724756	0.0	0.0	0.0	0.00021801949626855743	0.0025454685709227903	0.0	0.0	0.0	0.0	0.0772285780412595	0.0004958316400800215	0.0	0.0	0.0	0.0014186784971472039	0.0	0.0	0.0	0.0	0.0	0.0023136892103649497	0.0	0.0	0.0	2.7955724851691513e-05	0.0	0.0	0.0	0.0	0.0	0.0	0.0	0.0	0.0	0.0	0.0	0.0	0.0	0.0	0.0	0.0	0.0005427767509376343	0.019010701758310895	0.05177140607281917	0.00015146225407772847	0.005075387916248833	0.0038987642704456683	0.0037187373006002215	0.00020060821866407357	0.002621046282035847	0.0005240779798044796	0.0	3.688458858284186e-05	0.0035566978752626507	0.020669750838246383	6.518126736408717e-05	0.0	5.147838729321548e-05	0.04077219766029129	0.0018564521466063206	0.0003844249232848771	0.003838157797999369	0.006014095958937889	0.001841333235104043	0.00017984149703366943	0.00013096210175509403	0.00013019224629920434	7.26930438634177e-05	0.00010656205464340411	0.00014076576576573332	4.331254242003567e-05	0.0028037948153659567	0.0	0.0004532387358821603	0.0004164157114872093	7.998568375993951e-05	0.0	0.0	0.0	0.0	0.0	0.0	0.044310175683218524	0.0	0.0	0.0	0.0	0.039324689569089556	0.028151733043547563	0.05678492747100386	0.09182963618026035	0.0	0.036240784840084014	0.0	0.0	0.0	0.00029917346962651136	0.0	0.0	0.0016636353842383075	0.0	0.0	0.0	0.0	0.0	0.0	0.0	0.0	0.0	0.0	0.0	0.0
0.0	0.0	0.0	0.0	0.0	0.0	0.0	0.0	0.0	0.0	0.0	0.0	0.0	0.0	0.0	0.0	0.0	0.0	0.0	0.0	0.0	0.0	0.0	0.0	0.0	0.0	0.0	0.0	0.0	5.078003331179261e-05	0.0002374887638792857	0.0	0.0	0.0	0.0	0.0007210140114095019	0.0	0.0	0.0	0.0	0.0	0.0	0.0	0.0	0.0	0.0	0.0	0.0	8.604546780071785e-05	0.0	0.0	0.0	0.0	0.0	0.0	0.0	0.0	0.0	0.0	0.0	0.0	0.0	0.0	0.0	0.0	0.0	0.0	0.0	0.0	0.0	0.0	0.0	0.0	0.0	0.0	0.0	0.0	0.0	0.0	0.0	0.0	0.0	0.0	0.0	0.0	0.0	0.0	0.0	0.0	0.0	0.0	0.0	0.0	0.0	0.0	0.0	0.0	0.0	0.0	0.0	0.0	0.0	0.0	0.0	0.0	0.0	0.0	2.5844321204932046e-05	0.0	0.0	0.0	0.0	0.0	0.0	0.0	0.0	0.0	0.0	0.0	0.0	0.0	0.0	0.0	0.0	0.0	0.0	0.0	0.0	0.0	0.0	0.0	0.0	0.0	0.0	0.0	0.0	0.0	0.0	0.0	0.0	0.0	0.0	0.0	0.0	0.0	0.0	0.0	0.0	0.0	0.0	0.0	0.0	0.0	0.0	0.0	0.0	0.0	0.0	0.0	0.0	0.0	0.0	0.0	0.0	0.0	0.0
0.00022441695081556085	0.0	2.1982280052314208e-05	0.0	0.0	0.0	0.0	4.584803267898322e-05	0.0	0.0	0.0	0.0	0.0	0.0	0.0	0.0	0.0	0.00015194332200772363	0.016483175854576093	0.003326403480623381	0.0015870560201629333	0.00040389935967690316	0.000959653162688095	0.0024468822764652336	0.0002818300794103605	0.010662116125271733	0.002936805486138787	0.00041193351374878507	8.533632377079075e-05	0.0048321046526926025	0.025156744904020836	0.0007251819982954473	7.769414431470514e-05	0.0005814837584039315	0.007569810194910956	0.0019559355987878568	0.0008510340375129818	0.0003898287651960042	0.0	0.0007917550078796954	0.0	0.0	2.0057793691516167e-05	0.0	0.0003706348236555287	0.0	0.0	0.000612363513878377	0.0	0.0	0.0	0.0	0.0	0.0	0.0	0.0	0.0	0.0006646913506383272	0.006129127343070575	0.0	0.0	0.0	0.0	0.057051683783082695	0.0022779922493514093	0.0	0.0014186784971472039	0.0	0.0	0.0	0.0	0.0	0.0	0.0	0.0	0.0	0.0	0.0	2.9245736058350055e-05	0.0	4.078872977808393e-05	0.0	0.0	0.0	0.0	4.156486782667745e-05	0.0	0.0	0.0	0.0	0.0	0.0	0.0	0.0	0.0	0.0002681793802459626	0.004132501549111274	0.0032785292653766678	8.600834075218902e-05	0.0	0.00026397076244632405	0.00020609097005608751	4.283320611878931e-05	0.00027688740185058386	0.0	0.0	0.0	0.002200476352576702	0.0034568753371061714	0.0	0.0	0.0	0.007387428233173912	0.001155168550986156	0.000679707826293317	0.0006405464127587026	0.0022742791036163643	0.0	0.0	0.0	2.2467939554029325e-05	0.0	0.0	0.0	0.0	0.0012790865958378097	0.0	0.0	0.0	4.268643825512552e-05	0.0	0.0	0.0	0.0	0.0	0.0	0.014581530610929276	0.0	0.0	0.0	0.0	0.010866061650818482	0.03646176521847154	0.016999942741180735	0.016943743713481094	0.0	0.04814597131916498	0.0	0.0	0.0	0.0	0.0	0.0	0.00120985931554431	0.0	0.0	0.0	0.0	0.0	0.0	0.0	0.0	0.0	0.0	0.0	0.0
0.0	0.0026508656251926603	2.131867901867091e-05	0.0	0.0	0.0	0.0	0.0	0.01114365892183666	0.01280520195904607	0.035397975731661264	0.013289917441740589	0.0009718058318538048	0.0021209055026723276	0.0004068535357227344	0.0	0.0	0.015358995809410459	0.012164036562974323	0.0	0.0	0.0	0.0	0.00023604391257649244	0.0	0.0	0.0	0.0	0.0	0.0	0.0	0.0	0.0	0.0	0.002750509704068946	0.0	0.0018669638002277347	8.56388047963368e-05	0.0	0.0	0.0	0.0	0.0	0.0	0.0	0.0	0.0	0.0	0.0	0.0	0.0	0.0	0.0	0.0	0.0	0.0	0.00040389935967690316	0.0	0.0	0.0	0.0	0.0	0.0	0.0	0.0	0.0	0.0	0.0	0.0	0.0	0.022192422871207637	0.05699585957614203	0.015100327094049695	0.0	0.0	0.0	0.0	0.0	0.0	0.000301215016411081	0.0	0.0	0.0	0.0	0.0	0.0	0.003518134613286238	0.005715082414072804	0.012069938128130103	0.0018559570226078018	0.0	0.0	0.0	0.0	0.0	4.203602457507688e-05	0.0	0.0	0.0	0.0	0.0	0.0	0.0	0.0	0.0	0.0	0.0	0.0	0.0	0.0	0.0	0.0	5.80633798440216e-05	0.0	0.0	0.0	0.0	0.0	0.0	0.0	0.0	0.0	0.0	0.0	0.0	0.0	0.0	0.0	0.0	0.0	0.0	0.0	0.0	0.0	0.0	0.0	0.0	0.0	0.0	0.0	0.0	0.0	0.0	0.0	0.0	0.0	0.0	0.0033234567531916755	0.0013436908044481839	0.0012797709285573202	0.0	0.0	0.0	0.0	0.0	0.0	0.0	0.0	0.0	0.0	0.0	0.0	0.0	0.0	0.0	0.0
0.0	0.0015592042568481864	0.0	0.0	0.0	0.0	0.0	0.0	0.005767455220970286	0.017404389423165956	0.012513302420764294	0.009568645477538353	0.0	0.00046571105153226804	0.0	0.0	8.021099273452256e-05	0.03997352943354753	0.025418423164039073	0.0	0.0001862844090106848	0.0	0.0002072696610287454	0.002180689790828155	0.00018306789265995304	0.0	0.0	0.0	0.0	0.0	3.702160479516063e-05	0.0	0.0	0.0	0.013744024138403832	0.0	0.0018248000847107069	0.0	0.0	0.0	0.0	0.0	0.0	0.0	0.0	0.0	0.0	0.0	0.0	0.0	0.0	0.0	0.0	0.0	0.0	0.0	0.0005647581448717353	0.0	0.0	0.0	0.0	0.0	0.0	0.0	0.0	0.0	0.0	0.0	0.0	0.022192422871207637	0.0	0.03632168075144931	0.0031573631005652352	0.0	0.0	0.0	0.0	0.0	0.0	0.00012126457904519693	0.0	0.0	0.0	0.0	0.0	0.0	0.0016385066259819298	0.003429158156441719	0.011558929553932265	0.0023971220593639914	0.0	0.0	0.0	0.0	0.0	3.5216310762844206e-05	0.00020719784339428795	0.0	0.0	0.0	0.0	0.0	0.0	0.0	0.0	0.0	0.0	0.0	0.0	0.0	0.0	0.0	0.0	0.0	0.0	0.0	0.0	0.0	0.0	0.0	0.0	0.0	0.0	0.0	0.0	0.0	0.0	0.0	0.0	0.0	0.0	0.0	0.0	0.0	0.0	0.0	0.0	0.0	0.0	0.0	0.0	0.0	0.0	0.0	0.0	0.0	0.0	0.0032826799417762604	0.000625331202974379	0.0023197227270188867	0.0	0.0	0.0	0.0	0.0	0.0	0.0	0.0	0.0	0.0	0.0	0.0	0.0	0.0	0.0	0.0
0.00024125433126651703	0.01803930697074322	0.0020080599720705703	0.0005459278279648237	0.0002544024491166065	0.0	0.0	0.0424795478063103	0.008750690329201949	0.06594271458770962	0.0053444210677820025	0.007797862846758804	0.00025886276510078975	9.509748311197473e-05	0.00017007194349887472	0.0	0.00040463728877160576	0.04713010423154895	0.013344278378881561	0.0	0.0016998599206112532	0.0	0.0016012782206259654	0.001828233434626918	0.0002952952941608303	0.0	0.0	0.0	0.0	2.216192130693222e-05	0.0	0.0	0.0	5.605296176922372e-05	0.020448467131872483	0.0001530125287950179	0.008839848638970978	0.0018676440953807186	0.0	0.0	0.0	0.0	0.0	0.0	0.0	0.0	0.0	0.0	0.0	0.0	0.0	0.0	0.0	0.0	0.0	0.0	0.002914630866221061	0.017705107354806248	0.0012886654671719021	0.0022736614371532994	0.0004933770548807632	0.0006826175659029384	0.0004657110225267519	0.0	0.0	0.0	0.0	0.0	0.0	0.05699585957614203	0.03632168075144931	0.0	0.012212146604592288	0.0	0.0004698275304395073	0.00469443789906957	0.00586248021932117	0.0	0.00022502746162006892	0.004121432895494281	0.004686766020875189	0.0011935588241209054	0.00032545698641207887	0.0	5.147838729321548e-05	0.01992573465080885	0.002798319886759132	0.013644874496095579	0.0038200419331300877	0.001993243235585794	0.0	0.0	0.0	0.0	0.0	0.0010292744595850347	0.00010602357321350982	0.0	0.0	0.0	0.0	0.0	0.0	0.0	0.0	0.0	0.0	0.0	0.0	5.110879912746605e-05	3.864372325187368e-05	0.00016913391701597736	2.575249557197576e-05	0.0	0.0014354632355041547	0.0012552098370715837	0.00011261261493303273	0.0	0.0	0.0	0.0	0.0	4.789147642369593e-05	0.0	0.0	0.00012273665056573472	0.0	0.0	0.0	0.0	0.0	0.0	0.0	0.0	0.00087534929572766	0.006346989664299731	0.0	0.0024257001698746567	0.00016445901829358772	0.0010892039261027908	0.0004676230539229783	0.0	0.0	0.0	0.0	0.0	0.0	0.0013522681620464446	0.0027838592784347072	0.008582506122086962	0.0	0.0001625478686647178	0.0014042418647745617	0.003620649912459319	0.004640671447190729	0.00016294652034813401	0.0	0.0	0.0	0.0	0.0	0.0	0.0	0.0	0.0020779600655466395	0.0
0.0	1.9805184734091154e-05	0.0	0.0	0.0	0.0	0.0	0.0	0.0051081515155681385	6.319480783778587e-05	0.0015835099693505893	0.0021620289763010286	0.0013995037456498987	0.00016469681703930019	0.001366873478843563	0.0	0.0015787087458456375	0.0013268543028640565	0.0007971378614062085	0.0007287076640376823	8.741336169327197e-05	0.001825672581952946	4.118058547128782e-05	0.0	0.00013246341227659967	0.0	0.0	0.0	0.00016132273407481733	2.4582903626730218e-05	0.0	0.0	0.0	0.0	8.102340506976473e-05	0.0	0.00020868926013748365	0.0018073449014708075	0.001313865358532819	0.0	0.0	0.0	5.8577424134522234e-05	0.0	0.00020749826792943173	0.0	0.0	0.0	0.0	0.0	0.0	0.0	0.0	0.0	0.0	0.0	0.0	0.0	0.0	0.0	0.0	0.0	0.0	0.0	0.0	0.0	0.0	0.0	0.0	0.015100327094049695	0.0031573631005652352	0.012212146604592288	0.0	0.0	0.0	0.0	0.0	0.0	0.0	7.538563084692197e-05	0.0	0.0	0.0	0.0	0.0	0.0	0.004008757235642235	0.0	0.001076767409049002	0.004174906764476657	0.00012726213612227158	0.00012302071889567248	0.0	0.0	0.0	0.0	0.0	0.0006295635704828854	7.701123286500824e-05	0.0019440348192430346	0.0	0.0	0.0	0.0	0.0	0.0	0.0	0.0	0.0	0.0	0.0	0.0	2.9080398869337085e-05	0.0	0.00029453170679492625	8.139008978428713e-05	0.0009016649941228055	0.0	0.0	0.0	0.0	0.0	2.6797207208885407e-05	0.0	0.0	0.0	0.0	0.0	0.0	0.0	0.0	0.0	0.0	0.0	0.0	0.0	0.0	0.0	0.0	0.0	0.0	0.0	0.0	0.0005137224686265155	0.0002871074109037179	0.0	0.0	0.0037272717416508244	0.0	0.00014337301274761814	0.0	0.0	0.0	0.0	0.0	0.0	0.0	0.0	0.0	0.0	0.0	0.0	0.0	0.0	0.0	0.0
0.0032141126121733817	0.004473575029240848	0.0013462268255079258	0.00019039935062608565	0.0006283188165682472	0.0015744895584393537	0.0	0.0069804541302616605	0.0	0.000730642778016144	0.0	0.0	0.0	0.00022055251235780557	0.0	0.0019363625146677338	0.00010676896832566464	0.0	0.0	0.0007414748438672874	0.00030296287663968683	0.0008708872278108746	0.0	0.0	0.0	0.0	0.0	0.0	0.0	0.0004087786892101512	0.0	0.0	0.0	0.0	0.0	0.003963366982371911	0.00932148023879506	0.00476116806048884	0.016177046655614966	0.0	0.0	0.0	0.0	0.0	0.0	0.0005342025375363131	0.0002618725911116876	0.11832194943029313	0.001582113516636174	0.001053464872297997	0.00016781673055010646	0.0003154073876110747	0.005676330082601845	0.0013038385493584009	0.0	0.0	0.006814506766908065	0.013783064517760263	0.01630579854936544	0.07144823370130977	0.0	0.0	0.0	0.0	0.0038516777055331904	0.0	0.0	0.0	0.0	0.0	0.0	0.0	0.0	0.0	0.009904314418174366	0.017681995952741857	0.10879010163793879	0.4488985004679172	0.0	0.00021349765960476582	0.0	0.0	9.228512078931316e-05	0.0	0.0	0.0005025246839441872	0.0	0.0003255603504355654	0.0	0.0	0.0	0.0	0.0	0.0	0.0	4.505777184917074e-05	0.0	0.0	0.0	0.0	0.0	0.0	0.0	0.0	0.0	0.0	0.0	0.0	0.0	0.0	0.0	0.0	0.0	0.0	0.00011563413016307702	0.0	0.0006900019734214041	0.0	0.0	0.0	0.0	0.0	0.0	0.0004126215127643664	0.00018752214359272395	0.003693328616000226	0.00011457067226724435	0.0004972403621237469	0.00036716430318251464	0.0003441261574256772	0.00012185499918556881	0.0	0.0	0.0	0.0	0.0014902753649032418	0.0	0.0	0.0	0.0	0.0	0.0	0.004309715216855591	0.0	0.0	0.0	0.0	0.0	0.0	0.00036784189502227753	0.0	0.0	0.0023381152348083997	0.0077257489616478145	0.005725653969866534	0.0385789002605277	0.0	0.0	0.00014789413587593543	0.0	0.0	0.0	0.0	0.004947035904015211	0.0036406267706353547	0.08793720207158616
0.0031377525007228015	0.005327379970055623	0.0007905555953730443	0.00037278656816093627	0.001167744903587478	0.0005894553592001724	0.0	0.007045606290599886	0.0	0.0011866995554992046	0.0	0.0	0.0	0.0006302745766663043	0.0	0.0004363969901024568	0.0	0.0	0.0	0.0007241573613696733	0.00019747301635070523	0.00039646805605524635	0.0	0.0	0.0	0.0	0.0	0.0	0.0	0.004419974040724982	0.0015212875885265871	0.0	0.0	8.275010578126674e-05	0.0004199985905913377	0.01256268535743946	0.006044710459054017	0.009216748721676367	0.044857574380425765	0.0	0.0	0.0	0.0	0.0	0.0	0.0004918085502025456	0.0	0.05716246569806007	0.0005171099057262782	0.0006353887115770015	0.0	0.00020780538113438608	0.0013282754334635377	0.0	0.0	0.0	0.00271189560124046	0.012110016475343127	0.03742008650630526	0.4111249874321233	0.0	0.005735951760086311	0.0	0.0	0.047384595054643465	0.0	0.0023136892103649497	0.0	0.0	0.0	0.0	0.0004698275304395073	0.0	0.009904314418174366	0.0	0.035383016547683006	0.10147420521897095	0.10399529860630205	0.0	1.9324203820598918e-05	2.0375080577947246e-05	0.0	0.0	0.0	0.0	0.00020742423717480074	0.0	9.205071568783559e-05	0.0	0.0	0.0	0.0	0.0	0.0	0.0	0.0	0.0	0.0	0.0	0.0	0.0	0.0	0.0	0.0	0.0	0.0	0.0	7.757067657452835e-05	0.0	0.0	0.0	0.0	3.0233866653435225e-05	0.0	0.0	9.111969113425152e-05	0.00032007117142330665	0.0	0.0	0.0	0.0	0.0	0.0	0.00018598024856628713	0.0	0.0020904491405784524	0.00011168193264442774	0.00010913658341374179	0.0	0.0	0.0	0.0	0.0	0.0	0.0	0.0006873252524500183	0.0	0.0	0.0	0.0	0.0	0.0	0.0	0.0	0.0	0.0	0.0	0.0	0.0	0.000176588552667165	0.0	0.002523092771711428	0.006121284254072121	0.0034366262622502115	0.0	0.0	0.0	0.0	0.0	0.0	0.0	0.0	0.0	0.0	0.0	0.012615463858557338
0.042269316451008454	0.06880826281851735	0.00773671912271612	0.0021007947724809043	0.007063242723449709	0.006206436996190222	9.57254523309841e-05	0.10400514989735467	0.0	0.01030945549488937	0.0	0.0	0.0	0.0002008811633822307	0.0	0.006375190941069093	0.00312890556594571	0.00014993367547939257	0.000772387775840244	0.0013151712444532848	0.0004832690708954272	0.0007297915882190376	8.624558259219848e-05	0.00012662547685347432	4.639495471133004e-05	0.00014045578971725865	0.00048057098446783656	0.0	4.2191740637526694e-05	0.010837443161741988	0.006257925132234287	0.00019931435552615045	0.0	0.0007315399647456796	0.001419322184450263	0.044353526199647955	0.028857709846165928	0.10631264198840616	0.25712765061118914	0.0	4.242522626442896e-05	0.0	1.9951885885080766e-05	0.0	9.190746619213417e-05	0.0010130842645012467	0.0009725010474394233	0.0353066232829383	0.0028761917710175017	0.00205356682892788	0.0012494374918006765	0.00030821362748669986	0.00118886678894518	0.0025278925565432805	0.0	0.0	0.0015100328022225615	0.05498602158826791	0.020247392304523437	0.0009435470893746859	0.0	0.0005595068951300119	0.0	0.00310635304198347	0.0056848290673211085	0.0	0.0	0.0	0.0	0.0	0.0	0.00469443789906957	0.0	0.017681995952741857	0.035383016547683006	0.0	0.016143252989539024	0.020227415260712155	0.0001451056160797058	0.0008466942336078511	0.0004259825252321877	6.863194226944898e-05	9.043240565414452e-05	0.0	0.0	0.003289010741668929	0.0	0.002141679867253729	0.0	0.0	0.0	0.0	0.0	0.0	0.0	8.834808734949849e-05	0.0002567785106082713	0.0	8.409422095947664e-05	0.0	0.0	6.747036454570583e-05	0.0	0.00013595316049996303	0.0	0.0	0.0	0.0	0.00017522054855368134	0.0	0.0	0.0	0.00012014274611693922	0.00011209015614502819	0.0	0.0008934304003977496	0.0011966938785061651	0.0	0.0	0.0	2.233513494127631e-05	0.0	0.0	0.001512758092914855	0.0005510954258254024	0.004597581736674969	0.00021804931392940528	0.0010245957553402082	0.0003394921448654911	0.0001688384321186095	0.00034680176458561714	0.0009396550608790146	0.0	0.0	0.0	0.0015984308196512608	0.00045769074468924144	0.001889330155246088	0.0	0.0	0.0	0.0	0.0	0.0	0.0	0.0	0.0	0.0	0.0	0.000680142700053405	0.0	0.0048814118037799675	0.004588761370941991	0.01924510706860127	0.0026255674167663945	0.0016679859317831006	0.0	0.0	0.00013878108137645507	0.0	0.0008065728770295269	0.0	0.0	0.0	0.006957219057418556	0.013017098143413248
0.007480223987206165	0.03494647234883318	0.003449424318441645	0.0010002589170286012	0.006510593275395573	0.006857487915613525	0.0	0.05111923208338269	0.0	0.008855228170751598	0.0	0.0	0.00016391803078791026	0.0005967794120604527	0.0	0.0042991523395094185	0.0004681416897852203	0.0002991360641251709	0.0	0.0001006688550284655	0.0	0.00035849699370703986	0.0	0.0	0.0	0.0	0.0	0.0	0.0	0.0019175504712299846	0.0003755521852090829	0.0	0.0	0.0	0.0003057121635876159	0.01622077869887663	0.0385297892736818	0.02931587653641275	0.06984869436080758	0.0	4.233736568422842e-05	0.0	0.0	0.0	0.0	0.0	0.0	0.07089370067046011	0.00016849055167404394	0.0	0.0	0.0	0.0030102917232887605	0.0	0.0	0.0	0.02330001192609908	0.05598237104449157	0.0431447444966867	0.07485936472652802	0.006756756756756754	0.005446019630514073	0.0	0.0	0.013288288585304713	0.0	0.0	0.0	0.0	0.0	0.0	0.00586248021932117	0.0	0.10879010163793879	0.10147420521897095	0.016143252989539024	0.0	0.21489653676188655	0.0001159199272212359	0.0004806238557053638	0.00048635457807425165	0.0	9.023283036508111e-05	0.0	0.0	0.003200349313632157	0.0	0.0030462430654961733	0.0	0.0	0.0	0.0	0.0	0.0	0.0	0.00013223639487768872	0.0	0.0	0.0	0.0	0.0	0.0	0.0	0.0	0.0	0.0	0.0	0.0	0.0	0.0	0.0	0.0	2.999162136353672e-05	0.0	0.0003281959270957894	0.0008005886175269834	0.0005897169424613643	0.0	0.0	0.0	0.0	0.0	0.0	0.0	0.0	0.0	0.0	0.0	0.0	0.0	0.0	0.0	0.0	0.0	0.0029285483580356155	0.004406696311768417	0.00044766834435184475	0.002708824266152184	0.0016891891891891587	0.001077428804213858	0.0	0.0	0.0	0.0	0.0	0.0	0.0	0.0	0.0	0.0010117985780156032	0.0	0.0	0.0010862360826622566	0.007016917866346318	0.0033570410923271796	0.006168644630967395	0.0	0.0	0.0	0.0	0.0	0.0	0.0	0.0017587440692769882	0.7412780499975068	0.06179430985300282
0.0002821691943908201	0.0006744978165809268	6.625005357151667e-05	0.0	3.9314461090428497e-05	0.00012153922203577524	0.0	0.001018377856481599	0.0	6.648576682131073e-05	0.0	0.0	0.0	0.0	0.0	0.0004909466022630585	5.346682499511307e-05	0.0	0.0	0.0	0.0006076960869744951	0.0004409830159524268	0.0	0.0	0.0	0.00014528012480992196	3.0468408080767204e-05	0.0	0.0	7.670253885990147e-05	0.00019249090290409458	0.0	0.0	0.0	5.640190381533796e-05	0.0006619626866056124	0.0009978689735014698	0.0006963295479017601	0.003333182647637863	0.0	4.329372944841598e-05	0.0	0.0	0.0	0.0	7.639874678543152e-05	0.0006818989718789471	0.009825846772411594	0.00035247449914561706	0.0004103735917999933	0.00016863309633593384	0.00021059093076673338	0.03872586823897408	0.0073085587219176	0.0	0.0	0.0058711141260551795	0.0014282083143684363	0.0017146177831689332	0.04770154996724973	0.11389961877916921	0.0007607798648960769	0.0	0.0	0.012999412673853851	0.0	0.0	0.0	0.0	0.0	0.0	0.0	0.0	0.4488985004679172	0.10399529860630205	0.020227415260712155	0.21489653676188655	0.0	0.0	1.941975086005851e-05	2.0481332099636436e-05	0.0	0.0	0.0	0.0	0.0	0.0	0.0	0.0	0.0	0.0	0.0	0.0	0.0	0.0	0.0	0.0	0.0	0.0	0.0	0.0	0.0	0.0	0.0	0.0	0.0	0.0	2.602824802315771e-05	0.0	0.0	0.0	0.0	3.0468408080767204e-05	0.0	0.0	0.0	0.0	0.0	0.0	0.0	0.0	0.0	0.0	0.000863688649871844	0.00018777609260454145	0.0014036924424676068	0.000229901172786718	0.00033202273961030536	0.00036911911189995263	0.0004306921522476849	0.0011005637471474916	0.0	0.0	0.0	0.0	0.00037661657128115376	0.0	0.0	0.0	0.0	0.0	0.0	0.0	0.0	0.0	0.0	0.0	0.0	0.0	0.0	0.0	0.021167184765718203	0.0025072241142710455	0.0016172358553585618	0.0	0.5999464705184704	0.0	0.0	0.0	0.0005287117255140446	0.0	0.0	0.0	0.018581081081081103	0.03254274610107411	0.6561827277372646
0.0045307541370571795	0.0014736133488449494	7.580793071989956e-05	0.0	1.6863309923648866e-05	0.0	0.0	0.00681481477058208	0.0	3.1276373871839375e-05	0.0	0.0	0.0	0.0	0.0	0.0	0.00011413875996933601	7.490579855149274e-05	0.0	0.0	2.2863538407867868e-05	0.0	0.0	0.0	0.0	0.0	2.999162136353672e-05	2.3059269017025254e-05	0.0	0.0017539883264064695	0.0008418030263196017	1.7100576418330712e-05	0.0	4.3769065890315055e-05	0.0007356738019983574	0.02195517455427678	0.0013132292300648161	0.0002049314749276952	0.00010850534237361757	0.0	0.0	0.0	4.789723111621292e-05	0.0	0.0	4.996432014987956e-05	3.7786601828679774e-05	0.0	2.2117657453507192e-05	1.9637865018698616e-05	0.0	1.8918405180346486e-05	0.0	2.8272955177384615e-05	0.0	0.0	5.761026742130275e-05	0.00040910816856133886	0.0002246303385268681	2.9026405118705956e-05	0.0	0.0	0.0	0.0	0.0	0.0	2.7955724851691513e-05	0.0	2.9245736058350055e-05	0.0	0.0	0.00022502746162006892	0.0	0.0	0.0	0.0001451056160797058	0.0001159199272212359	0.0	0.0	0.034337581037747186	0.058544416376312115	0.041491152361943714	0.014484522645315063	2.342236430011052e-05	0.0043781977836663665	0.012353811265511922	0.0	0.0003794932663673306	0.0	0.0	2.4903089613551096e-05	4.947240706095527e-05	0.0	0.0	0.0008706653487374616	0.0226667174672127	0.0	0.018679457340863882	6.625005357151667e-05	8.238811995880789e-05	5.703671833388932e-05	4.1482689425243355e-05	0.00014034453619596722	0.0005405123606465979	0.0015825165031925772	0.0	0.0013008961190925047	0.12096695146469175	0.013713997613263853	0.06556277134441493	0.015763557934762456	0.07247980515337513	2.999162136353672e-05	0.002788744411969842	0.023820998133535314	0.1535964215245771	0.05022580766392057	2.7455142016804404e-05	0.0001986519640221174	0.0	0.008622888014827646	6.54523818347565e-05	0.008345879842749012	1.6530463033174763e-05	3.6253968260536284e-05	0.0012777200594029415	2.3494144227420153e-05	1.925466746922876e-05	0.0	0.00014014718272870036	9.514287672989897e-05	0.0	0.0	0.0	5.762275719247206e-05	0.026588441905011122	0.028024162689110513	0.008824348119421016	2.9468408432360357e-05	0.00028409965588602025	0.0	0.00029076155363712844	0.0018199114386087054	0.0	8.384366269136632e-05	0.0	0.0001755645828680635	0.0	0.0	0.0012476867310214114	0.0	0.0027936135547691706	0.015964624163429038	0.07154302493558073	0.014681111141641027	0.0013827155150299341	0.0	0.0	4.9264536196980305e-05	0.0	2.7877528906310673e-05	0.0	0.0	0.0	0.00023453370026500276	8.821937541374565e-05
0.0026608828864794175	0.0837596855098185	0.016470690440039213	0.0005497264007180767	0.0010936148689135556	5.033442316338141e-05	0.0	0.030448141103712533	1.8346809613800636e-05	0.04867707371189358	0.00654752281961318	0.0009002604198665359	0.001632942332859354	0.0006979393709242365	0.0	9.3614656349584e-05	0.001041715088169384	0.00021153707299038997	8.915920748942616e-05	0.0	1.6327353423125355e-05	0.0	1.349704249291542e-05	1.4993555503626224e-05	0.0	0.0	0.0	0.0	0.0	0.0001547205905679175	5.543716326082547e-05	0.00010528156594457434	0.0	7.910951006972287e-05	0.00018426098486672127	0.008511687667861534	0.026199413050776964	0.0009605011183711857	3.678249209998045e-05	0.0	0.0	0.0	4.949451795867828e-05	0.0	1.1969993209939945e-05	1.28945734650901e-05	7.098444403834481e-05	0.0	3.1886788958211797e-05	2.922644159532568e-05	3.4901824358080296e-05	1.4211059447944466e-05	0.0	1.891122631745032e-05	0.0	0.0	0.0010148359911638495	0.002141237776923564	1.88241604881355e-05	0.0006350972976025274	3.8877380011252765e-05	0.0001328575724573371	0.00017372835156235605	0.0	1.9378214974534047e-05	0.0	0.0	0.0	0.0	0.000301215016411081	0.00012126457904519693	0.004121432895494281	7.538563084692197e-05	0.00021349765960476582	1.9324203820598918e-05	0.0008466942336078511	0.0004806238557053638	1.941975086005851e-05	0.034337581037747186	0.0	0.14441332938315105	0.05889613979744167	0.04629079361650973	0.006212274696668771	0.00333390527922838	0.021535640295438113	0.00012892012713932048	0.04311830053739131	0.006230967530374688	0.000662037894983817	0.0010925206535784466	0.005626924802984907	0.0007009823444280895	0.0009002227939232966	0.0024713209284560147	0.005942470088575744	0.00023724740905847175	0.0018711275668124735	1.592556189361674e-05	3.7090495774007824e-05	0.00011411153830134753	0.0	0.00046972470301787035	0.0003657886300130453	0.0011864543226421237	3.2595964894180745e-05	0.0004041767378867467	0.004120572222346782	0.0014512589542472545	0.001401523220694168	0.003439046597747219	0.006042326206407275	0.0007957769832205837	0.0007187979007842913	0.07932634509568291	0.10434260437057145	0.01902540730653679	0.0	0.0007836023148283642	6.16721289595079e-05	0.002466729883203099	0.00018944178603390373	0.0025366045852586276	1.2819933594824656e-05	0.0	0.000840952035210257	0.0	2.8799930122773642e-05	0.0	5.362505583496902e-05	3.358455377627103e-05	0.0	0.0004259066845339222	1.9351876524219456e-05	0.015186432749727002	0.031982955044796514	0.003221213016624321	0.012047893800948242	0.003926615381136501	0.005027693403168339	0.003746715896293904	0.0	0.00038777165985772377	0.0	3.753046870219666e-05	0.0	0.0	0.00108040003114676	0.001553445497756569	0.025395447983436077	5.667855833776049e-05	0.005357632907829684	0.016649795350933153	0.07331911637752994	0.030916551564323512	0.0019223213042153435	0.0001539741309537261	0.0	1.7209835811059663e-05	0.0	0.0	0.0	0.0	0.0	0.0013948246585323465	0.0001941171343416344
0.0008913262575544466	0.017422953682712284	0.009118231498031851	0.0005069286161239762	0.0007283470675790329	0.00012295296638297368	0.0	0.009216652202952461	0.0	0.010649077529314226	0.00016077423704349305	3.489571579837955e-05	0.00018421841058404315	3.7587087451179745e-05	0.0	1.9707763938901924e-05	0.000845600361987965	1.4654044597999012e-05	0.0	0.0	0.0	0.0	0.0	0.0	0.0	0.0	2.453222520550931e-05	0.0	0.0	5.6936794363479494e-05	0.0001295248295911705	2.7278544890109475e-05	0.0	3.3039006604973275e-05	7.128910192716923e-05	0.0002728711268168897	0.012781721196509164	0.0005616327870273074	0.0	0.0	0.0	0.0	1.0167533015623312e-05	0.0	2.4730065965275562e-05	1.3354168618528465e-05	1.4756020708007856e-05	1.9948390721529298e-05	1.6651990304941824e-05	0.0	0.0	0.0	0.0	0.0	0.0	0.0	0.00038340332323568067	0.0013785000954389481	5.94598630141968e-05	0.00020287463644003581	2.050239879911717e-05	0.00011995445687052305	8.140670993958657e-05	0.0	0.0	0.0	0.0	0.0	4.078872977808393e-05	0.0	0.0	0.004686766020875189	0.0	0.0	2.0375080577947246e-05	0.0004259825252321877	0.00048635457807425165	2.0481332099636436e-05	0.058544416376312115	0.14441332938315105	0.0	0.04853335478092383	0.0876361714446312	0.01338330427288794	0.0005634268399755367	0.004755005594054005	1.9369271126558176e-05	0.010502003677868013	0.000889218049589385	5.33428148519515e-05	0.0015819391311793615	0.011308796551513569	0.004816728575467817	0.0018953185161272455	0.001382944078422346	0.0027515393487953952	0.0	0.0005149612416056825	0.0005322412083809865	0.00031217591892166477	0.00017794166535353042	0.00015859668633881526	0.00040365958275563423	0.0013980982896262327	0.005485859126081499	5.1117537036379504e-05	0.004903410598117498	0.010387453165878167	0.006571904976128393	0.01988424720448051	0.006781227159625421	0.05693042571867426	2.453222520550931e-05	6.998747401508897e-05	0.0673543867742693	0.04363519597060047	0.003121713633168255	1.9507176357655782e-05	0.0013079023905224463	1.6079729062018357e-05	0.020160378917164656	0.00047795644260106867	0.027387261692778494	0.0	0.0	3.933773800951605e-05	0.0	0.0	0.0	0.0	0.0	0.0	0.00028579890578601193	2.040584816912745e-05	0.004339170142078157	0.006444733693954585	0.00011900847417716547	0.002089661934028503	0.0009636127435584994	0.0008992976560372961	0.0009570418360817331	0.0	4.089333233670395e-05	0.0	0.0	0.0	0.0	5.989312696869587e-05	0.00034378741516599665	0.02014310357096653	0.0	0.0004913373876530508	0.0010386248226372198	0.008028728272807553	0.005063362221589071	0.00020478701300180886	4.0578022175537214e-05	0.0	0.0	0.0	0.0	0.0	0.0	0.0	0.00028600395441417324	2.0472391152211224e-05
0.0001618877729465554	0.001367195022288064	0.0008268618112527135	4.089542943485275e-05	0.00010148896832569739	0.0	4.175205776440581e-05	0.0025857076550514927	0.0	0.0007716951533469173	0.0	0.0	0.0	0.0	0.0	0.0	3.059937374439853e-05	0.0	0.0	0.0	0.0	0.0	0.0	0.0	0.0	0.0	0.0	0.0	0.0	0.0	0.0	2.59131976810259e-05	0.0	0.0	0.0	0.0	0.0016822536331844587	0.00012484429799938392	5.890198705231498e-05	0.0	0.0	0.0	0.0	0.0	0.0	0.0	0.0	0.0	0.0	0.0	0.0	0.0	0.0	0.0	0.0	0.0	6.743612644564596e-05	0.0005364188889072361	0.0	0.0	0.0	0.00013079023832710673	0.0	0.0	0.0	0.0	0.0	0.0	0.0	0.0	0.0	0.0011935588241209054	0.0	0.0	0.0	6.863194226944898e-05	0.0	0.0	0.041491152361943714	0.05889613979744167	0.04853335478092383	0.0	0.07450799730956044	0.0010084600703050128	0.013872389121900008	0.06302243906425885	0.0	0.0160226746387232	0.0	0.0	0.0	0.0	0.0	0.0	0.024373044797851882	0.0011067424653676977	0.0	4.2499854532509546e-05	7.875318757242104e-05	0.0	3.0571215198541586e-05	0.0	0.0	0.0001772086787971714	0.0005414872995372603	0.0	0.0002035479528681276	0.005553751388773926	0.0014312157793310919	0.05306356558683057	0.06382160523433657	0.029731016980192322	0.0	0.0	0.01703815861290563	0.025954373930173923	0.002611754043118508	0.0	0.003995267386514973	0.0	0.018755293493941796	0.00038539117792684693	0.008365508106945007	0.0	0.0	0.0	0.0	0.0	0.0	0.0	0.0	0.0	0.0	0.0	6.747036454570583e-05	0.0007214816033810972	0.0	6.866741020297953e-05	0.0	6.530941369247415e-05	0.0	0.0	0.0	0.0	0.0	0.0	0.0	0.0	0.0	0.004281552587023311	0.0	7.082680055995195e-05	0.0004173602932146066	0.005001521158757672	0.00034136722904734107	0.0	0.0	0.0	0.0	0.0	0.0	0.0	0.0	0.0	0.0	0.0
0.0	0.0038751987248128064	0.0020058169689898754	0.00025001482093212643	0.00034072534298625355	0.0	0.0	0.0004637606342485259	0.0	0.003836886564957733	3.47254911814959e-05	0.0	0.0	0.0	0.0	0.0	2.485960745853034e-05	0.0	7.625261124182872e-05	0.0	0.0	0.0	0.0	0.0	0.0	0.0	0.0	0.0	0.0	4.947650118819022e-05	2.3639032534244052e-05	0.0	0.0	0.0	0.0	0.0	0.003317558442806432	0.0002533615923115446	0.0	0.0	0.0	0.0	0.0	0.0	0.0	0.0	0.0	0.0	0.0	0.0	3.642622906398686e-05	0.0	0.0	0.0	0.0	0.0	0.00022347028649277278	0.0008222526854172222	0.0	4.5229026161557834e-05	0.0	4.378829654123194e-05	0.0	0.0	0.0	0.0	0.0	0.0	0.0	0.0	0.0	0.00032545698641207887	0.0	9.228512078931316e-05	0.0	9.043240565414452e-05	9.023283036508111e-05	0.0	0.014484522645315063	0.04629079361650973	0.0876361714446312	0.07450799730956044	0.0	0.021612686653971674	0.00372087341113756	0.01090950257741209	0.0	0.02604938584414079	0.00013257354328482222	0.0	0.0	0.00017803172455114647	0.0	0.00042608877530357555	0.02574796506266551	0.0004120162954647639	0.0	0.00012872090426718278	0.0	0.0	0.0	0.0	0.0	2.796357084124067e-05	2.3455439279344828e-05	0.0	0.00017076403809197479	0.000683988733066931	0.0002962744403002248	0.029277184118716295	0.04832104797720144	0.021423661152068667	1.840143278392611e-05	0.0	0.05570331664413935	0.10873786605029225	0.010044109595875466	4.1525901829037865e-05	0.008606502012270093	0.0	0.021193401842490238	0.0005374233031937673	0.007996718343871419	0.0	0.0	0.0	0.0	0.0	0.0	0.0	0.0	0.0	9.172771616686966e-05	0.0	0.008092346494329803	0.0052940839601589695	0.0002151949574341895	0.002849590368381801	0.0015745880437366242	0.0016624944004242624	0.0012313119332910516	0.0	4.602801474833717e-05	0.0	0.0	0.0	9.160125215790184e-05	0.0	0.00014242537964092515	0.009580043962923382	0.0	0.0005539030660515795	0.001003578231795414	0.013278502150565013	0.0061282033204463045	0.00023095338814817768	0.0	0.0	0.0	0.0	0.0	0.0	0.0	0.0	0.0001378135446910775	9.231717767524332e-05
0.0	0.00012145458251707613	1.8521122556846813e-05	0.0	2.9286558408410898e-05	0.0	0.0	0.0	0.0	2.5779142930936182e-05	0.0	0.0	0.0	0.0	0.0	0.0	0.0	0.0	0.0	0.0	0.0	0.0	0.0	0.0	0.0	0.0	0.0	0.0	0.0	0.0	0.0	0.0	0.0	0.0	0.0	0.0	0.0004782827052415265	0.0	0.0	0.0	0.0	0.0	0.0	0.0	0.0	0.0	0.0	0.0	0.0	0.0	0.0	0.0	0.0	0.0	0.0	0.0	0.0	0.0	0.0	0.0	0.0	0.0	0.0	0.0	0.0	0.0	0.0	0.0	0.0	0.0	0.0	0.0	0.0	0.0	0.0	0.0	0.0	0.0	2.342236430011052e-05	0.006212274696668771	0.01338330427288794	0.0010084600703050128	0.021612686653971674	0.0	0.001220353020558175	3.0712530026946046e-05	0.0	0.0017891477979784813	0.000518473663433607	0.00012311570612887394	0.0013332730358507163	0.02128134153520665	0.0472266680068342	0.01717342306955628	0.009687282414379727	0.0	0.0	5.4759432194616896e-05	0.0	0.00017765090835378215	0.0001093186451779189	4.336908575472899e-05	6.279909151164053e-05	0.0	3.3533701322010197e-05	5.349552304337989e-05	0.0	4.243651810817144e-05	0.0	0.0008982619636626807	0.006963753664503764	0.0007210895417488322	2.407880242388632e-05	0.0	0.03843370091025269	0.21333660504983226	0.007945337006102865	0.0	0.0016631046327759591	4.5055228066248444e-05	0.0005848054313184587	4.835621715400123e-05	0.0004948245340824596	0.0	0.0	9.219441476891792e-05	0.0	0.0	0.0	0.0	0.0	0.0	0.0006673805787841681	0.0	0.011095380578666904	0.0014958673249283352	9.595586627473735e-05	0.0037654034480971064	0.0015945945745459668	0.0023895023185678496	0.001206862571016936	0.0	0.0	0.0	0.0	0.0	0.0	0.0	6.548105087754701e-05	0.0007791640423041068	0.0	0.00045191855604802603	0.00021958064224972458	0.010077443623289708	0.0058640480945798944	0.00033951621943601254	0.0	0.0	0.0	0.0	0.0	0.0	0.0	0.0	0.00011166629287522376	0.0
4.103856870962464e-05	3.214389957026902e-05	0.0	0.0	0.0	0.0	0.0	2.8655021512095093e-05	0.0	0.0	0.0	0.0	0.0	0.0	0.0	0.0	0.0	0.0	0.0	0.0	0.0	0.0	0.0	0.0	0.0	0.0	0.0	0.0	0.0	5.7244204874894735e-05	0.0	0.0	0.0	0.0	0.0	3.71873741662227e-05	0.00023460960477535598	4.2830905982107107e-05	0.0	0.0	0.0	0.0	0.0	0.0	0.0	0.0	0.0	0.0	0.0	0.0	0.0	0.0	0.0	6.756756779960856e-05	0.0	0.0	0.0	0.0	0.0	0.0	0.0	0.0	0.0	0.0	0.0	0.0	0.0	0.0	0.0	0.0	0.0	5.147838729321548e-05	0.0	0.0	0.0	0.0	0.0	0.0	0.0043781977836663665	0.00333390527922838	0.0005634268399755367	0.013872389121900008	0.00372087341113756	0.001220353020558175	0.0	0.008857064286035282	0.0	0.00031638780274140265	0.0	0.0	0.0	0.0	0.0	0.0	0.07832205158954367	5.640190381533796e-05	0.0	0.00030638346123244457	0.0	0.0	0.0	3.617501237088114e-05	0.0	0.00018160015601240246	2.9064498050590897e-05	0.0	0.0	0.042966497304729186	0.003281866798502258	0.018584237199265333	0.09773224439842074	0.0031679831535660827	0.0	0.0	0.002053478620281605	0.07108092711161436	0.0022270875155654016	0.003216943224760865	0.005326309540686237	3.734063636281681e-05	0.000520882367722421	0.0	2.0389149698948398e-05	0.0	0.0	0.0	0.0	0.0	0.0	0.0	0.0	0.0	0.0	0.0	0.0	0.0	0.0	7.204276360867962e-05	0.0	0.0	0.0	0.0	0.0	0.0	0.0	0.0	0.0	0.0	0.0	0.00010693364999022614	0.0	0.0	7.302594586431654e-05	0.00222809123952084	0.0	0.0	0.0	0.0	0.0	0.0	0.0	0.0	0.0	0.0	0.0	0.0
0.018860941071673163	0.07359392373358722	0.007926025023752507	0.0011109304834565428	0.0005898372848581712	0.0	0.00017802112883955268	0.6076568254658882	0.0	0.020776113422020556	0.0	0.0	0.0	0.0	0.0	0.0	0.0019324420520738887	0.006540907250907574	0.0	0.0002112125738847248	2.975878255944515e-05	0.0	6.458986538733604e-05	5.121385707256226e-05	2.231575491200732e-05	0.0	1.7683137516666023e-05	3.0091232074478152e-05	0.0	0.0007638166718292508	0.00013480004078195816	4.13707600756167e-05	0.0	0.00011248551280286879	0.002466634199837749	0.16385317077396633	0.02919937656577112	0.001361636319976935	0.00018705361184266015	0.0	0.0	0.0	2.7256164241177412e-05	0.0	1.788945658602642e-05	6.010986771661108e-05	9.346978689634708e-05	0.0002782748860623596	2.8507482101963304e-05	4.903427308186325e-05	6.743041816193091e-05	0.0	6.151985585070234e-05	0.0	0.0	0.0	0.00024408306139661503	0.006935314191613246	0.0006279476389007224	0.002344024439661942	8.40321781807368e-05	0.0002795012591873936	0.0004966552804468786	0.0	0.0	0.0	0.0	0.0	4.156486782667745e-05	0.0	0.0	0.01992573465080885	0.0	0.0005025246839441872	0.00020742423717480074	0.003289010741668929	0.003200349313632157	0.0	0.012353811265511922	0.021535640295438113	0.004755005594054005	0.06302243906425885	0.01090950257741209	3.0712530026946046e-05	0.008857064286035282	0.0	0.0	0.011415244383922081	3.0883842350329146e-05	0.0	0.0	0.0	0.0	0.0	0.002382650093933453	0.12240971620127467	0.0008839216063677429	0.0012919725503165835	0.0005121093273740823	0.0	2.3549660767150493e-05	0.0	0.0005120727630324316	0.0	4.460155003616376e-05	0.0	0.0	0.0029123104590452744	0.0011934289244096325	0.0002681974158700202	0.0003211208923112136	0.0001208612183178104	0.01218368174898289	0.028124182467612762	0.015147164693096368	0.054861901137189674	0.01597752496872726	0.0	0.0003977807611703054	0.0	0.0002351909418413076	0.0	0.0003362421010496063	1.9856975516492158e-05	4.441272708842561e-05	0.0014690311053129953	0.0	0.0	3.4307112853008814e-05	6.389965470190476e-05	9.402090602547933e-05	0.0	0.0	0.0	0.0041913757140816235	0.1019882568826944	0.01187004064589822	0.03758857546267647	0.0014285470290729243	0.01424315097517191	0.004184743848632088	0.0	0.0008356538096002128	0.0	0.0	0.0	0.0	0.0	0.0004951746856582311	0.027798330704652967	0.0	0.012106284389012248	0.04658291792426387	0.15064577797820364	0.09844289375031548	0.007000086765587538	0.0009871103902008376	0.0	0.0	0.0	0.0	0.0	0.0	0.0	0.0064647981980700585	0.00037701231661281526
0.0	0.00030930720470065273	0.0	0.0	0.0	0.0	0.0	0.0	0.0016849055167404794	0.0003345005524192603	0.007541330697321817	0.021818555035769727	0.008231859097484568	0.0008209685652289728	0.00046769161133851134	0.0	4.6497770530736505e-05	0.0003133502416650477	0.0003995142491703569	0.0	0.0	0.0	3.918500371314304e-05	5.5172464808210394e-05	0.0	0.0	0.0	0.0	0.0	0.0	0.0	0.0	0.0	0.0	0.00018294426829008466	0.0	0.013123474736847145	0.0	0.0	0.0	0.0	0.0	0.0	0.0	0.0	0.0	0.0	0.0	0.0	0.0	0.0	0.0	0.0	0.0	0.0	0.0	0.0	0.0	0.0	0.0	0.0	0.0	0.0	0.0	0.0	0.0	0.0	0.0	0.0	0.003518134613286238	0.0016385066259819298	0.002798319886759132	0.004008757235642235	0.0	0.0	0.0	0.0	0.0	0.0	0.00012892012713932048	1.9369271126558176e-05	0.0	0.0	0.0	0.0	0.0	0.0	0.0005767069111267736	0.018074749807261644	0.04497673632273836	0.005277929795715511	0.0016016417292375443	0.00023550355158978074	0.0	0.00024244277389055138	0.0006808687397909552	0.0006425930065014101	0.0	0.0	0.002802779309373728	0.0	0.0	0.00011564530308426702	0.0	4.18155595201382e-05	0.0	0.0	0.0	0.0	0.0	0.0	0.0	0.0004491341202271645	0.0	0.0014007639072896514	0.00029578827175187085	0.0	0.0	0.0	0.0008594873443603742	0.0	6.768802766872405e-05	0.0	0.0	0.0	0.0	0.0	0.0	0.0	0.0	0.0	0.0	0.0	0.0	0.0	0.0	0.0	0.0	0.0	0.0	0.0	0.0	0.0	0.0	0.0	0.0	0.0	0.011939163111892864	0.0028829551126275717	0.0043841001403197594	0.0004587441318731794	0.0	0.0	0.0	0.0	0.0	0.0	0.0	0.0	0.0	0.0	0.0	0.0	0.0	0.0	0.0
3.5216310762844206e-05	0.31802533138873096	0.03148489805583742	0.0006283868982934508	0.0040394913443158416	0.00037187374456276425	0.0	0.042509485596353896	0.0002859013996442927	0.3729068138824112	0.043106591181137854	0.0048062126841418714	0.0045672302613937	0.0022430754668535564	3.68982472759239e-05	4.275511169268342e-05	0.002846063780264423	0.004035400597643839	0.0007675176120470736	0.0	0.0002562009297554269	0.0	9.076699577559764e-05	0.00032720818517449477	2.3566366488706236e-05	0.0	0.0	0.0	0.0	0.0	0.0	0.0	0.0	0.0	0.0019538149626883677	0.0	0.06166319881087168	0.005062912836373983	0.0	0.0	0.0	0.0	0.0	0.0	0.0	6.311726741685531e-05	7.422703198868407e-05	8.780807442886109e-05	3.058059557939258e-05	0.00013017523456955633	0.0	0.0	0.0	0.0	0.0	0.0	0.007341098300106827	0.010971791076288498	4.328667530920547e-05	0.0011395170780778949	0.00032676118131150234	0.0005294138676146583	0.0007804038275754529	0.0	4.6332943838634056e-05	0.0	0.0	0.0	0.0	0.005715082414072804	0.003429158156441719	0.013644874496095579	0.0	0.0003255603504355654	9.205071568783559e-05	0.002141679867253729	0.0030462430654961733	0.0	0.0003794932663673306	0.04311830053739131	0.010502003677868013	0.0160226746387232	0.02604938584414079	0.0017891477979784813	0.00031638780274140265	0.011415244383922081	0.0005767069111267736	0.0	0.030831938954048597	0.001696229965569821	0.00010852503711263357	3.5823926817824783e-05	0.0	0.0005579707750999454	0.0015572211938666874	0.02610473122817744	0.007185040204715624	0.0	0.0003661806220321273	0.0	4.9893445194378465e-05	0.0	0.0008541186484216519	0.0	0.0	0.0	0.0	5.019078064308748e-05	4.575856809428905e-05	0.0002578210555338477	0.0018680590713632973	0.00017952526159687197	0.02095138969885415	0.0005033442316340533	0.045710466551302474	0.07916537973410444	0.02382148654856017	0.0	0.0010958114530317123	0.0	0.0009291443687901665	6.001936618503303e-05	0.00031522034560145485	0.0	2.3444404134339415e-05	0.000510869672627559	3.3276181732309185e-05	0.0	0.0	0.0	0.0	0.0	0.0007858333799676787	0.0	0.0380244630870766	0.04881837106883099	0.0004335729501627596	0.012170737847302935	0.012276884383560817	0.011857196740702425	0.010111570052140103	0.0	0.0003711380343892907	0.0	0.0	0.0	0.0	0.008224547424174528	0.02274819352931875	0.09110474012405037	0.0	0.005536463716685781	0.00993058588897301	0.07632971079358468	0.05503612577007059	0.001257052699036149	0.00018235400042863277	0.0	3.560634491023177e-05	0.0	0.0	0.0	0.0	0.0	0.003426248463240899	0.0004187241466400669
0.0	0.0668707709091858	0.0015795792852162133	0.0	0.00014721145937085566	0.00035806765419757	0.0	0.0	0.0016294125816914671	0.04620511907692953	0.19761582159228883	0.07095385474982024	0.0731517426074752	0.02731310896564644	0.0002801466230087368	0.0	0.00040393655633861496	0.0024229628041899636	0.0018889720184543804	0.0	0.0	0.0	0.0	0.00012578312793483183	0.0	0.0	0.0	0.0	0.0	0.0	0.0	0.0	0.0	0.0	0.000750194187771451	0.0	0.1049806997832114	0.0005381689245488367	0.0	0.0	0.0	0.0	0.0	0.0	0.0	0.0	0.0	0.0	0.0	0.0	0.0	0.0	0.0	0.0	0.0	0.0	0.0004264191886320568	0.0	0.0	0.0	0.0	0.0	0.0	0.0	0.0	0.0	0.0	0.0	0.0	0.012069938128130103	0.011558929553932265	0.0038200419331300877	0.001076767409049002	0.0	0.0	0.0	0.0	0.0	0.0	0.006230967530374688	0.000889218049589385	0.0	0.00013257354328482222	0.000518473663433607	0.0	3.0883842350329146e-05	0.018074749807261644	0.030831938954048597	0.0	0.03205872304363544	0.005465561899183928	0.0025180598638215855	0.0007736653523862238	0.00019092367736871715	7.590416228932977e-05	0.0009773993987839597	0.0005857557706389404	5.5306418039011565e-05	0.0	0.00036109479649591594	3.6680958323948044e-05	0.0	0.0001263145262199596	0.0	0.0	0.0	0.0	0.0	0.0	0.0	0.0	0.0	0.0004594955238738075	0.0	0.08059280876332708	0.014078814571856578	0.001754615495073496	0.0	0.0	9.084973688386988e-05	0.0	4.87822616378955e-05	2.2583767243739384e-05	0.0	0.0	0.0	0.0	0.0	0.0	0.0	0.0	0.0	0.00011351043978372458	0.0	0.0034140923714254382	0.00035765270141941243	0.0	0.0008777182334668515	0.000465167621762935	0.0003041571609727069	0.00033579838641109426	0.0	0.0	0.0	0.0	0.0	0.0	0.03772636590738207	0.0043072076618000665	0.005883583198889609	0.0005949240110153883	0.0003459991242055649	0.00022402284719557196	0.0024051199507514553	0.0015219746709681208	0.0	0.0	0.0	0.0	0.0	0.0	0.0	0.0	0.0	0.0	0.00011533304140182837
0.0	0.006975463708187664	0.00028464060858504647	0.0	0.0	0.0	0.0	0.0	0.003887404948295678	0.0042137065779620266	0.039755943302752624	0.05672693024691947	0.040095741629746336	0.006962928657977519	0.0003798100543590594	0.0	0.00030629938006973225	0.0005936688847315829	0.0005775125274718035	0.0	0.0	0.0	3.3187532202331236e-05	4.398153702765443e-05	0.0	0.0	0.0	0.0	0.0	0.0	0.0	0.0	0.0	0.0	0.00016326588402886888	0.0	0.05870865952619807	5.724831350492762e-05	0.0	0.0	0.0	0.0	0.0	0.0	0.0	0.0	0.0	0.0	0.0	0.0	0.0	0.0	0.0	0.0	0.0	0.0	0.0001209675815106954	0.0	0.0	0.0	0.0	0.0	0.0	0.0	0.0	0.0	0.0	0.0	0.0	0.0018559570226078018	0.0023971220593639914	0.001993243235585794	0.004174906764476657	0.0	0.0	0.0	0.0	0.0	0.0	0.000662037894983817	5.33428148519515e-05	0.0	0.0	0.00012311570612887394	0.0	0.0	0.04497673632273836	0.001696229965569821	0.03205872304363544	0.0	0.02663007988701842	0.0014308996541151841	0.006104879946139282	0.0	0.001981355137248444	3.380670405116163e-05	0.0	0.0006483049855119012	0.0	0.012445224646102706	0.00026770342018566534	0.0001378453144225332	0.0007200550081441808	4.618265180591265e-05	7.011056178310768e-05	5.7475293196659565e-05	0.00015271554431295082	0.0	0.0	0.0	0.0	0.0	7.456021824360941e-05	0.0	0.0839457273958114	0.02277362097758099	0.0	0.0	0.0	0.002870729639640174	0.00011602114483724398	0.0006706046220638723	9.266588767730798e-05	0.0	0.0	0.0	0.0	0.0	0.0	0.0	0.0	0.0	0.0	0.0	0.0003632334073079027	0.0	0.0	0.0002499756286915325	0.0001335953956819216	0.0	0.0	0.0	0.0	0.0	0.0	0.0	0.0	0.01931877660024942	0.00014308996541148253	0.00046789746922031847	0.00980877454887601	0.0	0.0	0.0007468827001405597	0.00024737738501893835	0.0	0.0	0.0	0.0	0.0	0.0	0.0	0.0	0.0	0.0	0.0
0.0	0.0001996510209915754	0.0	0.0	0.0	0.0	0.0	0.0	0.0	0.00011033729536708636	0.0008924969799893119	0.001623823353985151	0.0017872803886536724	0.00018733489564396326	0.0	0.0	0.0	3.890014063232193e-05	0.0	0.0	0.0	0.0	3.461693807285388e-05	0.0	0.0	0.0	0.0	0.0	0.0	0.0	0.0	0.0	0.0	0.0	0.0	0.0	0.002255437938649956	0.0	0.0	0.0	0.0	0.0	0.0	0.0	0.0	0.0	0.0	0.0	0.0	0.0	0.0	0.0	0.0	0.0	0.0	0.0	0.0	0.0	0.0	0.0	0.0	0.0	0.0	0.0	0.0	0.0	0.0	0.0	0.0	0.0	0.0	0.0	0.00012726213612227158	0.0	0.0	0.0	0.0	0.0	2.4903089613551096e-05	0.0010925206535784466	0.0015819391311793615	0.0	0.0	0.0013332730358507163	0.0	0.0	0.005277929795715511	0.00010852503711263357	0.005465561899183928	0.02663007988701842	0.0	0.028822705664275448	0.020404604656648513	0.0001231917933739072	0.0030428013010824584	0.0	0.0	0.0011448110210248888	0.00011370469546285398	0.019840683703516316	0.0008833874119517501	0.00034114187366399596	0.0021153899025440634	0.0001469943444519175	0.0002932318192132576	6.190196279313722e-05	0.0003492461920564721	0.0	0.0	0.0	0.0	0.0	5.129293188480348e-05	0.0	0.07978382156074135	0.04641576175351995	0.0	0.0	0.00013245901214124097	0.004324289961848681	0.00017832196235233086	0.0016536863098217303	0.0001431242151137728	0.0	0.0	0.0	0.0	0.00041250894819415103	0.0	0.0	0.0	0.0	0.0	0.0	0.0005702108088516728	0.0	0.0002537143456812308	0.0001480039507241275	0.0	0.0	0.0	0.0	0.0003137730317311129	0.0	0.0	0.0	0.0	0.0031764833449144355	0.0	0.0006045365113339006	0.008541084866324778	0.0	0.0	0.00014729304896050302	0.0	0.0	0.0	0.0	0.0	0.0	0.0	0.0	0.0	0.0	0.0	0.0
0.0	1.806128375715258e-05	1.933310561059015e-05	0.0	0.0	0.0	0.0	0.0	0.00010445399243098541	0.0	0.00036452876422946967	0.00019932432181821096	0.000582333149859594	0.0002740481050144083	0.0	0.0	3.9769418263353326e-05	0.0	0.0	0.0	0.0	0.0	3.4295307611801804e-05	0.0	0.0	0.0	0.0	0.0	0.0	0.0	0.0	0.0	0.0	0.0	0.0	0.0	0.0011757506554672702	0.0	0.0	0.0	0.0	0.0	0.0	0.0	0.0	0.0	0.0	0.0	0.0	0.0	0.0	0.0	0.0	0.0	0.0	0.0	0.0	0.0	0.0	0.0	0.0	0.0	0.0	0.0	0.0	0.0	0.0	0.0	0.0	0.0	0.0	0.0	0.00012302071889567248	0.0	0.0	0.0	0.0	0.0	4.947240706095527e-05	0.005626924802984907	0.011308796551513569	0.0	0.00017803172455114647	0.02128134153520665	0.0	0.0	0.0016016417292375443	3.5823926817824783e-05	0.0025180598638215855	0.0014308996541151841	0.028822705664275448	0.0	0.053499374783241405	0.004649311213037089	0.0023905729872326243	0.0	0.0	0.0005001865036442322	0.00011197995842415033	0.0076748766560182325	0.0006752717328077238	0.00038479598493037717	0.0031440234767579995	0.000531918388694173	0.00029034862544332935	0.0006088098056122774	0.0002518310993497798	0.0	3.47254911814959e-05	0.0	0.0	0.0	0.0	0.0	0.0766887408243878	0.09882453863501424	0.0017183131311251057	0.0	0.00013151512944655988	0.001003647148879212	0.0003941552787780225	0.0015750424207994253	0.0002844104498897637	0.0	0.0	0.0	0.0	0.00012238496749926005	0.0	0.0	0.0	0.0	0.0	0.0	0.001784276955456448	0.0	0.0	0.0005691931564519266	0.000153562658836352	0.00012859634301941344	0.0	0.0	0.0	0.0	0.0	0.0	0.0	0.0001277720065203678	7.689981691285023e-05	8.438794232201198e-05	0.00025005403637710135	0.00045568525755055667	0.00014618579274957693	0.001841333316319496	0.0004218504152574073	0.00015224314032779492	0.0	0.0	0.0	0.0	0.0	0.0	0.0	0.0	0.0	0.00015189508585017228
0.0	0.0	0.0	0.0	0.0	0.0	0.0	0.0	0.0	0.0	0.0	7.053231345204508e-05	0.0	0.0	0.0	0.0	0.0	0.0	0.0	0.0	0.0	0.0	0.0	0.0	0.0	0.0	0.0	0.0	0.0	0.0	0.0	0.0	0.0	0.0	0.0	0.0	0.0	0.0	0.0	0.0	0.0	0.0	0.0	0.0	0.0	0.0	0.0	0.0	0.0	0.0	0.0	0.0	0.0	0.0	0.0	0.0	0.0	0.0	0.0	0.0	0.0	0.0	0.0	0.0	0.0	0.0	0.0	0.0	0.0	0.0	0.0	0.0	0.0	0.0	0.0	0.0	0.0	0.0	0.0	0.0007009823444280895	0.004816728575467817	0.0	0.0	0.0472266680068342	0.0	0.0	0.00023550355158978074	0.0	0.0007736653523862238	0.006104879946139282	0.020404604656648513	0.053499374783241405	0.0	0.0031934472502859594	0.005900205413591707	0.0	0.0	0.00085972668619906	0.0	0.008993000916297062	0.0011521637545301102	0.00010041527728710337	0.002717108847967393	0.00025243709979803957	0.0003373296248143374	0.0003214908575485535	0.00022657847017668606	0.0	7.16221083479422e-05	0.0	0.0	0.0	0.0	0.0	0.007753067914109244	0.052797079724996344	0.0	0.0	0.00010768467217060294	0.0017318859331008356	0.0004612132082235844	0.0003991047494274839	0.0002662175217401256	0.0	0.0	0.0	0.0	0.00012690428358451042	0.0	0.0	0.0	0.0	0.0	0.0	0.00015593532088264677	0.00012159483139313518	0.0	0.0	0.0	0.00014485779303086065	0.0	0.0	0.0	0.0	0.0	0.0	0.0	0.0	0.0	0.0	0.0	0.00017511471326098319	0.0	0.00016162523830478428	0.0	0.0	0.0	0.0	0.0	0.0	0.0	0.0	0.0	0.0	0.0	0.0
0.0	0.0	0.0	0.0	0.0	0.0	0.0	0.0	0.0	0.0	0.0	0.0	0.0	0.0	0.0	0.0	0.0	0.0	0.0	0.0	0.0	0.0	0.0	0.0	0.0	0.0	0.0	0.0	0.0	0.0	0.0	0.0	0.0	0.0	0.0	0.0	0.0	0.0	0.0	0.0	0.0	0.0	0.0	0.0	0.0	0.0	0.0	0.0	0.0	0.0	0.0	0.0	0.0	0.0	0.0	0.0	0.0	0.0	0.0	0.0	0.0	0.0	0.0	0.0	0.0	0.0	0.0	0.0	0.0	0.0	0.0	0.0	0.0	0.0	0.0	0.0	0.0	0.0	0.0	0.0009002227939232966	0.0018953185161272455	0.0	0.00042608877530357555	0.01717342306955628	0.0	0.0	0.0	0.0005579707750999454	0.00019092367736871715	0.0	0.0001231917933739072	0.004649311213037089	0.0031934472502859594	0.0	0.000610799792208204	0.0	0.0	0.0	0.0	0.0	9.727883063750626e-05	0.0	0.0004406285222523689	6.224994765753703e-05	4.359674707585157e-05	0.0	0.00011049020079595292	0.0	4.135359461680476e-05	0.0	9.219441476891792e-05	0.0	0.0	0.0	0.014934963312788232	0.09309639241919848	0.002981346872953108	0.0	2.9937566701341586e-05	0.0	0.0	0.0	0.0	0.0	0.0	0.0	0.0	0.0	0.0	0.0	0.0	0.0	0.0	0.0	0.005617407136170392	0.0	0.0	0.0016584446515856362	0.0005273130103701262	0.0009491634604341449	0.00044817160149444857	0.0	0.0	0.0	0.0	0.0	0.0	0.0	0.00011921310802655728	0.0	0.0	0.0005081563351045454	0.0	0.0049089624870351295	0.002003259515761274	0.0	0.0	0.0	0.0	0.0	0.0	0.0	0.0	0.0	0.0	0.0
0.0	6.003744821789259e-05	0.0	0.0	0.0	0.0	0.0	7.633048232554786e-05	0.0	0.00010464317359674452	0.0	0.0	0.0	0.0	0.0	0.0	0.0	0.0	0.0	3.688458858284186e-05	0.0	0.0	0.0	0.0	0.0	6.356005097864137e-05	0.0	0.0	0.0	8.80096830039457e-05	0.0	0.0	0.0	0.0	1.8811280592907043e-05	3.195324347450025e-05	0.0	3.603277806791584e-05	0.0	0.0	0.0	0.0	0.0	0.0	0.0	0.0	0.0	0.0	0.0	0.0	0.0	0.0	0.0	0.0	0.0	0.0	5.3904216433174725e-05	0.0	0.0	0.0	0.0	0.0	0.0	0.0	0.0	5.5337123268350994e-05	0.0	0.0	0.0	0.0	0.0	0.0	0.0	0.0	0.0	0.0	0.0	0.0	0.0008706653487374616	0.0024713209284560147	0.001382944078422346	0.024373044797851882	0.02574796506266551	0.009687282414379727	0.07832205158954367	0.002382650093933453	0.00024244277389055138	0.0015572211938666874	7.590416228932977e-05	0.001981355137248444	0.0030428013010824584	0.0023905729872326243	0.005900205413591707	0.000610799792208204	0.0	0.00020067891378546218	9.46908897208564e-05	0.0012843062150745632	0.00010302773365795283	0.008790815328871885	0.005736544278775076	0.008580806280474616	0.0024976757567299495	0.010144687147370086	0.004637846160014275	0.0015532704031150936	0.0010923790820513129	0.005131897279665216	0.004244130198639974	0.004799141199631342	0.03979565692022229	0.0026599213416065998	0.0015043345370156153	0.0001912167287040524	0.0009878826850198154	0.051443076975641246	0.0003403098217001627	0.010366049342644963	0.01532171271127118	0.004232755961858484	0.0042419725776189285	0.0010448181074228509	0.0011225323380509207	2.2558207591278413e-05	0.0	0.0	0.0	0.0	0.0	0.0	0.0	0.0	0.0	0.0	5.392609238632047e-05	4.912793766395028e-05	0.0	0.0	0.0	0.0	0.0	5.486116610862132e-05	0.0	5.531025256700443e-05	0.0	0.0	0.0	0.00020959444078465843	0.00028851742949356925	8.654985615805335e-05	0.0	0.0	5.525275785173179e-05	0.00010918141432482788	0.0	0.0	0.0	0.0	0.0	0.0	0.0	0.0	0.0	0.0	0.0	0.0
0.0012525179810268395	0.005185307021823258	0.0001930861611629358	0.0	2.1061318959256448e-05	0.0	0.0	0.0333810968499341	0.0	0.0090357800779056	6.821503452015594e-05	6.524527671619294e-05	7.240258852090196e-05	3.76652166838953e-05	0.0	0.0	0.00019633029220628842	0.005555492032432455	0.00029906125312241023	0.0001271606516556025	6.266089767573983e-05	0.0	6.702230343197621e-05	0.00010704851179655613	2.318803171242642e-05	2.792439310340693e-05	1.8226438211473643e-05	0.0	0.0	0.0020275813872314445	0.001447763386068963	0.0	0.0	0.0	0.01612054132541426	0.034427217259647085	0.0003326507552381166	0.0004050199062109417	0.0	0.0	0.0	0.0	0.0	0.0	0.0	0.0	0.0	0.0	0.0	0.0	0.0	0.0	0.0	0.0	0.0	0.0	4.367555793799936e-05	0.0003219939580614259	0.0005043259607138328	0.00013255885199570973	4.5218766913847884e-05	0.0	4.4492036845244094e-05	0.0	0.00022446433421119215	0.0	0.0005427767509376343	0.0	0.0002681793802459626	4.203602457507688e-05	3.5216310762844206e-05	0.0010292744595850347	0.0	4.505777184917074e-05	0.0	8.834808734949849e-05	0.00013223639487768872	0.0	0.0226667174672127	0.005942470088575744	0.0027515393487953952	0.0011067424653676977	0.0004120162954647639	0.0	5.640190381533796e-05	0.12240971620127467	0.0006808687397909552	0.02610473122817744	0.0009773993987839597	3.380670405116163e-05	0.0	0.0	0.0	0.0	0.00020067891378546218	0.0	0.034280956464458404	0.00031648827781642023	0.001882673501690556	4.066183648758853e-05	0.00024523169686332014	0.0	0.003784639074901485	8.268431549108253e-05	0.0005561245978059909	0.0	8.44415677027202e-05	0.004945069310360415	0.002882882830905015	5.617934456277819e-05	7.157924110965449e-05	0.00040318447835778476	0.12432253504046183	0.08110053751375514	0.006848512509646392	0.0028689639932349257	0.0010435828702149718	4.06452540394282e-05	9.324678676010908e-05	0.0	9.043753092716808e-05	0.0	6.920983638175635e-05	2.054466272285859e-05	0.0	0.00037218235155132254	0.0	4.985601068752184e-05	0.0	0.0	0.0	0.0	0.0	0.0	0.0020097361205347964	0.026235141819229094	0.003914716716093113	0.004949137991093254	0.0009948128721052516	0.0038068379912818747	0.0020935791886133206	8.860335321133517e-05	0.001078765099507486	4.459406661546554e-05	0.0005842840254303797	0.0	0.0008051700895124708	0.002006047748402989	0.02660221194733262	0.05718917963045949	0.0	0.0008113150395218512	0.0014258138981921955	0.01001640884393001	0.012371095594715447	0.0003608292452814207	0.00044193631093403295	0.0	0.0	0.0	0.0	0.0	0.0	0.0	0.000583213191434171	0.00013521917325361532
0.0	0.0001340317240681906	0.0	0.0	0.0	0.0	0.0	0.0	0.00015544887533168526	2.9955564618218665e-05	0.0004727806506848451	0.0	0.0	0.0	0.0	0.0	0.00045445581274233387	0.0	0.04845729150602741	0.030126761720127137	0.00037952081144672866	0.0014365717389518374	0.002613585497217266	0.007571317234020029	0.0008202647060023683	0.013827318938594513	0.0030175488662462753	0.0003124205629669989	0.0	0.0	0.0046924269066857035	7.164785363561249e-05	0.0	6.608896568923563e-05	0.014731321805558905	0.0	0.0002650589330338343	0.0015725784552193254	0.00015869771251848046	0.0007118725895245034	0.00041667951657019763	0.0	0.00022663369086026497	0.0	5.63859449855758e-05	0.0	8.942320545904118e-05	0.0	0.0	0.0	0.0	0.0	0.0	0.0	0.0	0.0	0.0	0.0	0.004157745876908361	0.0	0.0	0.0	0.0	0.006325664386528298	0.002831311504167338	0.0029953107967827146	0.019010701758310895	0.0	0.004132501549111274	0.0	0.00020719784339428795	0.00010602357321350982	0.0	0.0	0.0	0.0002567785106082713	0.0	0.0	0.0	0.00023724740905847175	0.0	0.0	0.0	0.0	0.0	0.0008839216063677429	0.0006425930065014101	0.007185040204715624	0.0005857557706389404	0.0	0.0	0.0	0.0	0.0	9.46908897208564e-05	0.034280956464458404	0.0	0.024973890285950692	0.0049593306537547115	0.001538523983229792	0.028228535686212024	0.02674277552151262	0.0023449920633638282	0.010889858162949989	0.00016385065679708574	7.527353616594089e-05	0.00024452685435005263	0.0	0.004404311455807171	0.0	0.00030213735671597247	0.00014326137055250583	0.0991361696332837	0.0	8.389070672258613e-05	0.008344555219271245	0.013126235666605458	0.0006826175426985175	0.0008888167555043074	0.0	8.40321781807368e-05	0.00013096210175509403	7.682078560888324e-05	0.0003675104955065657	0.0001219357621182846	0.002390420888156876	0.0	0.00046789748662360426	0.0003440580989048945	0.0001508318716005797	0.0	0.0	0.0	0.0	0.0	0.0	0.02912319410434713	0.0	0.0	0.0	0.0	0.019847557846161806	0.018548433387766388	0.011952668632695373	0.030090306624782934	0.0	0.013565127930831897	0.0017072747026963095	0.023825644276198404	0.03168981184320717	0.0	0.0	0.0008108108135953425	0.005868107948937027	0.0	0.0	0.0	0.0	0.0	0.0	0.0	0.0	0.0	0.0	0.0	0.0
0.00011142906988882373	3.427172033379309e-05	9.138287114859778e-05	0.0	0.0	0.0	0.0006183794880018715	3.222184316774201e-05	7.959441687852237e-05	0.0	0.0	0.0	0.0	0.0008610121754472257	0.0	0.0	0.005118171084968099	3.452101106125718e-05	0.013368451962599516	0.03762538423376546	0.0006215935301829037	0.008974723235507267	0.0010264829203155933	0.0014543323675800697	0.0004588195635937706	0.0027157077862779507	0.0019880364976945187	5.2815135072751935e-05	0.0	0.0002471984094407082	0.011088284079807425	2.93728729951034e-05	0.0	0.00018813055149802786	0.015459441313336084	0.0	5.731004302416466e-05	0.01462695386086392	0.00040218788975697077	0.0005106515396153065	0.0006763008916919765	4.467152001988749e-05	0.00033852637171490627	0.0	0.0008172970423959468	0.0	0.00021055385592814164	0.0003684368327703167	0.0	0.0	0.0	0.0	0.0	0.0	0.0	0.0	0.0	0.0	0.004650528249289556	0.0	0.0	0.0	0.0	0.026902359816347417	0.003622197112592892	0.01152694383589253	0.05177140607281917	0.0	0.0032785292653766678	0.0	0.0	0.0	0.0006295635704828854	0.0	0.0	0.0	0.0	0.0	0.018679457340863882	0.0018711275668124735	0.0005149612416056825	4.2499854532509546e-05	0.00012872090426718278	5.4759432194616896e-05	0.00030638346123244457	0.0012919725503165835	0.0	0.0	5.5306418039011565e-05	0.0006483049855119012	0.0011448110210248888	0.0005001865036442322	0.00085972668619906	0.0	0.0012843062150745632	0.00031648827781642023	0.024973890285950692	0.0	0.02014345907695881	0.055340044122905656	0.030321155772941324	0.02876325706845025	0.019711369932494293	0.02779894142719771	0.011491924429011613	0.007983273627312477	0.031388977492164814	0.00877712490376561	0.027589556809347594	0.0006090223637661255	0.0001365235131805797	0.003804745383203412	0.01874434412112006	0.006319767010120388	0.00011079728789595862	0.010470512524020528	0.008129050807887712	0.0003335972049201409	0.0023165906166925207	0.016712174828481748	0.016824387689522147	0.059479573160975095	0.02425710190697104	0.0001109206077080269	6.507486936459075e-05	0.001555870726482511	0.0	0.00029087826599479954	6.733930026333374e-05	3.0627584500167474e-05	0.0	0.0	0.0	0.0	0.0	8.273293452131967e-05	0.0031407322132166343	0.0	0.0	0.0	0.0	0.10652719137027854	0.011105286504491775	0.028638698918475626	0.055250377741079944	0.0	0.004516102298327973	0.0	0.0	0.0	0.0010920633817660815	0.0	0.00040688813349105913	0.007562036359460184	9.899394945018388e-05	0.0	0.0	0.0	6.186354209901015e-05	0.0	8.742295091378182e-05	0.0	0.0	0.0	0.0	0.0
0.0	0.0	0.0	0.0	0.0	0.0	0.0	0.0	0.0	0.0	0.0	0.0	0.0	0.0	0.0	0.0	3.3331825896268784e-05	0.0	0.0006873252640522487	0.0010622904822265506	0.00023616625780352067	7.371461780766555e-05	2.9398867730164207e-05	3.756583511645645e-05	3.0883842350329146e-05	0.00011969034432916701	6.799783693552064e-05	0.0	0.0	1.9837214064810735e-05	0.00018704190522018802	0.0	0.0	0.0	0.0006416019086429799	0.0	0.0	0.00014050942089906214	0.00020981508567374948	0.0	0.0	0.0	0.0	0.0	2.3006039561494366e-05	5.3366616770716616e-05	0.0	0.0	4.415691592307641e-05	0.0	0.0	0.0	0.0	0.0	0.0	0.0	0.0	0.0	0.00015328218718926225	0.0	0.0	0.0	0.0	0.0	8.673817150945798e-05	0.0	0.00015146225407772847	0.0	8.600834075218902e-05	0.0	0.0	0.0	7.701123286500824e-05	0.0	0.0	8.409422095947664e-05	0.0	0.0	6.625005357151667e-05	1.592556189361674e-05	0.0005322412083809865	7.875318757242104e-05	0.0	0.0	0.0	0.0005121093273740823	0.0	0.0003661806220321273	0.0	0.0	0.00011370469546285398	0.00011197995842415033	0.0	0.0	0.00010302773365795283	0.001882673501690556	0.0049593306537547115	0.02014345907695881	0.0	0.03083749611616736	0.013419262193544314	0.0054588038075705685	0.010308877705196897	0.007087957549921811	0.006325307554984378	0.0026313441534710374	0.013952702750619824	0.00042238252997857704	0.004041160934635001	4.0235026258282844e-05	0.0	0.00034556922779039196	0.030531028784062157	5.0641340581181345e-05	5.020763864353175e-05	0.0026341921809647077	0.002470379335746109	0.0	0.0013527744676677764	0.0008876791595334817	0.0014209187447047796	0.008036578215807253	0.003421967959643824	7.909695503614221e-05	3.067471844847563e-05	0.0002977211755107266	0.00010001220516447508	0.00023834477729214328	0.0	2.8971558606179265e-05	0.0	0.0	0.0	0.0	0.0	0.00014333434260615572	0.00030745099150141495	0.0	0.0	0.0	0.0	0.0025367397001600004	0.0004347313430818965	8.56296100507431e-05	0.0012107779315421385	0.0	0.00017227686089904207	0.0	5.598997921205523e-05	0.0010175716484242148	0.0003889634671205167	0.0	8.549188030294154e-05	0.00041958600176195013	0.0	0.0	0.0	0.0	5.546030385401345e-05	0.0	0.0	0.0	0.0	0.0	0.0	0.0
0.0	0.0	2.0959445818796255e-05	0.0	0.0	0.0	0.0	0.0	0.0	0.0	0.0	9.060196604492192e-05	0.0	0.0014422888403348242	0.0	0.0	0.001041105179229137	0.0	0.00028034362840992925	0.0021114864574809616	0.0	0.004046113613293489	0.0010340048748471804	0.00011267627621902429	0.0002552168077213613	0.0002469942106738595	0.00031206485103562096	0.0	0.0	0.0	0.00047396617245436663	0.0	0.0	0.0	0.0006334459459459195	0.0	0.0	0.0023235475323523298	0.0005526552491554552	0.0	7.8350753570949e-05	0.0	0.00013441910131119003	0.0	0.00014452169172255765	0.0	0.0	0.0	0.0	0.0	0.0	0.0	0.0	0.0	0.0	0.0	0.0	0.0	0.0007180702077328778	0.0	0.0	0.0	0.0	0.006162023068273802	0.0	0.002500484348336786	0.005075387916248833	0.0	0.0	0.0	0.0	0.0	0.0019440348192430346	0.0	0.0	0.0	0.0	0.0	8.238811995880789e-05	3.7090495774007824e-05	0.00031217591892166477	0.0	0.0	0.00017765090835378215	0.0	0.0	0.002802779309373728	0.0	0.00036109479649591594	0.012445224646102706	0.019840683703516316	0.0076748766560182325	0.008993000916297062	0.0	0.008790815328871885	4.066183648758853e-05	0.001538523983229792	0.055340044122905656	0.03083749611616736	0.0	0.04508188973075248	0.006258688171396071	0.08702838146538115	0.014460313674878992	0.010705398629589143	0.015791256037054873	0.05051567350430771	0.00017136701036531992	0.0010894244230638132	0.0	4.4852459270916e-05	0.000448479750196003	0.0027802141274083573	0.0	9.051967742255831e-05	0.01285350032761763	0.010758983715835954	0.0	0.0032936448470467987	0.046626307853375716	0.004173099041233157	0.18633698567990678	0.009167347731973897	0.0001032411938830505	0.0	0.0	0.0	0.0007317339245686319	0.0	0.0	0.0	0.0	0.0	0.0	0.0	0.0	0.0012076602804608752	0.0	0.0	0.0	0.0	0.05141671077285791	0.0	0.01958523974787126	0.010127332793072414	0.0	0.0	0.0	0.0	0.0	0.01606138691939059	0.0	0.0	0.00032824095524431365	0.0	0.0	0.0	0.0	0.0	0.0	0.0	0.0	0.0	0.0	0.0	0.0
0.0	0.0	0.0	0.0	0.0	3.7256882962361555e-05	0.0	0.0	0.0	0.0	0.0	0.0	0.0	0.0	0.0	0.0	0.0004287697020734495	0.0	0.051589320080371454	0.01755595498325618	0.0001755233573414484	0.00023945738211847965	0.01642889239984506	0.02628582032166546	0.001713100899590879	0.054973239383585996	0.02721947546586944	0.003307844736474102	0.0001911983943232899	0.0	0.0027669831959362054	0.0	0.0	6.56968750514146e-05	0.011373581365811694	0.0	0.0	0.0020582166088815254	0.00013880523716238978	4.777668423054894e-05	2.397453922967806e-05	0.0	0.000703187389452512	0.0	0.0001181531278909803	2.232575311014998e-05	5.308237440772174e-05	9.981188153332592e-05	0.0	2.8034364581324175e-05	0.0	0.0	3.650628716289475e-05	0.0	0.0	0.0	0.0	0.0	0.0006384271428185622	0.0	0.0	0.0	0.0	0.002564666619643015	0.0004776141863242373	0.0011061867720701894	0.0038987642704456683	0.0	0.00026397076244632405	0.0	0.0	0.0	0.0	0.0	0.0	0.0	0.0	0.0	5.703671833388932e-05	0.00011411153830134753	0.00017794166535353042	3.0571215198541586e-05	0.0	0.0001093186451779189	0.0	2.3549660767150493e-05	0.0	4.9893445194378465e-05	3.6680958323948044e-05	0.00026770342018566534	0.0008833874119517501	0.0006752717328077238	0.0011521637545301102	9.727883063750626e-05	0.005736544278775076	0.00024523169686332014	0.028228535686212024	0.030321155772941324	0.013419262193544314	0.04508188973075248	0.0	0.1721713230578807	0.07765073999596214	0.04139906678163694	0.012486090156357444	0.02937411199432552	0.015157570079243067	0.0	0.0009519530795390623	0.0	2.598752719237015e-05	8.275297152531478e-05	0.03149682161050607	0.0	7.344301024338091e-05	0.14315010064600353	0.056231616036072796	0.0	0.004164212689422841	0.006043907441602374	0.008154176787416551	0.014223438418073045	0.01353845588238418	0.0006630882452912173	0.00015032001142469662	0.004674676009404954	3.661357853199739e-05	0.000681497286219521	0.00020806296743675827	9.562212891520426e-05	0.0	0.0	0.0	0.0	0.0	0.0	0.006592893140299304	0.0	0.0	0.0	0.0	0.04346709424789479	0.011585842104438918	0.01700634191285369	0.008134692587770997	0.0	0.00026421571394998604	5.000610258223754e-05	0.00019860933317873054	4.162997648747104e-05	4.958008130272431e-05	0.0	0.0007889866179050649	0.001975953673788845	0.0	0.0003735413436538926	0.0	0.0	0.0	0.0	0.0	0.0	0.0	0.0	0.0	0.0
0.0	0.0	0.0	0.0	0.0	0.0	0.0	0.0	0.0	0.0	0.0	0.0	0.0	0.0	0.0	0.0	0.0006073257678699855	0.0	0.03406576212194095	0.010659959821100708	0.00016596529745838544	0.0	0.010583353128036944	0.04040632389331504	0.0012178098554421863	0.08144434470052503	0.017279875473232603	0.002022741609607055	0.0002669760519959452	0.0	0.005055948016713571	0.00010298337843719627	0.0	0.0	0.011572242437562935	0.0	0.0	0.0011119906173213236	5.804435803277325e-05	0.0	0.0002946999474351568	0.0	0.00026614148380446184	0.0	4.310647279803234e-05	7.4245462087618e-05	6.007363548799275e-05	6.388600326016397e-05	3.909853249671456e-05	0.0	0.0	6.0200638999417676e-05	4.346365530859339e-05	0.0	0.0	0.0	0.0	0.0	0.0005006969541524524	0.0	0.0	0.0	0.0	0.0015623956776345546	0.00013832360652555651	0.0005479706393894355	0.0037187373006002215	0.0	0.00020609097005608751	0.0	0.0	0.0	0.0	0.0	0.0	6.747036454570583e-05	0.0	0.0	4.1482689425243355e-05	0.0	0.00015859668633881526	0.0	0.0	4.336908575472899e-05	3.617501237088114e-05	0.0	0.0	0.0	0.0	0.0001378453144225332	0.00034114187366399596	0.00038479598493037717	0.00010041527728710337	0.0	0.008580806280474616	0.0	0.02674277552151262	0.02876325706845025	0.0054588038075705685	0.006258688171396071	0.1721713230578807	0.0	0.0072257745462681955	0.05156998704292375	0.01949665749326543	0.017925145883785115	0.01701487394354672	3.7988245210367984e-05	0.002186772715462122	0.0	2.932965188964252e-05	0.00021965840891360945	0.03126530974308142	0.0	0.0	0.08345346965182998	0.06258128806001435	0.00023828371780010635	0.01770558938136828	0.00458258313421317	0.0053649784044609745	0.0069469605000471195	0.004261802837613507	0.001517449475466666	0.0005629040664777855	0.007332593241634449	0.0001744633075926087	0.001145542078715061	0.000305399896104082	0.0008011427387260818	0.0	0.0	0.0	0.0	6.634745116232985e-05	0.0	0.02032609331699052	0.0	0.0	0.0	0.0	0.02975040484674918	0.015452572072621228	0.015333957029136243	0.019139594630425937	0.0	0.002819978252166751	0.0	0.0	0.0	0.0	0.0	0.0009571396266971389	0.0049843711656576755	0.0	0.0006966337228489158	0.0	0.0	0.00019083228681836373	0.0	6.159589668693367e-05	0.0	0.0	6.488422197049992e-05	0.0	0.0
0.0	0.0	0.0	0.0	0.0	0.0	0.0	0.0	0.0	0.0	0.0	3.1618705562988414e-05	0.0	0.0	0.0	0.0	2.3968774385231142e-05	0.0	0.0005049838288090635	0.00037003277375724676	0.0	0.0	0.0014212462516814664	0.0002869101792595711	0.00011338130001672798	0.0008155659879579279	0.0005193535701325499	0.00015375217211518346	0.0	0.0	2.2832110941411325e-05	0.0	0.0	0.0	0.0004959167161315874	0.0	0.0	6.047690484805917e-05	0.0	0.0	2.168454287736601e-05	0.0	2.752338037175194e-05	0.0	1.8120392628881677e-05	0.0	0.0	0.0	0.0	0.0	0.0	0.0	0.0	0.0	0.0	0.0	0.0	0.0	8.075123189811425e-05	0.0	0.0	0.0	0.0	0.0	0.0	0.0	0.00020060821866407357	0.0	4.283320611878931e-05	0.0	0.0	0.0	0.0	0.0	0.0	0.0	0.0	0.0	0.00014034453619596722	0.00046972470301787035	0.00040365958275563423	0.0	0.0	6.279909151164053e-05	0.0	0.0005120727630324316	0.00011564530308426702	0.0008541186484216519	0.0001263145262199596	0.0007200550081441808	0.0021153899025440634	0.0031440234767579995	0.002717108847967393	0.0004406285222523689	0.0024976757567299495	0.003784639074901485	0.0023449920633638282	0.019711369932494293	0.010308877705196897	0.08702838146538115	0.07765073999596214	0.0072257745462681955	0.0	0.009743432411170894	0.00546125071936303	0.03033196288535512	0.03733711096827604	0.0017090522457101289	0.002380255107798995	0.0	0.0	2.4595796574436682e-05	0.019789161896429878	0.00028602022940396593	0.0002844781052340471	0.12570495881665553	0.017923737591022875	0.0	0.0008792103927510379	0.0050954266721760675	0.006699602631383288	0.01752019000723009	0.014089170535520492	0.00026184480673686097	0.00013537989276596866	0.00107334598909765	3.15286811719952e-05	0.0007301257722633841	0.0	4.3256147013450845e-05	0.0	0.0	0.0	0.0	0.0	0.0	0.0011726744387522108	0.0	0.0	0.0	0.0	0.012911009365820772	0.0028853257036806665	0.0015386063704708945	0.0009625319128144301	0.0	0.00012859633721831818	8.195901539395513e-05	0.0006085206729208761	0.0008442964411906214	4.0692968097848105e-05	0.0	0.0	0.00033846528031682545	0.0	0.00021603459433794782	0.0	0.0	0.0	0.0	0.0	0.0	0.0	0.0	0.0	0.0
0.0	0.0	1.6834825065842085e-05	0.0	0.0	0.0	0.0	0.0	0.0	4.52495620602635e-05	0.0	0.0	0.0	0.0	0.0	0.0	0.0005788997535345412	0.0	0.010571839392171765	0.0027624905446132003	0.00016672883841544768	6.103010367201458e-05	0.003420711567269653	0.013179591052443991	0.00022727972470880825	0.03295772927119551	0.009139604230262421	0.001100771507790537	0.00010710603551734493	0.0	0.004269598205302161	2.5819214038374787e-05	0.0	0.0	0.002501135034668591	0.0	0.0	0.0009515768491123044	0.00011683723217017998	0.00018253143871502456	0.0002955739500632302	0.0	0.0005018393534352158	0.0	6.48138937687951e-05	0.0	0.0	0.0	3.9267991368222684e-05	0.0	0.0	3.020065534831964e-05	0.0	0.0	0.0	0.0	0.0	0.0	0.0008192921687676549	0.0	0.0	0.0	0.0	0.001505755070101647	0.0002787752890631059	0.0006211630420553765	0.002621046282035847	0.0	0.00027688740185058386	0.0	0.0	0.0	0.0	0.0	0.0	0.00013595316049996303	0.0	0.0	0.0005405123606465979	0.0003657886300130453	0.0013980982896262327	0.0001772086787971714	2.796357084124067e-05	0.0	0.00018160015601240246	0.0	0.0	0.0	0.0	4.618265180591265e-05	0.0001469943444519175	0.000531918388694173	0.00025243709979803957	6.224994765753703e-05	0.010144687147370086	8.268431549108253e-05	0.010889858162949989	0.02779894142719771	0.007087957549921811	0.014460313674878992	0.04139906678163694	0.05156998704292375	0.009743432411170894	0.0	0.12370484085541364	0.07958036013129961	0.056384800683544276	0.0013514159120981129	0.030378453546636215	0.0007949845970122482	0.00011769963549610336	0.010926625192214368	0.02611924192611129	4.431398944325208e-05	0.0	0.11571137474527371	0.06416524565394557	0.0023986080520774188	0.03413987139447321	0.010433552790871579	0.016176699155142523	0.014221023895279588	0.014257503958563896	0.001300688185866686	0.0004799594236639703	0.008489740107400669	8.765361430487042e-05	0.000869869273753856	0.000307125294468323	0.000428539282328601	4.4852459270916e-05	0.0	0.0	0.0	0.0	0.00017885977665555277	0.019583405671674693	6.801136945466907e-05	0.0	0.0	0.0	0.029018699660836523	0.015013042824264296	0.010070542551931834	0.01527986865674131	0.0	0.0030494681384713824	0.0	0.0	0.0	0.0	0.0	0.0011021908748551858	0.005496730120223142	6.762487687963356e-05	0.00042121895377542404	0.0	0.0	9.592123369980119e-05	0.0	0.00024807010613096423	0.00012036492829790846	0.0	0.0	0.0	0.0
1.7720867879717856e-05	1.4302835771539422e-05	0.0	0.0	0.0	0.0	0.0	0.00011738770737706071	0.0	3.915998646365638e-05	0.0	0.0	0.0	0.0	0.0	0.0	5.038532057620349e-05	0.0	0.0007783066163230984	0.00016445901829358772	0.0	4.29948944150476e-05	0.00025167212451864955	0.000302924499453834	0.0	0.0014385415899250296	0.0006875815712117408	0.00013117757786292714	0.0	0.0	0.0001675799049391503	0.0	0.0	0.0	0.0003011476540224071	0.0001156508953459174	0.0	0.00016106364818774585	0.0	0.0	4.5362840165953183e-05	2.9459698078713006e-05	4.246966995197794e-05	0.0	0.0	0.0	0.0	0.0	0.0	0.0	0.0	0.0	0.0	0.0	0.0	0.0	0.0	0.0	8.794851909207448e-05	0.0	0.0	0.0	0.0	0.0002792797992435615	0.0	0.0002808703568085096	0.0005240779798044796	0.0	0.0	0.0	0.0	0.0	0.0	0.0	0.0	0.0	0.0	0.0	0.0015825165031925772	0.0011864543226421237	0.005485859126081499	0.0005414872995372603	2.3455439279344828e-05	3.3533701322010197e-05	2.9064498050590897e-05	4.460155003616376e-05	4.18155595201382e-05	0.0	0.0	7.011056178310768e-05	0.0002932318192132576	0.00029034862544332935	0.0003373296248143374	4.359674707585157e-05	0.004637846160014275	0.0005561245978059909	0.00016385065679708574	0.011491924429011613	0.006325307554984378	0.010705398629589143	0.012486090156357444	0.01949665749326543	0.00546125071936303	0.12370484085541364	0.0	0.09401238204963186	0.06548425853127696	0.0026426210289186487	0.043117726258815416	0.0010710136592083834	0.0001223749576989253	0.015221129564614343	0.012785300567397276	0.0001019040545292053	3.3772335426330653e-05	0.04153148615775358	0.012447292828644005	0.0019108637215607932	0.029048314412201855	0.006845247545397913	0.05864552321376573	0.012014069415140202	0.0509678100599428	0.0002729894779856659	9.45785629957859e-05	0.0009079849894642917	3.368102899194345e-05	0.0001536021005243211	3.7865563519436224e-05	2.2619647055466893e-05	3.428350817169611e-05	0.0	0.0	0.0	0.0	0.00029603145972074014	0.0025987813592742654	0.0	0.0	0.0	0.0	0.005065303104762768	0.002076049298790495	0.0013101897923321715	0.0016588533623787566	0.0	0.0005163842546625089	0.0	0.00010888073454125347	0.0	0.0	0.0	0.00023375668334950077	0.0015733999839853156	0.0	4.735387966176553e-05	0.0	0.0	0.0	4.036539440850623e-05	0.0	0.0	0.0	0.0	0.0	0.0
0.0	0.0	0.0	0.0	0.0	0.0	0.0	0.0	0.0	0.0	0.0	0.0	0.0	0.0	0.0	0.0	0.0	0.0	6.863785359169743e-05	0.00020752142882647306	0.0	0.0	0.0001227744505420312	7.941208246262888e-05	9.694762835923263e-05	0.00016927755228489223	9.371148398218001e-05	0.0	3.02189694252192e-05	2.0418390150203404e-05	0.0	0.0	0.0	0.0	6.619138703376581e-05	0.0	0.0	5.021080024375694e-05	0.0	0.0	0.0	0.0	0.0	0.0	0.0	0.0	0.0	0.0	0.0	0.0	0.0	0.0	0.0	0.0	0.0	0.0	0.0	0.0	0.0	0.0	0.0	0.0	0.0	9.656016700029216e-05	0.0	0.0	0.0	0.0	0.0	0.0	0.0	0.0	0.0	0.0	0.0	0.0	0.0	0.0	0.0	3.2595964894180745e-05	5.1117537036379504e-05	0.0	0.0	5.349552304337989e-05	0.0	0.0	0.0	0.0	0.0	5.7475293196659565e-05	6.190196279313722e-05	0.0006088098056122774	0.0003214908575485535	0.0	0.0015532704031150936	0.0	7.527353616594089e-05	0.007983273627312477	0.0026313441534710374	0.015791256037054873	0.02937411199432552	0.017925145883785115	0.03033196288535512	0.07958036013129961	0.09401238204963186	0.0	0.09437639993117104	0.0	0.0004034905415634207	0.0	0.0	3.635978324935038e-05	0.00032799019393766986	0.0	0.0001082108204590594	0.03546566382314211	0.004083871102295141	8.050255608738894e-05	0.001833976777291758	0.0032549738238120286	0.006517366258436051	0.010625745250316652	0.01817420431049729	5.480459956954696e-05	6.417396412912693e-05	0.00058330696333662	0.0	0.0002147891413906332	6.54380589155717e-05	0.0	0.0	0.0	0.0	0.0	0.0	0.0	0.0004319521514566109	0.0	0.0	0.0	0.0	0.002309611964306011	0.0007947144977343255	0.0014643637712267571	0.0004244555332350596	0.0	0.0	0.0	0.0	0.0	0.0	0.0	0.0	0.00038161890736704697	0.0	0.0	0.0	0.0	6.0255238965126114e-05	0.0	0.0	0.0	0.0	0.0	0.0	0.0
1.648943764456736e-05	0.0	0.0	0.0	0.0	0.0	0.0	4.2727614472371124e-05	0.0	0.0	0.0	0.0	0.0	0.0	0.0	0.0	2.2774717745400687e-05	0.0	0.0001002973815047635	8.6662745589962e-05	0.0	0.0	0.0	9.86998336127324e-05	2.1604631256266746e-05	0.00012829836074792524	0.0002068037223710133	0.0	0.0	1.55479188986706e-05	0.00013047632043023739	2.0072943267640036e-05	0.0	0.0	4.945194947709541e-05	0.0	3.010031949971195e-05	2.836246617091015e-05	3.545434445317699e-05	0.0	0.0	0.0	0.0	0.0	1.742954962339157e-05	0.0	0.0	0.0	0.0	0.0	0.0	0.0	0.0	0.0	0.0	0.0	0.0	0.0	3.7099124912236545e-05	0.0	0.0	0.0	0.0	7.782686191090049e-05	0.0	0.0	3.688458858284186e-05	0.0	0.0	0.0	0.0	0.0	0.0	0.0	0.0	0.0	0.0	0.0	0.0013008961190925047	0.0004041767378867467	0.004903410598117498	0.0002035479528681276	0.00017076403809197479	0.0	0.0	0.0	0.0	0.0	0.0	0.00015271554431295082	0.0003492461920564721	0.0002518310993497798	0.00022657847017668606	0.00011049020079595292	0.0010923790820513129	8.44415677027202e-05	0.00024452685435005263	0.031388977492164814	0.013952702750619824	0.05051567350430771	0.015157570079243067	0.01701487394354672	0.03733711096827604	0.056384800683544276	0.06548425853127696	0.09437639993117104	0.0	0.002278980242170323	0.004646695769099072	0.00030958995037951595	0.00017749272392268828	0.0046446767914992285	0.0021369717978339236	0.0	2.9564570388560948e-05	0.022129363104307152	0.004203050558132937	0.0003961994012515583	0.007396732422360042	0.0026104457700448515	0.0160420543532824	0.014418062536764916	0.03920865294691394	3.858387909055097e-05	2.1502085188052198e-05	0.00021943961747638723	0.0	0.0005083625294502364	0.0	0.0	0.0	0.0	0.0	0.0	0.0	0.00010767981954937549	0.00059441578813006	0.0	0.0	0.0	0.0	0.003769451503014163	0.0006690716723356939	0.0007426172315478601	0.0007742898322427472	0.0	3.9190784510618586e-05	0.0	0.0	0.0	0.0001494675569875081	0.0	0.00011716918859159479	0.0005034176039636747	0.00015458988305332242	0.0	0.0	0.0	0.0	0.0	0.0	0.0	0.0	0.0	0.0	0.0
0.00023054249179015586	3.439393648634309e-05	3.589273513097802e-05	0.0	3.1379772701949435e-05	0.0	0.0004971714624432347	5.008148789402685e-05	0.0	1.4623941232921102e-05	0.0	0.0	0.0	0.0	0.0	0.0	0.0007718949490778397	0.0005014230736551324	0.0	0.00020959445818794417	0.0	0.0	0.0	0.0	0.0	0.0	2.8121378200727006e-05	0.0	0.0	0.022761469584657593	0.02462779354226217	0.00044506228079466847	1.9622397832276856e-05	0.0001396387350507015	0.029921697236097836	0.01086803121753769	0.0020942871999781927	4.136324764940232e-05	0.0	0.0	4.886198617348349e-05	0.0	0.0	0.0	5.6763300826010077e-05	0.0	0.0	5.034713772722124e-05	2.0141908210529205e-05	1.806455702857816e-05	2.2609383456938375e-05	1.745396935944118e-05	0.0	0.0	0.0	0.0	0.0	0.0	0.0016479791921341295	2.57159486335953e-05	0.0	0.0	0.0	7.733492271702762e-05	0.00018167582557813855	2.585940986949195e-05	0.0035566978752626507	2.5844321204932046e-05	0.002200476352576702	0.0	0.0	0.0	0.0	0.0	7.757067657452835e-05	0.0	0.0	2.602824802315771e-05	0.12096695146469175	0.004120572222346782	0.010387453165878167	0.005553751388773926	0.000683988733066931	4.243651810817144e-05	0.042966497304729186	0.0029123104590452744	0.0	5.019078064308748e-05	0.0	0.0	0.0	0.0	0.0	0.0	0.005131897279665216	0.004945069310360415	0.0	0.00877712490376561	0.00042238252997857704	0.00017136701036531992	0.0	3.7988245210367984e-05	0.0017090522457101289	0.0013514159120981129	0.0026426210289186487	0.0	0.002278980242170323	0.0	0.037556724643447024	0.03395995788256761	0.0468826481647426	0.030032724370879896	0.0011810978844305209	0.011872182827288066	0.010145250202265213	0.15043037485114874	0.05355960717891956	0.0014929744839268647	0.0011591951780851638	0.0	0.002263948521221046	0.0005172088087028461	0.0038892550123275226	0.0003234284355447682	0.00010066884632680269	0.00309125824565942	2.1277147483972436e-05	0.0001773979397280601	0.00020586629340156544	0.0002925981040033941	0.00010758005365894104	0.0	0.0	0.0	0.0	0.01816645362869218	0.040063557235588104	0.0038317999504717285	2.6062280184111557e-05	0.0	0.0	0.0019573794639034595	0.010181136778076852	0.0005429243222538486	0.0035806764723627154	7.751286279865767e-05	0.007122425866679111	0.0	0.0	0.0	0.0	0.0001560828718949679	0.005219876155920595	0.016753289960126736	0.005183587157709675	0.0009108400565944143	0.0	0.0	4.441272708842561e-05	0.0	2.481009795922747e-05	0.0	0.0	0.0	0.0002853791032871547	0.0
1.7338581103156868e-05	2.8105517989690128e-05	1.48108425658539e-05	0.0	0.0	0.0	0.0005588532270320942	4.562241334550482e-05	0.0	5.7343016484142444e-05	3.38871682271626e-05	0.0	0.0	3.7396683703318826e-05	3.5734012647756825e-05	0.0	0.0012457770983805663	0.00014363991851927167	0.002895213634489226	0.0060353434787470996	6.228884984304904e-05	0.0019997731205744786	0.0004449203684527997	0.0012780613323931098	2.3085977287549643e-05	0.004110925408513892	0.001725515887307352	0.0002205612198108792	0.0	0.004401174974350922	0.035638464575701204	0.0009178567047443745	0.0	0.00014677785605190518	0.03700499298618407	0.00025117878000796513	0.0009255524327165665	0.0027874279419400527	0.00023776261646978774	0.00012218491651986712	0.00044117822301221527	0.0	0.00029214200256322335	0.0	0.00011028641680787372	2.0655370940644772e-05	0.00012106676584068228	0.00029585883634847656	2.9776565835572998e-05	0.0	3.550486624466197e-05	0.0	0.0	4.212263791848109e-05	0.0	0.0	0.0	0.0	0.0027517450601994174	0.0	0.0	0.0	0.0	0.004399852555291705	0.0017804763407155508	0.0023887070049787643	0.020669750838246383	0.0	0.0034568753371061714	0.0	0.0	0.0	0.0	0.0	0.0	0.00017522054855368134	0.0	0.0	0.013713997613263853	0.0014512589542472545	0.006571904976128393	0.0014312157793310919	0.0002962744403002248	0.0	0.003281866798502258	0.0011934289244096325	0.0	4.575856809428905e-05	0.0	0.0	0.0	3.47254911814959e-05	7.16221083479422e-05	4.135359461680476e-05	0.004244130198639974	0.002882882830905015	0.004404311455807171	0.027589556809347594	0.004041160934635001	0.0010894244230638132	0.0009519530795390623	0.002186772715462122	0.002380255107798995	0.030378453546636215	0.043117726258815416	0.0004034905415634207	0.004646695769099072	0.037556724643447024	0.0	0.019893315796438833	0.013609728297443393	0.059335848647895754	0.018381285031105993	0.0024442975261543647	0.0025928368141114474	0.09109368233734655	0.06500745328097814	0.02137634451837798	0.034657827846214954	0.000951829646605537	0.009934654221639734	0.0014909856488495633	0.00789847199685239	0.001841805932044848	0.0010336015851832609	0.005826276955586786	6.465271741968181e-05	0.00133974528979825	0.0006509139728241577	0.001474031936013094	0.00013152379919249442	0.0	0.0	0.0	4.332902044836173e-05	0.006187139296151344	0.04267730842386154	0.00017527832752290074	0.0	0.0	0.0	0.012476303710015554	0.03079555156335801	0.0020782526150866965	0.01941900808124307	0.0	0.017342191572298913	0.0	0.0	0.0	0.0	4.468904804753186e-05	0.002827608637983856	0.02279742550393399	0.0011351292149487976	0.0006260677746113556	4.382439969535118e-05	0.0	0.00017260505530625441	0.0	0.000371258053374728	0.0	4.159522498994252e-05	0.0	0.0	0.0
0.0	3.207149312401575e-05	0.0	0.0	0.0	0.0	0.0	2.8540139401901848e-05	0.0	0.0	0.0	0.0	0.0	0.0	0.0	0.0	0.0	0.0	0.0	4.3769065890315055e-05	4.29023523460693e-05	0.0	0.0	0.0	0.0	0.0	0.0	0.0	0.0	0.0	2.922644159532568e-05	0.0	0.0	0.0	0.00012271146218376745	0.0	4.6614668523655255e-05	0.0	0.0	6.347908500739218e-05	2.7372194969434072e-05	0.0	0.0	0.0	0.0	0.0	0.0	0.0	0.0	0.0	0.0	0.0	0.0	0.0	0.0	0.0	0.0	0.0	0.0	0.0	0.0	0.0	0.0	0.0	0.0	0.0	6.518126736408717e-05	0.0	0.0	0.0	0.0	5.110879912746605e-05	0.0	0.0	0.0	0.0	0.0	0.0	0.06556277134441493	0.001401523220694168	0.01988424720448051	0.05306356558683057	0.029277184118716295	0.0008982619636626807	0.018584237199265333	0.0002681974158700202	0.0	0.0002578210555338477	0.0	0.0	0.0	0.0	0.0	0.0	0.004799141199631342	5.617934456277819e-05	0.0	0.0006090223637661255	4.0235026258282844e-05	0.0	0.0	0.0	0.0	0.0007949845970122482	0.0010710136592083834	0.0	0.00030958995037951595	0.03395995788256761	0.019893315796438833	0.0	0.04942570617067321	0.049814989951404876	0.00023780559247872125	0.0	0.0006347908384717314	0.0057130187476888885	0.0028825363253214614	0.0011879429461550217	0.0017995174304873806	0.0	0.011691337851395443	0.00011808313180230797	0.0042694928311970744	0.0	0.0	0.0	0.0	0.0	5.304000316361687e-05	0.0	0.0	0.0	0.0	0.0	0.0	0.0	0.0009902674017546566	0.0	0.0	0.0	0.0	0.0001432313498531246	0.0002199643096884187	0.0	0.0003256933493852197	0.0	0.00036373050368092275	0.0	0.0	0.0001061364858497995	0.0	0.0	0.0	0.0010673323644202074	0.0	0.0	0.0	0.0	0.0	0.0	0.0	0.0	0.0	0.0	0.0	0.0
0.0	2.912395063757378e-05	0.0	0.0	0.0	0.0	0.0	2.4183974940728116e-05	0.0	4.0137802700566645e-05	0.0	0.0	0.0	0.0	0.0	0.0	2.6007871654735282e-05	0.0	0.0	0.0	0.0	0.0	0.0	0.0	0.0	0.0	0.0	0.0	0.0	8.494899293663317e-05	0.00027142454243506397	0.00011271449967571322	0.0	0.0	7.245522771437959e-05	0.0	3.601812738650631e-05	0.0	0.0	0.0	0.0	0.0	0.0	0.0	0.0	0.0	0.0	0.0	0.0	0.0	0.0	0.0	0.0	0.0	0.0	0.0	0.0	0.0	0.0	0.0	0.0	0.0	0.0	0.0	0.0	0.0	0.0	0.0	0.0	0.0	0.0	3.864372325187368e-05	0.0	0.0	0.0	0.0	0.0	0.0	0.015763557934762456	0.003439046597747219	0.006781227159625421	0.06382160523433657	0.04832104797720144	0.006963753664503764	0.09773224439842074	0.0003211208923112136	0.0	0.0018680590713632973	0.0	0.0	0.0	0.0	0.0	9.219441476891792e-05	0.03979565692022229	7.157924110965449e-05	0.00030213735671597247	0.0001365235131805797	0.0	4.4852459270916e-05	2.598752719237015e-05	2.932965188964252e-05	0.0	0.00011769963549610336	0.0001223749576989253	0.0	0.00017749272392268828	0.0468826481647426	0.013609728297443393	0.04942570617067321	0.0	0.019900334572142703	0.00041850878655429847	0.0	0.005006023178859328	0.06735227160715807	0.002431862937966763	0.0014346330572960835	0.023088888287448536	6.018246414895423e-05	0.038581418067579525	0.00025222944937592365	0.004324519859494398	0.0	0.0	0.0	0.0	0.0	0.0	0.0	0.0	0.0	0.0	0.0	4.856534685696305e-05	0.00022319503873740573	9.320208927437342e-05	0.0	0.00010092370901210026	0.0	0.0	4.932244279045488e-05	0.0	0.0	4.616126024475925e-05	0.0	4.985601068752184e-05	0.0	0.0	0.00015901422060703415	0.0	0.0	0.0	0.0003928298373449866	9.796010037549067e-05	0.0	4.918855337174143e-05	0.0	0.0	0.0	0.0	0.0	0.0	0.0	0.0	0.0
5.6647684876499075e-05	7.525079874925216e-05	0.0	0.0	0.0	0.0	0.0	0.00015336572884951745	0.0	0.0	0.0	0.0	0.0	0.0	0.0	0.0	0.0	0.0	4.499420338082292e-05	0.0	0.0	0.0	0.0	9.134936833810951e-05	0.0	0.00012785396447998273	1.986489111925726e-05	0.0	0.0	1.7658072408093406e-05	0.0001566604527478123	0.0	0.0	0.0	9.437704433777746e-05	0.00012855486514489544	3.915998646365638e-05	0.00014507525311534546	0.0	0.0	0.0	0.0	0.0	0.0	0.0	0.0	0.0	0.0	0.0	0.0	0.0	0.0	0.0	0.0	0.0	0.0	0.0	0.0	5.1897238411493416e-05	0.0	0.0	0.0	0.0	0.0	0.0	5.589577512755097e-05	5.147838729321548e-05	0.0	0.0	0.0	0.0	0.00016913391701597736	0.0	0.0	0.0	0.0	0.0	0.0	0.07247980515337513	0.006042326206407275	0.05693042571867426	0.029731016980192322	0.021423661152068667	0.0007210895417488322	0.0031679831535660827	0.0001208612183178104	0.0	0.00017952526159687197	0.0	0.0	0.0	0.0	0.0	0.0	0.0026599213416065998	0.00040318447835778476	0.00014326137055250583	0.003804745383203412	0.00034556922779039196	0.000448479750196003	8.275297152531478e-05	0.00021965840891360945	2.4595796574436682e-05	0.010926625192214368	0.015221129564614343	3.635978324935038e-05	0.0046446767914992285	0.030032724370879896	0.059335848647895754	0.049814989951404876	0.019900334572142703	0.0	0.002165273131999006	0.0	0.0007269025382373257	0.036615830339699645	0.012752048236893083	0.004084106696622383	0.021305257535522797	0.00112885939623328	0.07607712523925282	0.0010173068281484796	0.027182296833962907	0.00011325245755619228	7.727745700723128e-05	0.0003561179968581042	0.0	0.00022478074948218188	4.359674707585157e-05	7.364199382009002e-05	0.0	0.0	0.0	0.0	0.0	0.0002478387698121479	0.0020279524546780395	0.0	0.0	0.0	0.0	0.0016623058182222367	0.0011285170152327611	0.0006704202398591996	0.0013377471236494765	0.0	0.00033650701414298517	0.0	0.0	4.361582689813224e-05	0.0	0.0	5.580969258494104e-05	0.002315641060520736	5.497843537203533e-05	5.667050060803361e-05	5.5241271671078864e-05	0.0	0.0	0.0	5.121385707256226e-05	0.0	0.0	0.0	0.0	0.0
5.870249297866495e-05	0.00020826757953205284	5.129293188480348e-05	0.0	0.0	0.0	0.0009373351656504525	0.00012890523426195837	0.0	0.00014335296414139266	7.504680592154429e-05	7.262241690496817e-05	2.6123766057110667e-05	0.0	0.0	5.7574903907606453e-05	0.003560057686067602	0.000555167626376447	0.02269666721042574	0.02189385657965292	0.0011744303538100158	0.0023735894277297914	0.00494431134136115	0.016346593152758628	0.0006321853608257743	0.0345406551494073	0.012804984713602387	0.0007345523316389322	8.939914104046642e-05	0.005918180426270424	0.05716083104052272	0.0009596321844554273	0.0	0.00020210894182407624	0.13629640370370044	0.0013607967439846966	0.0007859017430463013	0.008818056227514914	0.0011204290037361213	0.0003426779124786092	0.001146984101980985	2.1903772297736833e-05	0.0012993604529986306	0.0	0.0005703789755278692	0.00015285608179380796	0.00015454493612021154	0.0004102529462956302	0.0002724250380776213	2.0097229578359074e-05	2.5886274769752272e-05	0.0	4.82158508056735e-05	2.9235012722541093e-05	0.0	0.0	0.0	0.00016900842759196987	0.007227837768867866	0.0	0.0	0.0	0.0	0.01063464728685469	0.005769594794765082	0.005593901740706939	0.04077219766029129	0.0	0.007387428233173912	5.80633798440216e-05	0.0	2.575249557197576e-05	2.9080398869337085e-05	0.0	3.0233866653435225e-05	0.00012014274611693922	2.999162136353672e-05	3.0468408080767204e-05	2.999162136353672e-05	0.0007957769832205837	2.453222520550931e-05	0.0	1.840143278392611e-05	2.407880242388632e-05	0.0	0.01218368174898289	0.0004491341202271645	0.02095138969885415	0.0004594955238738075	7.456021824360941e-05	5.129293188480348e-05	0.0	0.0	0.0	0.0015043345370156153	0.12432253504046183	0.0991361696332837	0.01874434412112006	0.030531028784062157	0.0027802141274083573	0.03149682161050607	0.03126530974308142	0.019789161896429878	0.02611924192611129	0.012785300567397276	0.00032799019393766986	0.0021369717978339236	0.0011810978844305209	0.018381285031105993	0.00023780559247872125	0.00041850878655429847	0.002165273131999006	0.0	0.0029648338900885103	0.0004356286719384055	0.01909239022194106	0.01537805452147786	0.002552531110135062	0.011854911805811021	0.00045468289685393994	0.002142853483713017	0.000738735717548369	0.001358631111642727	0.0010449947944666292	0.0004259066642300688	0.0019232041607743155	0.00014492800666082446	0.00039392158141092406	0.00018363652821457903	0.0003934267967768166	7.338892367510126e-05	0.0	0.0	0.0	0.0	0.0009050875510900245	0.01819106022981783	6.0084953436683834e-05	0.0	0.0	0.0	0.00743337613471288	0.009725361673068875	0.0028717816838691843	0.014241577858618137	0.0	0.007421650023428573	0.001114854899500933	0.019968090623525638	0.03516253258113851	0.0	0.0	0.0006344540584345654	0.004982170256818478	0.0003596018946707791	0.0001218503467023072	0.0	0.0	5.071865765972517e-05	0.0	5.7624839787862774e-05	0.0	0.0	2.9512041416015712e-05	0.0	0.0
0.0022162378680263537	0.0	1.865284671447707e-05	0.0	2.9617284996348784e-05	0.0	0.00016391803078791026	0.004142845585710817	0.0	0.0	0.0	5.904156735141783e-05	0.0	0.0	0.0	0.0	7.398824415521331e-05	0.003660619489022413	0.0	0.0002818500177956565	0.0	0.0	0.0	4.228347925399434e-05	0.0	0.0	4.8603834263745416e-05	0.0	0.0	0.026770504043330187	0.013329513032903143	3.035703853742939e-05	0.0	0.0	0.04763869558834201	0.22413724153178208	0.0038543377019294427	0.0004352356560249537	0.0	0.0	0.0	0.0	1.7248556712163658e-05	0.0	2.469330148559524e-05	0.0	0.0	0.00020506617069948689	0.0001016442290017109	0.0	0.0	0.0	0.0	0.0	0.0	0.0	0.0	0.0006289959559221014	0.005457541952009206	0.0020190420848579106	0.0	0.0	0.0	0.0	0.0005841861608508999	0.0	0.0018564521466063206	0.0	0.001155168550986156	0.0	0.0	0.0	0.0	0.0	0.0	0.00011209015614502819	0.0	0.0	0.002788744411969842	0.0007187979007842913	6.998747401508897e-05	0.0	0.0	0.0	0.0	0.028124182467612762	0.0	0.0005033442316340533	0.0	0.0	0.0	0.0	0.0	0.0	0.0001912167287040524	0.08110053751375514	0.0	0.006319767010120388	5.0641340581181345e-05	0.0	0.0	0.0	0.00028602022940396593	4.431398944325208e-05	0.0001019040545292053	0.0	0.0	0.011872182827288066	0.0024442975261543647	0.0	0.0	0.0	0.0029648338900885103	0.0	0.06360912548818123	0.0562785716585259	0.031166751341769376	0.0	0.0	0.0	0.0	0.0	2.268658306316578e-05	8.581701462923526e-05	3.374946168378557e-05	0.007166502634586247	0.0	3.787995605183654e-05	0.0	0.00012679664414931292	0.00012116979630085253	0.0	0.0	0.0	0.00010902465696468269	0.0346888508047763	0.17400104153093993	0.0396012286496119	0.0	0.00010349134607405415	0.0	0.001242071926259267	0.01570682708674754	0.00011483469199095662	0.0027331444320985543	0.0	0.005556078589039358	0.0	0.0	0.00021839773387638802	0.0	0.004604559904669526	0.02245907861539365	0.0378920218553109	0.027006305191418202	0.004257929667048012	0.00033664909471673604	0.0	0.0	0.0	0.0	0.0	0.0	0.0	0.001166321400337564	0.00035419691574378514
9.103645693236398e-05	0.003813736459395508	0.001004059102488011	5.270341746332152e-05	0.0007661786192413595	0.00011957067631037166	0.0	0.0005979729654547126	0.00042990256434564006	0.0029289530573671585	0.0016483563739415467	0.002922644159532544	0.0023441564089160915	0.0007689981691285819	7.018461864268731e-05	0.0	0.00025733497255171864	0.00010701019262169574	0.0	0.0	0.0	0.0	0.0	0.0	0.0	0.0	0.0	0.0	0.0	0.0011972061607121967	0.0007172396959614504	0.0	0.0	0.0	0.0017289030590067378	0.002398771451698612	0.008476733434903743	0.0008624674629313536	0.0	0.0	0.0	0.0	0.0	0.0	2.4589725721894588e-05	0.0	0.0	0.00010077064115236713	5.038532057620349e-05	0.0	0.0	0.0	0.0	0.0	0.0	0.0	0.0017111678450034268	0.0037170036878764823	0.0005854587716541551	0.00011006312371602612	0.0	0.00010190404872807018	0.00011197995842415033	0.0	0.00022910841748331287	0.0	0.0003844249232848771	0.0	0.000679707826293317	0.0	0.0	0.0014354632355041547	0.00029453170679492625	0.00011563413016307702	0.0	0.0	0.0003281959270957894	0.0	0.023820998133535314	0.07932634509568291	0.0673543867742693	0.01703815861290563	0.05570331664413935	0.03843370091025269	0.002053478620281605	0.015147164693096368	0.0014007639072896514	0.045710466551302474	0.08059280876332708	0.0839457273958114	0.07978382156074135	0.0766887408243878	0.007753067914109244	0.014934963312788232	0.0009878826850198154	0.006848512509646392	8.389070672258613e-05	0.00011079728789595862	5.020763864353175e-05	9.051967742255831e-05	7.344301024338091e-05	0.0	0.0002844781052340471	0.0	3.3772335426330653e-05	0.0001082108204590594	2.9564570388560948e-05	0.010145250202265213	0.0025928368141114474	0.0006347908384717314	0.005006023178859328	0.0007269025382373257	0.0004356286719384055	0.06360912548818123	0.0	0.00884556194643368	0.008180565887146874	0.0	0.0012476485191669528	9.097412989967737e-05	0.0007386591430107759	0.0	0.0003841852101756959	0.0	0.0	0.003008669085633461	0.0	0.0	0.0	0.0	5.996520130190757e-05	0.0	0.022779922493514175	0.00034091958706319246	0.1539150885278215	0.15492293792489092	0.04984944304027114	0.07474318104643374	0.012370244413620004	0.015966284441530334	0.012017299781620357	0.0	0.003792275866584737	0.00022525704310579538	0.0001920272904879534	0.0	0.00034053131935117374	0.0005058993122121826	0.011287520294498667	0.02991302982945391	0.00019890166517749617	0.014582589497557261	0.013037283469966668	0.03904771412972515	0.07394904984943804	0.0073040174689676446	0.0006606523918481652	0.0	0.0	0.0	0.0	0.0	0.0	0.0	0.003659425309109188	0.00011573483728218402
0.00028236753114475	0.0022847601042182957	0.0006978923689509673	4.744969935299381e-05	0.0001387520903725388	0.0	0.0	0.002018474194744843	7.282584267506629e-05	0.0020402550910147777	0.000391627327050238	0.00046853905942522887	0.0007417293729892687	0.00013240842073654262	0.0	0.0	0.0012968068313974938	3.3183390215981425e-05	0.000980042525577537	0.001699035305659356	0.00014653507125957497	0.0008548854757026668	0.003962024004209568	0.0002314696687632728	6.312976008855232e-05	0.0022161967367676657	0.0008060719635318795	0.0	0.0	0.00036208782612106086	0.0006692211000043048	5.679767235138051e-05	0.0	0.0	0.0014980669227186087	0.00016532005255959472	0.002202330300445869	0.0030020910892108728	7.353105935935678e-05	7.741501852307099e-05	0.00011870284315358474	0.0	0.00021577734885031076	0.0	2.33818378062175e-05	0.00010876067204754197	6.742186733858872e-05	8.316442043826799e-05	0.0	0.0	0.0	0.0	0.0	0.0	0.0	0.0	0.0006986175834818299	0.0014178817622883047	0.0004858606375004014	0.0003575725069946301	9.372250027359868e-05	8.393486470594442e-05	9.065347402366788e-05	0.0026143850572125068	0.00046166605959669765	0.0006380565916699633	0.003838157797999369	0.0	0.0006405464127587026	0.0	0.0	0.0012552098370715837	8.139008978428713e-05	0.0	9.111969113425152e-05	0.0008934304003977496	0.0008005886175269834	0.0	0.1535964215245771	0.10434260437057145	0.04363519597060047	0.025954373930173923	0.10873786605029225	0.21333660504983226	0.07108092711161436	0.054861901137189674	0.00029578827175187085	0.07916537973410444	0.014078814571856578	0.02277362097758099	0.04641576175351995	0.09882453863501424	0.052797079724996344	0.09309639241919848	0.051443076975641246	0.0028689639932349257	0.008344555219271245	0.010470512524020528	0.0026341921809647077	0.01285350032761763	0.14315010064600353	0.08345346965182998	0.12570495881665553	0.11571137474527371	0.04153148615775358	0.03546566382314211	0.022129363104307152	0.15043037485114874	0.09109368233734655	0.0057130187476888885	0.06735227160715807	0.036615830339699645	0.01909239022194106	0.0562785716585259	0.00884556194643368	0.0	0.016481981953115718	0.016491612773312233	0.05031269143437162	0.002117490078159205	0.05692248195881343	0.006734603464588054	0.03654773668742371	0.0001343020075311169	0.0	0.0006281022730577701	0.0	0.0011161254915208853	0.0	2.9570052429318014e-05	0.0	0.0	9.190746909270173e-05	0.0	0.002796307937193591	0.0018861120754985693	0.0026804003721192693	0.0003576126042070412	0.0005623350016417117	0.00016758744782112477	9.087044681559279e-05	0.00772853567150041	0.00444331467330846	0.001457248906080471	0.0019974378205213296	0.0	0.00027496170886070993	0.000917872372068771	0.002563844162700827	0.004747676415920702	0.0015630054662019654	0.0005585922122788359	0.0011819894092851434	0.01738293490265798	0.0027508309632595005	0.0	0.0	0.0	5.769572924612195e-05	0.0	7.932517036247996e-05	0.0	0.0	0.0	9.220507719312712e-05	0.0
5.237107816922095e-05	0.0003096300243875062	0.00010409668084596514	0.0	0.00010643876383681215	0.0	7.859792109531227e-05	0.0004106393112464105	0.0	0.0006701001408888931	0.0	0.0	0.0	0.0	0.0	0.0	0.0005127613537603274	0.0	0.0016096176634564886	0.0024668852744038957	0.0008714497606068694	0.0009966216671022465	0.0010209677755737652	0.000885393972294174	4.196301481428787e-05	0.00163479859101715	0.0008434033558396998	8.162339267650932e-05	0.0	0.00011944171057643215	0.0016999941813004218	3.654644818740396e-05	0.0	0.0	0.0014917918917135588	6.117996352268071e-05	0.0005572907583998127	0.0020309326022544955	0.0029568180994028674	0.0	0.00011606618458795874	6.368189150986375e-05	0.0001335953942316378	0.0	0.00017183131311247467	0.00027655126283510187	0.00013752827843371292	0.00023957251367603822	0.0007802731606685247	0.00015146225987882372	0.00046086547860761516	9.198168838310808e-05	8.673817150945798e-05	0.0004701045446301947	0.0	0.0	0.0008331215012453039	0.00018018017693154602	0.0020004670512161617	0.0	0.0	0.0002460794234028891	0.0	0.00647707647268176	0.0026845026151238326	0.0006409142141852385	0.006014095958937889	0.0	0.0022742791036163643	0.0	0.0	0.00011261261493303273	0.0009016649941228055	0.0006900019734214041	0.00032007117142330665	0.0011966938785061651	0.0005897169424613643	0.0	0.05022580766392057	0.01902540730653679	0.003121713633168255	0.002611754043118508	0.010044109595875466	0.007945337006102865	0.0022270875155654016	0.01597752496872726	0.0	0.02382148654856017	0.001754615495073496	0.0	0.0	0.0017183131311251057	0.0	0.002981346872953108	0.0003403098217001627	0.0010435828702149718	0.013126235666605458	0.008129050807887712	0.002470379335746109	0.010758983715835954	0.056231616036072796	0.06258128806001435	0.017923737591022875	0.06416524565394557	0.012447292828644005	0.004083871102295141	0.004203050558132937	0.05355960717891956	0.06500745328097814	0.0028825363253214614	0.002431862937966763	0.012752048236893083	0.01537805452147786	0.031166751341769376	0.008180565887146874	0.016481981953115718	0.0	0.0	0.0012526959414123626	6.159589668693367e-05	0.005334869303544158	0.0021739531632896996	0.005402588177118911	0.0003403762269071221	0.00024946724337533753	0.0071625786246189245	8.73463299673867e-05	0.000384239659312808	0.0	0.00019254667469228125	9.15171361885781e-05	0.0	0.0	0.0	0.006678930295121824	0.0005550920945868329	0.004482976014153491	0.000299848555390531	0.0	0.0	0.0	0.023494791560715392	0.030144204367187063	0.0012782321168162628	0.002571926813979826	0.0	0.0016338059355630278	0.0	0.001073945706953166	0.002574299336799675	0.013934704378356304	0.006572081828503526	0.00825885657611468	0.27586189399389976	0.017256251339376874	0.0013908369698757458	0.0	0.0	0.0	0.0	0.0	0.0	0.0	0.0	0.001001629757880617	0.0
0.0	0.0	0.0	0.0	0.0	0.0	0.0003222705313684351	0.0	0.0	0.0	0.0	0.0	0.0	0.0	0.0	0.0	0.0	0.0	0.0	0.0	0.0	0.0	0.0	0.0	0.0	0.0	0.0	0.0	0.0	9.626869066397428e-05	0.0	0.0	0.0	0.0	7.915978096357923e-05	0.0	9.564506646985883e-05	0.0	0.0	0.0	0.0	0.0	0.0	0.0	0.0	0.0	0.0	0.0	0.0	0.0	0.0	0.0	0.0	0.0	0.0	0.0	0.0	0.0	0.0	0.0	0.0	0.0	0.0	0.0	0.0	0.0	0.001841333235104043	0.0	0.0	0.0	0.0	0.0	0.0	0.0	0.0	0.0	0.0	0.0	2.7455142016804404e-05	0.0	1.9507176357655782e-05	0.0	4.1525901829037865e-05	0.0	0.003216943224760865	0.0	0.0	0.0	0.0	0.0	0.0	0.0	0.0	0.0	0.010366049342644963	4.06452540394282e-05	0.0006826175426985175	0.0003335972049201409	0.0	0.0	0.0	0.00023828371780010635	0.0	0.0023986080520774188	0.0019108637215607932	8.050255608738894e-05	0.0003961994012515583	0.0014929744839268647	0.02137634451837798	0.0011879429461550217	0.0014346330572960835	0.004084106696622383	0.002552531110135062	0.0	0.0	0.016491612773312233	0.0	0.0	0.008349278435366638	0.00018839727453500132	0.0002567509611780618	6.940261858117497e-05	0.0005760818598617494	0.0	0.0	0.0	0.0	0.0	0.0	0.0	0.0	0.0	0.0	0.0	0.0	0.0	0.00024094811723224485	0.0	0.0	0.0	0.0	0.0	0.0	0.0	0.0	0.0	0.0	0.0	0.0	0.0	0.0	0.0	0.0	0.0	0.0	0.0	0.0	0.0	0.0	0.0	0.0	0.0	0.0	0.0	0.0	0.0
0.0	0.0	0.0	0.0	0.0	0.0	4.827423599000529e-05	1.8846852946264052e-05	0.0	0.0	0.0	0.0	0.0	0.0	0.0	0.0	9.968210074464536e-05	0.0	0.0	0.0	4.839143564015658e-05	0.0	0.0	0.0001496428909244119	0.0	0.0005085932436009783	0.00010890338929220521	0.0	1.8286634789702154e-05	2.8341295051605434e-05	0.00028715566881540636	0.0	0.0	0.0	0.00010460865704383313	0.0	0.00012666771467226862	9.636468148765224e-05	0.0	0.0	3.666071828140685e-05	2.2517433100303533e-05	3.6989543558383804e-05	0.0	0.0	0.0	0.0	3.0412621789825014e-05	0.0	0.0	0.0	0.0	0.0	0.0	0.0	0.0	0.0	5.838225478195265e-05	3.011510070590139e-05	0.0	0.0	0.0	0.0	3.129970010028825e-05	0.0	0.0	0.00017984149703366943	0.0	0.0	0.0	0.0	0.0	0.0	0.0	0.0	0.0	0.0	0.0	0.0001986519640221174	0.0007836023148283642	0.0013079023905224463	0.003995267386514973	0.008606502012270093	0.0016631046327759591	0.005326309540686237	0.0003977807611703054	0.0	0.0010958114530317123	0.0	0.0	0.00013245901214124097	0.00013151512944655988	0.00010768467217060294	2.9937566701341586e-05	0.01532171271127118	9.324678676010908e-05	0.0008888167555043074	0.0023165906166925207	0.0013527744676677764	0.0032936448470467987	0.004164212689422841	0.01770558938136828	0.0008792103927510379	0.03413987139447321	0.029048314412201855	0.001833976777291758	0.007396732422360042	0.0011591951780851638	0.034657827846214954	0.0017995174304873806	0.023088888287448536	0.021305257535522797	0.011854911805811021	0.0	0.0012476485191669528	0.05031269143437162	0.0012526959414123626	0.008349278435366638	0.0	0.020359651838324565	0.06291256166570242	0.007806255394321147	0.012811155891841149	0.0	0.0	0.0	0.0	0.0	0.0	0.0	0.0	0.0	0.0	0.0	0.0	5.8631267056521945e-05	0.0	0.0	0.0	0.0	0.0	9.379600312800298e-05	0.0	0.0	0.0	0.0	3.1478887418727145e-05	0.0	0.0	2.7126335593406824e-05	0.0	0.0	0.0	6.235461692881234e-05	3.112740158967898e-05	0.0	0.0	0.0	0.0	0.0	0.0	0.0	0.0	0.0	0.0	0.0
0.0	0.0	0.0	0.0	0.0	0.0	0.0	0.0	0.0	0.0	0.0	0.0	0.0	0.0	0.0	0.0	3.118340542192106e-05	0.0	0.0	8.780807442886109e-05	0.0	0.0	0.0	0.0	0.0	0.0	0.0	0.0	0.0	0.0	0.0	0.0	0.0	0.0	2.0481332099636436e-05	0.0	4.676779149381328e-05	0.0	6.110494368025153e-05	0.0	0.0	0.0	0.0	0.0	0.0	0.0	0.0	6.761340810230628e-05	0.0	0.0	0.0	0.0	0.0	0.0	0.0	0.0	0.0	0.0	0.0	0.0	0.0	0.0	0.0	0.0	0.0	0.0	0.00013096210175509403	0.0	0.0	0.0	0.0	0.0	0.0	0.0	0.0	0.0	0.0	0.0	0.0	6.16721289595079e-05	1.6079729062018357e-05	0.0	0.0	4.5055228066248444e-05	3.734063636281681e-05	0.0	0.0008594873443603742	0.0	9.084973688386988e-05	0.002870729639640174	0.004324289961848681	0.001003647148879212	0.0017318859331008356	0.0	0.004232755961858484	0.0	0.0	0.016712174828481748	0.0008876791595334817	0.046626307853375716	0.006043907441602374	0.00458258313421317	0.0050954266721760675	0.010433552790871579	0.006845247545397913	0.0032549738238120286	0.0026104457700448515	0.0	0.000951829646605537	0.0	6.018246414895423e-05	0.00112885939623328	0.00045468289685393994	0.0	9.097412989967737e-05	0.002117490078159205	6.159589668693367e-05	0.00018839727453500132	0.020359651838324565	0.0	0.005636019244650773	0.00694674862642323	0.0016491593449843476	0.0	0.0	0.0	0.0	9.54313742007116e-05	0.0	0.0	0.0	0.0	0.0	0.0	0.0	0.0	0.0	0.0	0.0	0.0	0.0	7.197772746167643e-05	0.0	0.0	0.0	0.0	0.0	6.77973900310075e-05	0.00015054707233188178	0.0	0.0	0.0	0.0	0.0	0.0	0.0	0.0	0.0	0.0	0.0	0.0	0.0	0.0	0.0	0.0	0.0
1.2559819462553696e-05	3.222184316774201e-05	0.0	0.0	0.0	0.0	0.0	7.600835732059921e-05	0.0	2.693207991426265e-05	0.0	0.0	0.0	0.0	0.0	0.0	3.1805382103244625e-05	0.0	4.0912217822074184e-05	0.0	0.0	2.1529955129117978e-05	0.0	6.722574370479255e-05	0.0	0.0002243477146711648	0.00011688291729343003	5.5885324443538006e-05	1.4835094069964903e-05	7.203625622326538e-05	7.69710863432276e-05	0.0	0.0	0.0	3.76699605345081e-05	3.461693807285388e-05	0.0	9.219654812392206e-05	0.0	2.150672461884106e-05	1.486385738063555e-05	0.0	3.197374384146365e-05	0.0	1.309793107222141e-05	0.0	0.0	0.0	0.0	0.0	0.0	0.0	0.0	0.0	0.0	0.0	0.0	0.0	4.354555235660841e-05	0.0	0.0	0.0	0.0	6.715590424589156e-05	4.5034866200599884e-05	2.2446433421122805e-05	0.00013019224629920434	0.0	2.2467939554029325e-05	0.0	0.0	0.0	0.0	0.0	0.0	2.233513494127631e-05	0.0	0.0	0.008622888014827646	0.002466729883203099	0.020160378917164656	0.018755293493941796	0.021193401842490238	0.0005848054313184587	0.000520882367722421	0.0002351909418413076	0.0	0.0009291443687901665	0.0	0.00011602114483724398	0.00017832196235233086	0.0003941552787780225	0.0004612132082235844	0.0	0.0042419725776189285	9.043753092716808e-05	8.40321781807368e-05	0.016824387689522147	0.0014209187447047796	0.004173099041233157	0.008154176787416551	0.0053649784044609745	0.006699602631383288	0.016176699155142523	0.05864552321376573	0.006517366258436051	0.0160420543532824	0.002263948521221046	0.009934654221639734	0.011691337851395443	0.038581418067579525	0.07607712523925282	0.002142853483713017	0.0	0.0007386591430107759	0.05692248195881343	0.005334869303544158	0.0002567509611780618	0.06291256166570242	0.005636019244650773	0.0	0.016616297333635684	0.07665454336975354	1.4122454876501811e-05	0.0	4.318117938095873e-05	0.0	0.0	0.0	2.967460567859282e-05	0.0	0.0	0.0	0.0	0.0	0.0002562215178640696	0.000261487531408696	2.233888970411228e-05	0.0	0.0	0.0	0.00040261892898910573	0.00013518859564853105	4.488402016270316e-05	0.00010846992084888894	0.0	0.00017981445229926573	0.0	3.941552787780381e-05	0.0002419963530382106	2.1864727985233713e-05	0.0	0.00011216269166577145	0.001227744527174449	4.459406661546554e-05	0.0	0.0	0.0	0.0	0.0	0.0	0.0	0.0	0.0	0.0	0.0
0.0	0.0	0.0	0.0	0.0	0.0	0.0	2.9892669077596266e-05	0.0	0.0	0.0	0.0	0.0	0.0	0.0	0.0	3.27297730974639e-05	0.0	6.0401310696601334e-05	0.0	0.0	0.0	5.7859018646346175e-05	3.680286556785222e-05	0.0	3.9037275767217986e-05	0.0	0.0	0.0	0.0	0.0	0.0	0.0	0.0	6.341176612699257e-05	0.0	0.0	4.565637589324088e-05	6.733930026333374e-05	0.0	0.0	0.0	0.0	0.0	0.0	0.0	0.0	0.0	0.0	0.0	0.0	0.0	0.0	0.0	0.0	0.0	0.0	0.0	0.0	0.0	0.0	0.0	0.0	8.101791432734118e-05	0.0	0.0	7.26930438634177e-05	0.0	0.0	0.0	0.0	0.0	0.0	0.0	0.0	0.0	0.0	0.0	6.54523818347565e-05	0.00018944178603390373	0.00047795644260106867	0.00038539117792684693	0.0005374233031937673	4.835621715400123e-05	0.0	0.0	6.768802766872405e-05	6.001936618503303e-05	4.87822616378955e-05	0.0006706046220638723	0.0016536863098217303	0.0015750424207994253	0.0003991047494274839	0.0	0.0010448181074228509	0.0	0.00013096210175509403	0.059479573160975095	0.008036578215807253	0.18633698567990678	0.014223438418073045	0.0069469605000471195	0.01752019000723009	0.014221023895279588	0.012014069415140202	0.010625745250316652	0.014418062536764916	0.0005172088087028461	0.0014909856488495633	0.00011808313180230797	0.00025222944937592365	0.0010173068281484796	0.000738735717548369	0.0	0.0	0.006734603464588054	0.0021739531632896996	6.940261858117497e-05	0.007806255394321147	0.00694674862642323	0.016616297333635684	0.0	0.021029052589735434	2.598752719237015e-05	0.0	7.149366036228282e-05	4.866316502760112e-05	0.0001336849878908709	0.0	0.0	0.0	0.0	0.0	0.0	0.0	0.00013788107531167336	0.0005161454668289983	0.0	0.0	0.0	0.0	0.01082559889942687	0.0004977922731031993	0.002534736504456335	0.001452801248099379	0.0	0.0	0.0	0.0	0.0	0.000372952224410498	0.0	0.0	8.020292920366055e-05	0.0	0.0	0.0	0.0	0.0	0.0	7.216666353091168e-05	0.0	0.0	0.0	0.0	0.0
4.2211844354216956e-05	2.3653058146985228e-05	0.0	2.1689262073298167e-05	0.0	0.0	0.0	6.98893135794718e-05	0.0	0.0	0.0	0.0	0.0	0.0	0.0	0.0	3.680966155806061e-05	0.0	4.95831674886314e-05	6.660424996515354e-05	0.0	0.0	5.1416421379077515e-05	0.0	0.0	0.00010122096614588372	0.0	0.0	0.0	1.3379267083433706e-05	0.00023045323894561808	0.0	0.0	0.0	9.846649736422244e-05	0.0	6.873252611515217e-05	0.0	5.177254953946891e-05	0.0	0.0	0.0	1.1726339702693483e-05	0.0	2.9498936728110712e-05	0.0	0.0	0.0	0.0	0.0	0.0	0.0	0.0	0.0	0.0	0.0	0.0	0.0	0.0	0.0	0.0	0.0	0.0	5.5365943139777725e-05	0.0	0.0	0.00010656205464340411	0.0	0.0	0.0	0.0	4.789147642369593e-05	2.6797207208885407e-05	0.0	0.0	0.0	0.0	0.0	0.008345879842749012	0.0025366045852586276	0.027387261692778494	0.008365508106945007	0.007996718343871419	0.0004948245340824596	2.0389149698948398e-05	0.0003362421010496063	0.0	0.00031522034560145485	2.2583767243739384e-05	9.266588767730798e-05	0.0001431242151137728	0.0002844104498897637	0.0002662175217401256	0.0	0.0011225323380509207	6.920983638175635e-05	7.682078560888324e-05	0.02425710190697104	0.003421967959643824	0.009167347731973897	0.01353845588238418	0.004261802837613507	0.014089170535520492	0.014257503958563896	0.0509678100599428	0.01817420431049729	0.03920865294691394	0.0038892550123275226	0.00789847199685239	0.0042694928311970744	0.004324519859494398	0.027182296833962907	0.001358631111642727	2.268658306316578e-05	0.0003841852101756959	0.03654773668742371	0.005402588177118911	0.0005760818598617494	0.012811155891841149	0.0016491593449843476	0.07665454336975354	0.021029052589735434	0.0	4.8184767054459776e-05	1.7564709483284656e-05	2.6477726055876138e-05	0.0	7.44859206383174e-05	0.0	1.699269623744305e-05	0.0	0.0	0.0	0.0	0.0	0.00020895587875462281	0.0002945712703060154	0.0	0.0	0.0	0.0	0.003705915573014805	0.00019534760884532218	0.0004998555044045319	0.0006924682884475556	0.0	8.346914358946392e-05	0.0	2.3700870824149007e-05	9.746910676114171e-05	0.00010756480981493701	2.7954744465566705e-05	0.00016653150235150648	0.0014345337076347023	0.0	2.7966511999615105e-05	0.0	0.0	0.0	0.0	0.0	0.0	0.0	0.0	0.0	0.0
8.071117964422129e-05	0.0003048988622335585	0.0	2.70380254278567e-05	3.850189792655211e-05	0.0	0.0	0.0002494152074964048	0.0	3.5341191071180144e-05	0.0	0.0	0.0	0.0	0.0	0.0	2.2117657453507192e-05	0.0	3.203541027374167e-05	0.0003062245110559791	0.007943288306560384	0.0	0.0	0.0	0.0	9.93145647184867e-05	1.685475474946212e-05	0.0	0.0	0.0	0.00019031602795740573	0.0	0.0	2.6082743569053926e-05	0.00011295905380393134	0.0	0.0	0.00043760955950686986	0.0007455177009975698	0.0	2.0158204954441167e-05	0.0	0.0	0.0	0.0	0.0491003628495904	0.05211308724006728	0.002720662457614754	0.017565686765820276	0.0175361330666956	0.026079242238931735	0.009054202970413611	0.00221030676256504	0.0020703458473989252	0.0	0.0	0.0	0.0	3.538668040726115e-05	0.0	0.0	0.0	0.0	3.7033642080420885e-05	0.0	3.7201256201705953e-05	0.00014076576576573332	0.0	0.0	0.0	0.0	0.0	0.0	0.0004126215127643664	0.00018598024856628713	0.001512758092914855	0.0	0.000863688649871844	1.6530463033174763e-05	1.2819933594824656e-05	0.0	0.0	0.0	0.0	0.0	1.9856975516492158e-05	0.0	0.0	0.0	0.0	0.0	0.0	0.0	0.0	2.2558207591278413e-05	2.054466272285859e-05	0.0003675104955065657	0.0001109206077080269	7.909695503614221e-05	0.0001032411938830505	0.0006630882452912173	0.001517449475466666	0.00026184480673686097	0.001300688185866686	0.0002729894779856659	5.480459956954696e-05	3.858387909055097e-05	0.0003234284355447682	0.001841805932044848	0.0	0.0	0.00011325245755619228	0.0010449947944666292	8.581701462923526e-05	0.0	0.0001343020075311169	0.0003403762269071221	0.0	0.0	0.0	1.4122454876501811e-05	2.598752719237015e-05	4.8184767054459776e-05	0.0	0.012883922724263202	0.019234274234104187	0.004089869301844183	0.013436334679579706	0.0040403579635922	0.014197232508421104	0.01709564998965578	0.014734519491534731	0.0	0.0	3.6558178014293666e-05	0.00024001552058021102	0.0	0.0	0.0	0.0	0.0	0.00014794215739272301	0.00029948250589659724	0.0	0.0	0.0	0.0	0.0	3.023730670652404e-05	0.0	0.0	0.0016509521347427387	0.0015980136508524023	0.0015482216263125253	0.0	0.0008259424701172204	3.691020334576552e-05	0.0	0.003730186655842839	6.602329142107621e-05	0.00021040568419795005	0.0003792057246279885	0.002825291585294921	0.0024193351753901624	0.0	0.00045025967311163425
5.2983606306748274e-05	8.55836537260206e-05	0.0	0.0	2.1451176173053425e-05	0.0	0.0	0.00014023756388744217	0.0	1.9507176357655782e-05	0.0	0.0	0.0	0.0	0.0	0.0	0.0	0.0	0.0	0.0001307473449838704	0.001030432736482147	0.0	0.0	0.0	0.0	0.0	0.0	0.0	0.0	3.3170964256932096e-05	7.149366036228282e-05	0.0	0.0	0.0	7.061977665680176e-05	0.0	3.424816496184168e-05	0.0001600805645508081	0.00041353594616812733	0.0	0.0	0.0	0.0	0.0	0.0	0.01834881731550974	0.035183650075062474	0.0024771776347927692	0.009468212483687748	0.013284801960974396	0.013721066952817189	0.007068944359096549	0.002202847480231686	0.002776964292432141	0.0	0.0	0.0	0.0	0.0	0.0	0.0	0.0	0.0	0.0	0.0	0.0	4.331254242003567e-05	0.0	0.0	0.0	0.0	0.0	0.0	0.00018752214359272395	0.0	0.0005510954258254024	0.0	0.00018777609260454145	3.6253968260536284e-05	0.0	0.0	0.0	0.0	0.0	0.0	4.441272708842561e-05	0.0	2.3444404134339415e-05	0.0	0.0	0.0	0.0	0.0	0.0	0.0	0.0	0.0001219357621182846	6.507486936459075e-05	3.067471844847563e-05	0.0	0.00015032001142469662	0.0005629040664777855	0.00013537989276596866	0.0004799594236639703	9.45785629957859e-05	6.417396412912693e-05	2.1502085188052198e-05	0.00010066884632680269	0.0010336015851832609	0.0	0.0	7.727745700723128e-05	0.0004259066642300688	3.374946168378557e-05	0.0	0.0	0.00024946724337533753	0.0	0.0	0.0	0.0	0.0	1.7564709483284656e-05	0.012883922724263202	0.0	0.004588576266500182	0.0013051794130193096	0.002420221157292464	0.0011654194683071628	0.022792792381842824	0.05589391722046775	0.016245458016807452	0.0	0.0	0.0	0.0004614717285032502	0.0	0.0	0.0	0.0	0.0	9.212517282342663e-05	0.0002338115182598263	0.0	0.0	0.0	0.0	0.0	0.0	0.0	0.0	0.001406912506191777	0.00227057817790126	0.0024312040053694165	0.0	0.0021118593522744776	0.0	0.0	0.01293243758123473	0.0006008570757986885	0.0006468768500825789	0.002322635103229074	0.012397955262382344	0.02213224335111758	0.0	0.0001875883341588797
0.0	9.815063899897563e-05	4.228347925399434e-05	0.0	7.28524581279424e-05	0.0	0.0	0.00016934946273699342	0.0	0.0	0.0	0.0	0.0	0.0	0.0	0.0	0.00014478764031249672	4.63976551239838e-05	0.0005949979866595546	0.0006124979369984125	0.010681092537114582	0.0002334008379928122	0.00012129269263252835	0.00028837431342321825	0.0	0.0004435061121584164	0.00017222723827828857	0.0	0.0	0.0	0.00035092309901469125	0.0	0.0	0.0	0.000667082709634177	6.405023243885672e-05	9.966216671020073e-05	0.0009113863173011838	0.0013952703339431293	0.0	3.98170830124332e-05	0.0	0.0	0.0	0.0	0.006171251361651204	0.0025140860194932725	0.018595855975672284	0.014216074500044446	0.00492806064079046	0.0011325245668602998	0.0001427824664332749	0.0006483597827150877	0.0025554400375905097	0.0	0.0	0.0	0.0002075754486820576	0.001327501288093219	0.0	0.0	0.0	0.0	0.004781393205801819	0.0008898407717122508	0.0008374972023654927	0.0028037948153659567	0.0	0.0012790865958378097	0.0	0.0	0.00012273665056573472	0.0	0.003693328616000226	0.0020904491405784524	0.004597581736674969	0.0	0.0014036924424676068	0.0012777200594029415	0.000840952035210257	3.933773800951605e-05	0.0	0.0	9.219441476891792e-05	0.0	0.0014690311053129953	0.0	0.000510869672627559	0.0	0.0	0.0	0.0	0.0	0.0	0.0	0.00037218235155132254	0.002390420888156876	0.001555870726482511	0.0002977211755107266	0.0	0.004674676009404954	0.007332593241634449	0.00107334598909765	0.008489740107400669	0.0009079849894642917	0.00058330696333662	0.00021943961747638723	0.00309125824565942	0.005826276955586786	0.0	0.0	0.0003561179968581042	0.0019232041607743155	0.007166502634586247	0.003008669085633461	0.0006281022730577701	0.0071625786246189245	0.0	0.0	0.0	4.318117938095873e-05	7.149366036228282e-05	2.6477726055876138e-05	0.019234274234104187	0.004588576266500182	0.0	0.018849959668070446	0.05645199227616531	0.0032279241700765788	0.005468540178805756	0.0033351510773412417	0.0013615049076284884	0.0	0.0	0.0003495384921491939	0.0008561581851245813	0.0032181524237254243	0.03227613138227671	0.00047914502735207644	0.0002983897176323969	0.0	0.0011788526145694721	0.029279279882593847	0.0	0.001016960815658541	0.0	0.0	0.0	0.0002331278613686112	0.0	0.0	0.01899429881943801	0.04677808842548571	0.021630626884697104	0.01674994323515612	0.0060648712817554275	0.0	0.0	0.009371900151338493	0.0012069812383457426	0.0193856581008002	0.008194444627604552	0.0005231609533084269	0.0006248411259339978	0.00044196080318385154	0.005096031390580919
0.0	0.0	0.0	0.0	0.0	0.0	0.0	3.313236662923136e-05	0.0	0.0	0.0	0.0	0.0	0.0	0.0	0.0	0.0	0.0	0.0	0.00011116805948637679	0.00043354939189027444	0.0	0.0	0.0	0.0	0.0	0.0	0.0	0.0	2.096826494309353e-05	0.0	0.0	0.0	0.0	0.0	0.0	0.0	5.367198094363635e-05	0.0	0.0	0.0	0.0	0.0	0.0	0.0	0.0022728957120815795	0.00213432572988198	0.0009996204884238763	0.007426988901706448	0.004641799497449358	0.0016541438078770097	0.001015480560234305	0.00011521636965190379	0.0011899960197279112	0.0	0.0	0.0	0.0	0.0	0.0	0.0	0.0	0.0	0.0	0.0	0.0	0.0	0.0	0.0	0.0	0.0	0.0	0.0	0.00011457067226724435	0.00011168193264442774	0.00021804931392940528	0.0	0.000229901172786718	2.3494144227420153e-05	0.0	0.0	0.0	0.0	0.0	0.0	0.0	0.0	3.3276181732309185e-05	0.0	0.0	0.0	0.0	0.0	0.0	0.0	0.0	0.0	0.0	0.00010001220516447508	0.0	3.661357853199739e-05	0.0001744633075926087	3.15286811719952e-05	8.765361430487042e-05	3.368102899194345e-05	0.0	0.0	2.1277147483972436e-05	6.465271741968181e-05	0.0	0.0	0.0	0.00014492800666082446	0.0	0.0	0.0	8.73463299673867e-05	0.0	0.0	0.0	0.0	4.866316502760112e-05	0.0	0.004089869301844183	0.0013051794130193096	0.018849959668070446	0.0	0.028105028817621565	7.144240763200733e-05	0.0011950654223462612	0.0015516265015228963	0.000977080077161215	0.0	0.0	0.0	0.0	0.0	0.0	0.0	0.0	0.0	0.0	0.00011386707989130082	0.0	0.0	0.0	0.0	0.0	0.0	0.0	0.0	0.0008026867424528179	0.0006683129085855808	0.0006523638246763268	0.0	0.002067620066513584	0.0	0.0	0.0013061882738500013	0.00040447305959295283	0.004062059634221218	0.0007221895929918717	9.629194147809178e-05	0.0	0.0	0.0002293390692722109
9.364984002916779e-05	5.981224946423908e-05	1.581437073414484e-05	0.0	0.0	0.0	0.0	5.056426134782222e-05	0.0	0.0	0.0	0.0	0.0	0.0	0.0	0.0	2.7282277898815458e-05	0.0	0.0	0.0002923715854991937	0.003198677389819989	0.0	2.4589725721894588e-05	0.0	0.0	0.0	1.969607907054748e-05	0.0	0.0	1.7524558610702796e-05	0.00012909607019186438	0.0	0.0	0.0	1.872293126992294e-05	0.0	0.0	0.00010713001436969485	0.00033411643539526495	0.0	0.0	0.0	1.4793255076895966e-05	0.0	0.0	0.016587699280388953	0.011076574904838408	0.002787030989979302	0.012696686725794711	0.021337814511214966	0.005401856730754957	0.0025443355346175425	0.0011223216710561203	0.002826930918519838	0.0	0.0	0.0	0.0	5.076063442895375e-05	0.0	0.0	0.0	0.0	0.0	5.500119309253752e-05	0.0	0.0004532387358821603	0.0	0.0	0.0	0.0	0.0	0.0	0.0004972403621237469	0.00010913658341374179	0.0010245957553402082	0.0	0.00033202273961030536	1.925466746922876e-05	2.8799930122773642e-05	0.0	0.0	0.0	0.0	0.0	0.0	0.0	0.0	0.0	0.0	0.00041250894819415103	0.00012238496749926005	0.00012690428358451042	0.0	0.0	4.985601068752184e-05	0.00046789748662360426	0.00029087826599479954	0.00023834477729214328	0.0007317339245686319	0.000681497286219521	0.001145542078715061	0.0007301257722633841	0.000869869273753856	0.0001536021005243211	0.0002147891413906332	0.0005083625294502364	0.0001773979397280601	0.00133974528979825	0.0	0.0	0.00022478074948218188	0.00039392158141092406	3.787995605183654e-05	0.0	0.0011161254915208853	0.000384239659312808	0.0	0.0	9.54313742007116e-05	0.0	0.0001336849878908709	7.44859206383174e-05	0.013436334679579706	0.002420221157292464	0.05645199227616531	0.028105028817621565	0.0	0.0005135019223561236	0.00252616741342747	0.012094179399098385	0.010251839429267277	0.0	0.0	0.0	9.70597462446346e-05	0.0	0.0	0.0	0.0	0.0	0.000162349279562885	0.0002754239638190854	0.0	0.0	0.0	0.0	0.0	0.0	0.0	0.0	0.0021556043842020176	0.0022343944435745367	0.002207983166233836	0.0	0.00038722549196855795	0.0	0.0	0.002714375894020249	0.00023006039561493966	0.0011524534209228336	0.00024450972079724466	0.0006073874915881273	0.001515575626919382	0.0	0.00011054381457443075
2.4547331273373253e-05	1.844229429142093e-05	0.0	0.0	0.0	0.0	0.0	0.0	0.0	0.0	0.0	0.0	0.0	0.0	0.0	0.0	0.0	0.0	0.0	6.79823755502251e-05	0.0005932271366663969	0.0	0.0	0.0	0.0	0.00010490753413519196	2.6233789744939862e-05	0.0	0.0	4.5034866200599884e-05	3.834635009603392e-05	0.0	0.0	0.0	2.453524467875171e-05	0.0	0.0	6.514398948696201e-05	0.0004820419117211285	0.0	3.5216310762844206e-05	0.0	0.0	0.0	0.0	0.011532472526205942	0.03062107543823197	0.0017849939599786637	0.006668173539168113	0.009080529342835236	0.032330085053098756	0.008356637068591919	0.0034807170920269264	0.005144801852778738	0.0	0.0	0.0	0.0	0.0	0.0	0.0	0.0	0.0	0.0	0.0	0.0	0.0004164157114872093	0.0	0.0	0.0	0.0	0.0	0.0	0.00036716430318251464	0.0	0.0003394921448654911	0.0	0.00036911911189995263	0.0	0.0	0.0	0.0	0.0	0.0	0.0	3.4307112853008814e-05	0.0	0.0	0.0	0.0	0.0	0.0	0.0	0.0	0.0	0.0	0.0003440580989048945	6.733930026333374e-05	0.0	0.0	0.00020806296743675827	0.000305399896104082	0.0	0.000307125294468323	3.7865563519436224e-05	6.54380589155717e-05	0.0	0.00020586629340156544	0.0006509139728241577	5.304000316361687e-05	0.0	4.359674707585157e-05	0.00018363652821457903	0.0	0.0	0.0	0.0	0.0	0.0	0.0	0.0	0.0	0.0	0.0040403579635922	0.0011654194683071628	0.0032279241700765788	7.144240763200733e-05	0.0005135019223561236	0.0	0.009398120560843205	0.03821743445459619	0.017401329852711186	0.0	0.0	0.0	0.000502947363789283	0.0	0.0	0.0	0.0	0.0	0.00017164635079767798	0.0005453469752908246	0.0	0.0	0.0	0.0	0.0	0.0	0.0	0.0	0.0016545252186872961	0.0029841599430101484	0.0030424743539120423	0.0	0.0046086547860765105	0.0	0.0	0.0006649685504642622	0.0	0.0005475943103439386	0.0	0.0029560810810810773	0.0024684126115664903	0.0	0.00018383613540968628
1.7082990379648148e-05	8.330635308395025e-05	0.0	0.0	0.0	0.0	0.0	2.237085522271719e-05	0.0	0.0	0.0	0.0	0.0	0.0	0.0	0.0	0.0	0.0	0.0	9.227978377609337e-05	0.0006065864755164619	0.0	0.0	2.602824802315771e-05	0.0	2.7126335593406824e-05	0.0	0.0	0.0	1.6074542877429112e-05	6.837102468464579e-05	0.0	0.0	0.0	1.7077135618130586e-05	0.0	0.0	9.049570147077595e-05	0.00022990117858781326	0.0	0.0	0.0	0.0	0.0	0.0	0.01848752354962658	0.04183818621119028	0.0012641272813347763	0.010770365259104558	0.01663526386185213	0.04233833320933449	0.028746416732338166	0.004705484449040221	0.006665821662467939	0.0	0.0	0.0	3.861190711162801e-05	4.0245181086198396e-05	0.0	0.0	0.0	0.0	0.0	0.0	0.0	7.998568375993951e-05	0.0	4.268643825512552e-05	0.0	0.0	0.0	0.0	0.0003441261574256772	0.0	0.0001688384321186095	0.0	0.0004306921522476849	0.00014014718272870036	5.362505583496902e-05	0.0	0.0	0.0	0.0	0.0	6.389965470190476e-05	0.0	0.0	0.0	0.0	0.0	0.0	0.0	0.0	0.0	0.0	0.0001508318716005797	3.0627584500167474e-05	2.8971558606179265e-05	0.0	9.562212891520426e-05	0.0008011427387260818	4.3256147013450845e-05	0.000428539282328601	2.2619647055466893e-05	0.0	0.0	0.0002925981040033941	0.001474031936013094	0.0	0.0	7.364199382009002e-05	0.0003934267967768166	0.00012679664414931292	0.0	2.9570052429318014e-05	0.00019254667469228125	0.0	0.0	0.0	2.967460567859282e-05	0.0	1.699269623744305e-05	0.014197232508421104	0.022792792381842824	0.005468540178805756	0.0011950654223462612	0.00252616741342747	0.009398120560843205	0.0	0.1505643631641256	0.020037468175547964	0.0	0.0	0.0	0.0005436206023415436	0.0	0.0	0.0	0.0	0.0	8.465225790194127e-05	0.00017166483310650907	0.0	0.0	0.0	0.0	0.0	0.0	0.0	0.0	0.00107574245306267	0.00174491244536432	0.0037526816850898064	0.0	0.003401549137311595	0.0	0.0	0.010190816008463976	0.0003348113058153369	0.0005576619766750442	0.0007813575895456858	0.009556645638387191	0.02034425951801607	0.0	0.0003012078868575524
0.0	0.0	0.0	0.0	0.0	0.0	0.0	0.0	0.0	0.0	0.0	0.0	0.0	0.0	0.0	0.0	0.0	0.0	0.0	0.00011448841265035703	5.577065697407861e-05	0.0	0.0	0.0	0.0	0.0	0.0	0.0	0.0	0.0	0.0	0.0	0.0	0.0	0.0	0.0	0.0	0.0	0.0002713126014832468	0.0	0.0	0.0	0.0	0.0	0.0	0.0018986050227655146	0.004645738993456642	0.0016874017074385108	0.0040194666720123635	0.003065915391957356	0.005933973810070231	0.003400934290183776	0.0019005894896135412	0.003973936983470477	0.0	0.0	0.0	0.0	0.0	0.0	0.0	0.0	0.0	0.0	0.0	0.0	0.0	0.0	0.0	0.0	0.0	0.0	0.0	0.00012185499918556881	0.0	0.00034680176458561714	0.0	0.0011005637471474916	9.514287672989897e-05	3.358455377627103e-05	0.0	0.0	0.0	0.0	0.0	9.402090602547933e-05	0.0	0.0	0.0	0.0	0.0	0.0	0.0	0.0	0.0	0.0	0.0	0.0	0.0	0.0	0.0	0.0	0.0	4.4852459270916e-05	3.428350817169611e-05	0.0	0.0	0.00010758005365894104	0.00013152379919249442	0.0	0.0	0.0	7.338892367510126e-05	0.00012116979630085253	5.996520130190757e-05	0.0	9.15171361885781e-05	0.0	0.0	0.0	0.0	0.0	0.0	0.01709564998965578	0.05589391722046775	0.0033351510773412417	0.0015516265015228963	0.012094179399098385	0.03821743445459619	0.1505643631641256	0.0	0.029033810433393616	0.0	0.0	0.0	0.0004667470412133046	0.00010236195286049632	0.00046280499562196344	0.0	0.00010647667403403815	0.0	0.0	0.0	0.0	0.0	0.0	0.0	0.0	0.0	0.0	0.0	0.0006098342220961923	0.0010643245339881917	0.0014984624244039901	0.000343761407378437	0.027370820154827617	0.0	0.0	0.023326625795301526	0.0027871621238748966	0.010731319702265207	0.0038841716812648636	0.013382915082800817	0.01071287122545003	0.00024087532501274733	0.0010977015997731701
0.0	0.0	0.0	0.0	0.0	0.0	0.0	0.0	0.0	0.0	0.0	0.0	0.0	0.0	0.0	0.0	0.0	0.0	0.0	0.0	0.0	0.0	0.0	0.0	0.0	0.0	0.0	0.0	0.0	0.0	0.0	0.0	0.0	0.0	0.0	0.0	0.0	0.0	0.0	0.0	0.0	0.0	0.0	0.0	0.0	0.0006855833035437007	0.0010194376190758843	0.00033783783319694754	0.0004657110225267519	0.000645410647826299	0.0013395451866089997	0.0004383966065265599	0.00029084288507777765	0.0006578360731743509	0.0	0.0	0.0	0.0	0.0	0.0	0.0	0.0	0.0	0.0	0.0	0.0	0.0	0.0	0.0	0.0	0.0	0.0	0.0	0.0	0.0	0.0009396550608790146	0.0	0.0	0.0	0.0	0.0	0.0	0.0	0.0	0.0	0.0	0.0	0.0	0.0	0.0	0.0	0.0	0.0	0.0	0.0	0.0	0.0	0.0	0.0	0.0	0.0	0.0	0.0	0.0	0.0	0.0	0.0	0.0	0.0	0.0	0.0	0.0	0.0	0.0	0.0	0.0	0.0	0.0	0.0	0.0	0.0	0.0	0.0	0.014734519491534731	0.016245458016807452	0.0013615049076284884	0.000977080077161215	0.010251839429267277	0.017401329852711186	0.020037468175547964	0.029033810433393616	0.0	0.0	0.0	0.0	0.0	0.0	0.0	0.0	0.0	0.0	0.0	0.0	0.0	0.0	0.0	0.0	0.0	0.0	0.0	0.0	0.0	0.0	0.000928709728524372	0.0	0.02707802135302201	0.0	0.0	0.004354172165739463	0.0007521672714083354	0.005081923204963432	0.0007437474601200123	0.004788572463172857	0.002574299418015088	0.0	0.0
0.0	0.0	0.0	0.0	0.0	0.0	0.0	0.0	0.0	0.0	0.0	0.0	0.0	0.0	0.0	0.0	0.0	0.0	0.0	0.0	0.0	0.0	0.0	0.0	0.0	0.0	0.0	0.0	0.0	0.0	0.0	0.0	0.0	0.0	0.0	0.0	0.0	0.0	0.0	0.0	0.0	0.0	0.0	0.0	0.0	0.0	0.0	0.0	0.0	0.0	0.0	0.0	0.0	0.0	0.0	0.0	0.0	0.0	0.0	0.0	0.0	0.0	0.0	0.0	0.0	0.0	0.0	0.0	0.0	0.0	0.0	0.0	0.0	0.0	0.0	0.0	0.0	0.0	0.0	0.0004259066845339222	0.00028579890578601193	0.0	9.172771616686966e-05	0.0006673805787841681	0.0	0.0	0.0	0.0007858333799676787	0.00011351043978372458	0.0	0.0	0.0	0.0	0.0	0.0	0.0	0.0	0.0	0.0	0.0	0.0	0.0	0.0	0.0	0.0	0.0	0.0	0.0	0.0	0.0	0.0	0.0	0.0	0.0	0.022779922493514175	9.190746909270173e-05	0.0	0.0	0.0	0.0	0.0	0.0	0.0	0.0	0.0	0.0	0.0	0.0	0.0	0.0	0.0	0.0	0.0	0.002166568778975615	0.0009953773772757074	0.0	0.0	0.001339995468094242	0.0	0.0	0.0	0.0	0.0	0.0	0.0	0.0	0.0	0.0	0.000446248489994636	0.0	0.000582393957003768	0.0	0.0	0.0	0.0	0.0	0.0	0.0	0.0	0.0	0.0	0.0	0.0	0.0	0.0	0.0
0.0	0.0	0.0	0.0	0.0	0.0	0.0	0.0	0.0	0.0	0.0	0.0	0.0	0.0	0.0	0.0	0.0	0.0	0.0	0.0	0.0	0.0	0.0	0.0	0.0	0.0	0.0	0.0	0.0	0.0	0.0	0.0	0.0	0.0	0.0	0.0	0.0	0.0	0.0	0.0	0.0	0.0	0.0	0.0	0.0	0.0	0.0	0.0	0.0	0.0	0.0	0.0	0.0	0.0	0.0	0.0	0.0	0.0	0.0	0.0	0.0	0.0	0.0	0.0	0.0	0.0	0.0	0.0	0.0	0.0	0.0	0.0	0.0	0.0	0.0	0.0	0.0	0.0	0.0	1.9351876524219456e-05	2.040584816912745e-05	0.0	0.0	0.0	0.0	0.0	0.0	0.0	0.0	0.0	0.0	0.0	0.0	0.0	0.0	0.0	0.0	0.0	0.0	0.0	0.0	0.0	0.0	0.0	0.0	0.0	0.0	0.0	0.0	0.0	0.0	0.0	0.0	0.0	0.00034091958706319246	0.0	0.0	0.0	0.0	0.0	0.0	0.0	0.0	0.0	0.0	0.0	0.0	0.0	0.0	0.0	0.0	0.0	0.002166568778975615	0.0	0.0	0.0	0.0	0.0	0.0	0.0	0.0	0.0	0.0	0.0	0.0	0.0	0.0	0.0	0.0	0.0	0.0	0.0	0.0	0.0	0.0	0.0	0.0	0.0	0.0	0.0	0.0	0.0	0.0	0.0	0.0	0.0
0.0	0.0014098979414721232	0.0004999274351604466	8.929301134187491e-05	0.00015290737803231783	0.0	0.0	0.0003583157440970761	0.0	0.0020451012527511773	0.0	0.0	0.0	0.00038248851566085695	0.0	0.0	0.00010295012652436697	0.0	0.0	0.0	0.0	0.0	0.0	0.0	0.0	0.0	0.0	0.0	0.0	0.0	0.0	0.0	0.0	0.0	0.0	0.0	0.0025169379192221146	0.0005567718614880447	0.00026854068443903084	0.0	0.0	0.0	0.0	0.0	0.0	3.717176920364438e-05	0.0	0.0	0.0	5.6238788448130975e-05	0.0	0.0	0.0	0.0	0.0	0.0	0.003173954250369689	0.003972299727039857	0.0	0.0	0.0	0.0	0.0	0.0	0.0	0.0	0.0	0.0	0.0	0.0	0.0	0.00087534929572766	0.0	0.0	0.0	0.0	0.0029285483580356155	0.0	5.762275719247206e-05	0.015186432749727002	0.004339170142078157	6.747036454570583e-05	0.008092346494329803	0.011095380578666904	0.0	0.0041913757140816235	0.0	0.0380244630870766	0.0034140923714254382	0.0003632334073079027	0.0005702108088516728	0.001784276955456448	0.00015593532088264677	0.005617407136170392	5.392609238632047e-05	0.0020097361205347964	0.0	0.0	0.0	0.0	0.0	6.634745116232985e-05	0.0	0.0	0.0	0.0	0.0	0.0	4.332902044836173e-05	0.0	4.856534685696305e-05	0.0	0.0	0.00010902465696468269	0.1539150885278215	0.002796307937193591	0.006678930295121824	0.0	0.0	0.0	0.0	0.0	0.0	3.6558178014293666e-05	0.0	0.0003495384921491939	0.0	0.0	0.0	0.0	0.0	0.0	0.0009953773772757074	0.0	0.0	0.003255482742829545	0.0016422190175737936	0.0	0.001259553405891524	0.0009717212285920008	0.0	0.0	0.0	0.0	0.0	0.0	0.0	0.0	0.007411611968819214	0.01908034006983805	0.003508458933173159	0.012710537040855879	0.00534500964752298	0.048433949359356354	0.04736419699010189	0.00587977354603285	0.0007651605317589903	0.0	0.0	0.0	0.0	0.0	0.0	0.0	0.012377189700972227	0.0034665101020515707
0.00021066745889548476	0.0042751567509835995	0.002112184366227895	0.000538039235127516	0.0011440524574127416	0.0	0.0	0.0038528786785360612	0.0	0.004752204401751926	0.0	0.0	0.00012324892261981972	0.0	0.0	0.0	0.0004708541339386072	0.0	0.0	0.0	0.0	0.0	0.0	0.0	0.0	0.0	0.0	0.0	0.0	0.0	4.289081105499147e-05	3.6835171901160294e-05	0.0	0.0	2.6319521320948697e-05	0.000557940702190667	0.007202495701214987	0.0004766623996289932	0.0001806701379499023	0.0	0.0	0.0	0.0	0.0	0.0	3.4827120675700224e-05	0.0	0.0	0.0	0.0	0.0	0.0	0.0	0.0	0.0	0.0	0.004429429412412893	0.010870532141934395	0.0	0.0012813134762076313	0.0003838696650699519	0.0010391623265815064	0.0	0.0	0.0	0.0	0.0	0.0	0.0	0.0	0.0	0.006346989664299731	0.0	0.0014902753649032418	0.0006873252524500183	0.0015984308196512608	0.004406696311768417	0.00037661657128115376	0.026588441905011122	0.031982955044796514	0.006444733693954585	0.0007214816033810972	0.0052940839601589695	0.0014958673249283352	0.0	0.1019882568826944	0.0	0.04881837106883099	0.00035765270141941243	0.0	0.0	0.0	0.00012159483139313518	0.0	4.912793766395028e-05	0.026235141819229094	0.0	8.273293452131967e-05	0.00014333434260615572	0.0	0.0	0.0	0.0	0.00017885977665555277	0.00029603145972074014	0.0	0.00010767981954937549	0.01816645362869218	0.006187139296151344	0.0	0.00022319503873740573	0.0002478387698121479	0.0009050875510900245	0.0346888508047763	0.15492293792489092	0.0018861120754985693	0.0005550920945868329	0.0	5.8631267056521945e-05	0.0	0.0002562215178640696	0.00013788107531167336	0.00020895587875462281	0.00024001552058021102	0.0004614717285032502	0.0008561581851245813	0.0	9.70597462446346e-05	0.000502947363789283	0.0005436206023415436	0.0004667470412133046	0.0	0.0	0.0	0.003255482742829545	0.0	0.008241407698671904	0.013459198497890726	0.0011516089952098955	0.0023259889606537863	0.002040863321986497	0.0003264935707060373	0.0025566106998389567	0.0	0.0	0.0	0.0	0.0	0.0010992655418852022	0.05652715812068628	0.0	0.006351478080818771	0.01908877713360173	0.06501429751314514	0.026212514809125786	0.0033815624868765164	0.00032071493124015627	0.0	0.0002158065385419091	0.0	0.0	0.0	0.0	0.0	0.0025174023321901987	0.0
0.0	1.9795348966785745e-05	2.133351098449697e-05	0.0	3.6999270555039245e-05	0.0	8.646538052050461e-05	0.0001293403893754654	0.0	6.314475593550479e-05	0.0	0.0	0.0	0.0	0.0	0.0	0.0005912840751791378	0.0	0.0014291327314676233	0.004634920890856379	0.0006105547768924144	0.0010364605912611706	0.00020569044751747676	0.000295623775722557	4.410561968456655e-05	0.0010417931492391623	0.0002615328148056509	0.00018028203266871035	0.0	0.0005404905891133263	0.004916897639511704	0.0	0.0	0.0	0.007503085619952242	0.0017777708404804447	0.0006244333317148851	0.0026622378315886565	0.0004355625596870955	0.0007673698695984095	0.00024301670875117828	0.0	9.758123914930177e-05	0.0	5.9241171645997394e-05	3.6009994242441354e-05	0.0	0.0009945496761379032	0.0	0.0	0.0	4.857718110365047e-05	0.0	0.0	0.0	0.0005235044713247729	0.0	0.0006830074231167324	0.013767145831621981	0.0	0.0	0.0	0.0	0.01679025636454217	0.011523223357565424	0.009170192377425484	0.044310175683218524	0.0	0.014581530610929276	0.0	0.0	0.0	0.0	0.0	0.0	0.00045769074468924144	0.00044766834435184475	0.0	0.028024162689110513	0.003221213016624321	0.00011900847417716547	0.0	0.0002151949574341895	9.595586627473735e-05	0.0	0.01187004064589822	0.0	0.0004335729501627596	0.0	0.0	0.0002537143456812308	0.0	0.0	0.0	0.0	0.003914716716093113	0.02912319410434713	0.0031407322132166343	0.00030745099150141495	0.0012076602804608752	0.006592893140299304	0.02032609331699052	0.0011726744387522108	0.019583405671674693	0.0025987813592742654	0.0004319521514566109	0.00059441578813006	0.040063557235588104	0.04267730842386154	0.0009902674017546566	9.320208927437342e-05	0.0020279524546780395	0.01819106022981783	0.17400104153093993	0.04984944304027114	0.0026804003721192693	0.004482976014153491	0.00024094811723224485	0.0	0.0	0.000261487531408696	0.0005161454668289983	0.0002945712703060154	0.0	0.0	0.0032181524237254243	0.0	0.0	0.0	0.0	0.00010236195286049632	0.0	0.0	0.0	0.0016422190175737936	0.008241407698671904	0.0	0.022504359135031154	0.0	0.0	0.0	0.008020150259684852	0.0139290232438016	0.002028746306389565	0.0008551633426552741	0.0	0.014716100011524567	0.0	0.0	0.00028571844161000097	0.0	0.012115226258812563	0.031148349389786854	0.030769704173370504	0.05925559522590601	0.006983625670673764	0.0	0.0	0.0	0.0	0.0002779007614353335	0.0	0.0	0.0	0.0043538418278253	0.0005769155361339297
2.7851235414531383e-05	0.0006681431828634092	0.00030602225565811537	0.00027420518723624677	3.860816830182067e-05	0.0	0.0	0.0016312988039878958	0.0	0.0003928379240802297	0.0	0.0	0.0	0.0	0.0	0.0	0.0	0.0	0.0	0.0	0.0	0.0	0.0	0.0	0.0	0.0	0.0	0.0	0.0	0.0	0.0001882749409101238	0.0	0.0	0.0	2.783567686076369e-05	0.00014223482506439832	0.0014146928620804777	0.00019014960161162114	0.0	0.0	0.0	0.0	0.0	0.0	0.0	0.0	0.0	0.0	0.0	0.0	0.0	0.0	0.0	0.0	0.0	0.0	0.0007593307497838032	0.0015309087846959825	0.000451470711025344	0.0	0.0	0.0	0.0	0.0	0.0	0.0	0.0	0.0	0.0	0.0	0.0	0.0024257001698746567	0.0	0.0	0.0	0.001889330155246088	0.002708824266152184	0.0	0.008824348119421016	0.012047893800948242	0.002089661934028503	6.866741020297953e-05	0.002849590368381801	0.0037654034480971064	7.204276360867962e-05	0.03758857546267647	0.0	0.012170737847302935	0.0008777182334668515	0.0002499756286915325	0.0001480039507241275	0.0005691931564519266	0.0	0.0016584446515856362	0.0	0.004949137991093254	0.0	0.0	0.0	0.0	0.0	0.0	0.0	6.801136945466907e-05	0.0	0.0	0.0	0.0038317999504717285	0.00017527832752290074	0.0	0.0	0.0	6.0084953436683834e-05	0.0396012286496119	0.07474318104643374	0.0003576126042070412	0.000299848555390531	0.0	0.0	0.0	2.233888970411228e-05	0.0	0.0	0.0	0.0	0.03227613138227671	0.0	0.0	0.0	0.0	0.00046280499562196344	0.0	0.001339995468094242	0.0	0.0	0.013459198497890726	0.022504359135031154	0.0	0.0018672067039426172	0.0	0.0	0.0	0.0014958673481327163	0.0	0.0	0.0	0.0	0.0	0.0014229828911298363	0.008172169419490312	0.0004946012961010768	0.07907080288243358	0.1573765338739365	0.0	0.12598177690404705	0.3378378378378385	0.026703736197956646	0.0	0.0	0.0	0.0	0.0	0.0	0.0	0.18420801162263165	0.006589233573536125
0.0	0.0005319680316187798	0.00011053922445301295	0.0	0.0	0.0	0.0	9.279531024800746e-05	0.0	0.00046617784295188025	0.0	0.0	0.0	0.0	0.0	0.0	0.0	0.0	0.0	0.0	0.0	0.0	0.0	0.0	0.0	0.0	0.0	0.0	0.0	0.0	0.0	0.0	0.0	0.0	0.0	0.0	0.0006275954540389695	0.0	0.0	0.0	0.0	0.0	0.0	0.0	0.0	0.0	0.0	0.0	0.0	0.0	0.0	0.0	0.0	0.0	0.0	0.0	0.002495453169175085	0.002544952551357261	0.0	0.0	0.0	0.0	0.0	0.0	0.0	0.0	0.0	0.0	0.0	0.0	0.0	0.00016445901829358772	0.0	0.0	0.0	0.0	0.0016891891891891587	0.0	2.9468408432360357e-05	0.003926615381136501	0.0009636127435584994	0.0	0.0015745880437366242	0.0015945945745459668	0.0	0.0014285470290729243	0.0	0.012276884383560817	0.000465167621762935	0.0001335953956819216	0.0	0.000153562658836352	0.0	0.0005273130103701262	0.0	0.0009948128721052516	0.0	0.0	0.0	0.0	0.0	0.0	0.0	0.0	0.0	0.0	0.0	2.6062280184111557e-05	0.0	0.0	0.00010092370901210026	0.0	0.0	0.0	0.012370244413620004	0.0005623350016417117	0.0	0.0	0.0	0.0	0.0	0.0	0.0	0.0	0.0	0.00047914502735207644	0.0	0.0	0.0	0.0	0.0	0.0	0.0	0.0	0.001259553405891524	0.0011516089952098955	0.0	0.0018672067039426172	0.0	0.0007786106404416179	0.0	0.0	0.0	0.0	0.0	0.0	0.0	0.0	0.0004606879765091357	0.008585130145853877	0.0	0.043687522732706076	0.0028679759496563584	0.0	0.006455848711423654	0.013070446741963272	0.0018759935625142952	0.0	0.0	0.0	0.0	0.0	0.0	0.0	0.025554400839993274	0.0
2.7282277898815458e-05	0.0005185543886591438	0.00027958742004492905	0.00025664076345718396	3.7523402960776454e-05	0.0	0.0	0.0006135753001341328	0.0	0.00047929865211747267	0.0	0.0	0.00014721146227138335	0.0	0.0	0.0	0.00010041527728710337	0.0	0.0	0.0	0.0	0.0	0.0	0.0	0.0	0.0	0.0	0.0	0.0	0.0	0.0	0.0	0.0	7.666320159176663e-05	0.0	0.0	0.0010832843198746046	8.875624123691594e-05	0.0	0.0	0.0	0.0	0.0	0.0	0.0	0.0	0.0	0.0	0.0	0.0	0.0	0.0	0.00020012481579078476	0.0	0.0	0.0	0.0014522718860008003	0.0014944654307808662	0.0	0.0016656628459488373	0.0	0.0003954847925841961	0.0	0.0	0.0	0.0	0.0	0.0	0.0	0.0	0.0	0.0010892039261027908	0.0	0.0	0.0	0.0	0.001077428804213858	0.0	0.00028409965588602025	0.005027693403168339	0.0008992976560372961	6.530941369247415e-05	0.0016624944004242624	0.0023895023185678496	0.0	0.01424315097517191	0.0	0.011857196740702425	0.0003041571609727069	0.0	0.0	0.00012859634301941344	0.00014485779303086065	0.0009491634604341449	0.0	0.0038068379912818747	0.0	0.0	0.0	0.0	0.0	0.0	0.0	0.0	0.0	0.0	0.0	0.0	0.0	0.0	0.0	0.0	0.0	0.00010349134607405415	0.015966284441530334	0.00016758744782112477	0.0	0.0	0.0	0.0	0.0	0.0	0.0	0.0	0.0	0.0002983897176323969	0.0	0.0	0.0	0.0	0.00010647667403403815	0.0	0.0	0.0	0.0009717212285920008	0.0023259889606537863	0.0	0.0	0.0007786106404416179	0.0	0.0	0.0	0.0	0.0	0.0	0.0	0.0	0.0	0.0007715780581165604	0.009664209340191817	0.00036093132146044403	0.0	0.0	0.0	0.005839061184853218	0.03654590012255469	0.012240432681860891	0.0	0.0	0.0	0.0	0.0	0.0	0.0	0.056166992440181696	0.0007375553181513434
0.0	0.00044706359114038126	8.778148798150115e-05	0.0	0.0	0.0	0.0	9.137554290730738e-05	0.0	0.0002634496147072035	0.0	0.0	0.00017054487248368977	0.0	0.0	0.0	0.0	0.0	0.0	0.0	0.0	0.0	0.0	0.0	0.0	0.0	0.0	0.0	0.0	0.0	0.0	0.0	0.0	0.0	0.0	0.0	0.0007227351285609765	0.0	0.0	0.0	0.0	0.0	0.0	0.0	0.0	0.0	0.0	0.0	0.0	0.0	0.0	0.0	0.0	0.0	0.0	0.0	0.0	0.0006482091687212405	0.0	0.0	0.0	0.0	0.0	0.0	0.0	0.0	0.0	0.0	0.0	0.0	0.0	0.0004676230539229783	0.0	0.0	0.0	0.0	0.0	0.0	0.0	0.003746715896293904	0.0009570418360817331	0.0	0.0012313119332910516	0.001206862571016936	0.0	0.004184743848632088	0.0	0.010111570052140103	0.00033579838641109426	0.0	0.0	0.0	0.0	0.00044817160149444857	0.0	0.0020935791886133206	0.0	0.0	0.0	0.0	0.0	0.0	0.0	0.0	0.0	0.0	0.0	0.0	0.0	0.0	0.0	0.0	0.0	0.0	0.012017299781620357	9.087044681559279e-05	0.0	0.0	0.0	0.0	0.0	0.0	0.0	0.0	0.0	0.0	0.0	0.0	0.0	0.0	0.0	0.0	0.0	0.0	0.0	0.002040863321986497	0.0	0.0	0.0	0.0	0.0	0.0	0.0	0.0	0.0	0.0	0.0	0.0	0.0007302594586435242	0.01053928983608821	0.0	0.0	0.0	0.0011073573821086995	0.0	0.0	0.0	0.0	0.0	0.0	0.0	0.0	0.0	0.0	0.0	0.0
0.0	0.0	8.754534254965181e-05	0.0	0.0	0.0	0.0	0.0	0.0	0.0	0.0	0.0	0.0	0.00040709590573629505	0.0	0.0	0.0013604863502569248	0.0	0.005671233907900848	0.0045827537388022106	0.0003890678463367499	0.005233081063652186	0.0009081327609184719	0.000572177300987202	4.653576774447114e-05	0.0019754291033999734	0.000782460645759219	0.0003027328049609127	4.2308160039588226e-05	5.0607589773641516e-05	0.003822949285586518	0.0	0.0	0.0	0.003596578393318158	0.0	0.0	0.004015166280789646	0.00029344766659154613	0.00036691086466759823	0.0002552576532758183	7.48425143370917e-05	0.00027969034898583256	0.0	0.0	0.0	0.00010271141120460689	0.0	8.506319051685829e-05	0.00011451307893323269	0.0	0.0	0.0	0.0	0.0	0.0	0.0	0.0	0.0064896291277841515	0.0	0.0	0.0	0.0	0.09438756127043424	0.017230394044008827	0.042368455781858855	0.039324689569089556	0.0	0.010866061650818482	0.0	0.0	0.0	0.0	0.0	0.0	0.0	0.0	0.0	0.00029076155363712844	0.0	0.0	0.0	0.0	0.0	0.0	0.0	0.0	0.0	0.0	0.0	0.0	0.0	0.0	0.0	5.486116610862132e-05	8.860335321133517e-05	0.019847557846161806	0.10652719137027854	0.0025367397001600004	0.05141671077285791	0.04346709424789479	0.02975040484674918	0.012911009365820772	0.029018699660836523	0.005065303104762768	0.002309611964306011	0.003769451503014163	0.0019573794639034595	0.012476303710015554	0.0001432313498531246	4.932244279045488e-05	0.0016623058182222367	0.00743337613471288	0.001242071926259267	0.0	0.00772853567150041	0.023494791560715392	0.0	9.379600312800298e-05	7.197772746167643e-05	0.00040261892898910573	0.01082559889942687	0.003705915573014805	0.00014794215739272301	9.212517282342663e-05	0.0011788526145694721	0.0	0.000162349279562885	0.00017164635079767798	8.465225790194127e-05	0.0	0.0	0.0	0.0	0.0	0.0003264935707060373	0.008020150259684852	0.0	0.0	0.0	0.0	0.0	0.04584050319756113	0.03300912420384502	0.09336940705220999	0.0	0.10018395442682716	0.0	0.0	0.0	0.001527389418949777	0.0	0.001239964711007673	0.009746911140202309	0.0	0.0	0.0	0.0	0.0	0.0	0.0	0.0	0.0	0.0	0.0	0.0
0.0	0.0	0.0	0.0	0.0	0.0	0.0	4.611320392136025e-05	0.0	9.945496587342588e-05	0.0	0.0	0.0	0.0	0.0	0.0	0.0002129248994671448	0.0	0.0016706072870434066	0.0020011424618418343	0.0003013217450733261	0.0	8.772112172104535e-05	0.0002596636767526608	0.0	0.001083088184638618	0.0003343093075117199	0.0	0.0	7.654054020470795e-05	0.0016296807027938733	0.0	0.0	0.0	0.002729121368326027	0.00021931889075661075	0.0	0.0021705902648485975	0.0	0.0	4.313912429688436e-05	0.0	4.021676149074322e-05	0.0	0.0	0.0	0.0	0.0006633088785781178	8.748050364004691e-05	5.834167027702149e-05	0.00016631149558357167	0.0	0.00022567147378482142	0.0	0.0	0.0	0.0	0.0	0.0032743216569686407	0.001493066112322403	0.0	0.0	0.0	0.01737031103903677	0.03508108268199947	0.011012394014194286	0.028151733043547563	0.0	0.03646176521847154	0.0	0.0	0.0	0.0	0.004309715216855591	0.0	0.0	0.0	0.0	0.0018199114386087054	0.00038777165985772377	4.089333233670395e-05	0.0	4.602801474833717e-05	0.0	0.0	0.0008356538096002128	0.0	0.0003711380343892907	0.0	0.0	0.0003137730317311129	0.0	0.0	0.0	0.0	0.001078765099507486	0.018548433387766388	0.011105286504491775	0.0004347313430818965	0.0	0.011585842104438918	0.015452572072621228	0.0028853257036806665	0.015013042824264296	0.002076049298790495	0.0007947144977343255	0.0006690716723356939	0.010181136778076852	0.03079555156335801	0.0002199643096884187	0.0	0.0011285170152327611	0.009725361673068875	0.01570682708674754	0.003792275866584737	0.00444331467330846	0.030144204367187063	0.0	0.0	0.0	0.00013518859564853105	0.0004977922731031993	0.00019534760884532218	0.00029948250589659724	0.0002338115182598263	0.029279279882593847	0.00011386707989130082	0.0002754239638190854	0.0005453469752908246	0.00017166483310650907	0.0	0.0	0.0	0.0	0.0	0.0025566106998389567	0.0139290232438016	0.0014958673481327163	0.0	0.0	0.0	0.04584050319756113	0.0	0.0	0.0010003730072884645	0.0	0.04062661440473219	0.0	0.0	0.00036422901552262126	0.0	0.0	0.01453406572139242	0.0028525841891540948	0.007972973151182805	0.03819388385695115	0.0	0.0	0.00029344766659154613	0.0	0.0004785697901441485	0.0	0.0	0.0	0.0	0.0
0.0	2.0331437442364577e-05	4.391491717997109e-05	0.0	0.0	0.0	9.771998118924267e-05	0.0	0.0	0.0	0.0	0.0	0.0	0.0004197406359190378	0.0	0.0	0.0010546957963870258	0.0	0.0022152740599988906	0.005066472180410008	9.868761649331935e-05	0.0059352158316661316	0.00017409188627884377	0.00025671650843723815	0.0	0.00028518190935018686	0.0007255027411880052	0.00010244087104296623	4.257474675068357e-05	0.0	0.0018536270566673052	0.0	0.0	0.0	0.0023796576958812566	0.0	0.0	0.0030061075049212563	0.000306770800768265	0.0	0.00017125001955479728	7.568080828592216e-05	0.00016029700654197857	0.0	3.083725660609671e-05	3.782424807576232e-05	0.0	0.0011873377694631658	0.0	0.0	0.0	0.0	0.0	0.0	0.0	0.0	0.0	0.0	0.0059722642636544036	0.0	0.0	0.0	0.0	0.08903153352154146	0.014273864514590482	0.050722688543396795	0.05678492747100386	0.0	0.016999942741180735	0.0	0.0	0.0	0.0005137224686265155	0.0	0.0	0.0	0.0	0.0	0.0	0.0	0.0	0.0	0.0	0.0	0.0	0.0	0.0	0.0	0.0	0.0	0.0	0.0	0.0	0.0	5.531025256700443e-05	4.459406661546554e-05	0.011952668632695373	0.028638698918475626	8.56296100507431e-05	0.01958523974787126	0.01700634191285369	0.015333957029136243	0.0015386063704708945	0.010070542551931834	0.0013101897923321715	0.0014643637712267571	0.0007426172315478601	0.0005429243222538486	0.0020782526150866965	0.0	0.0	0.0006704202398591996	0.0028717816838691843	0.00011483469199095662	0.00022525704310579538	0.001457248906080471	0.0012782321168162628	0.0	0.0	0.0	4.488402016270316e-05	0.002534736504456335	0.0004998555044045319	0.0	0.0	0.0	0.0	0.0	0.0	0.0	0.0	0.0	0.0	0.0	0.0	0.0	0.002028746306389565	0.0	0.0	0.0	0.0	0.03300912420384502	0.0	0.0	0.0	0.0	0.0017523018302277407	0.0	0.0	0.0	0.0	0.0	0.0	0.0	0.0	0.0	0.0	0.0	0.0	0.0	0.0	0.0	0.0	0.0	0.0	0.0
0.0	0.0	0.00010620435148399538	0.0	0.0	0.0	0.0005947443683104858	0.0	0.0	3.136989632693471e-05	0.0	0.0	0.0	0.0	0.0	0.0	0.0016098146340510302	0.0	0.00415259011329451	0.011063659646096255	0.000685552296657089	0.007136303278684621	0.00016317995666566677	0.00035051169651053996	0.00026226885274134544	0.0017991879090782422	0.0008377398740363258	0.0	3.9960770491281525e-05	0.0005622343960418714	0.01009909919256646	0.00022719338111659273	0.0	0.0	0.012883877568490461	0.00012993762726018672	0.0012228485847372407	0.008017703221718419	0.00041699648294575515	0.0009723137762862816	0.00016068063337296604	0.0	0.000291580350084381	0.0	0.00014721145937085566	0.0	9.587509754088646e-05	0.0006209480300356825	7.607798648958775e-05	0.0	0.0	0.0	0.0	0.0	0.0	0.00047289283238237465	0.0	0.0	0.00987103162028598	0.0	0.0	0.0	0.0	0.03276564246720898	0.007400655475145612	0.03229792310340168	0.09182963618026035	0.0	0.016943743713481094	0.0	0.0	0.0	0.0002871074109037179	0.0	0.0	0.0	0.0	0.0	8.384366269136632e-05	3.753046870219666e-05	0.0	0.0	0.0	0.0	0.0	0.0	0.0	0.0	0.0	0.0	0.0	0.0	0.0	0.0	0.0	0.0005842840254303797	0.030090306624782934	0.055250377741079944	0.0012107779315421385	0.010127332793072414	0.008134692587770997	0.019139594630425937	0.0009625319128144301	0.01527986865674131	0.0016588533623787566	0.0004244555332350596	0.0007742898322427472	0.0035806764723627154	0.01941900808124307	0.0003256933493852197	4.616126024475925e-05	0.0013377471236494765	0.014241577858618137	0.0027331444320985543	0.0001920272904879534	0.0019974378205213296	0.002571926813979826	0.0	0.0	0.0	0.00010846992084888894	0.001452801248099379	0.0006924682884475556	0.0	0.0	0.001016960815658541	0.0	0.0	0.0	0.0	0.0	0.0	0.0	0.0	0.0	0.0	0.0008551633426552741	0.0	0.0	0.0	0.0	0.09336940705220999	0.0010003730072884645	0.0	0.0	0.0	0.0004745817418192829	0.0	0.0	0.0	0.0002982780812384197	0.0005160500097066423	0.0013667953496108456	0.00041418039631603034	0.0008110857625939649	0.0005200895718113093	0.0	0.0	0.0	0.0	0.0	0.0	0.0	0.0	0.0024487017222842473	0.0
0.0	0.0	0.0	0.0	0.0	0.0	0.0	0.0	0.0	0.0	0.0	0.0	0.0	0.0	0.0	0.0	0.0	0.0	0.0	0.0	0.0	0.0	0.0	0.0	0.0	0.0	0.0	0.0	0.0	0.0	0.0	0.0	0.0	0.0	0.0	0.0	0.0	0.0	0.0	0.0	0.0	0.0	0.0	0.0	0.0	0.0	0.0	0.0	0.0	0.0	0.0	0.0	0.0	0.0	0.0	0.0	0.0	0.0	0.0	0.0	0.0	0.0	0.0	0.0	0.0	0.0	0.0	0.0	0.0	0.0	0.0	0.0	0.0	0.0	0.0	0.0	0.0	0.0	0.0	0.0	0.0	0.0	0.0	0.0	0.0	0.0	0.0	0.0	0.0	0.0	0.0	0.0	0.0	0.0	0.0	0.0	0.0	0.0	0.0	0.0	0.0	0.0	0.0	0.0	0.0	0.0	0.0	7.751286279865767e-05	0.0	0.0	0.0	0.0	0.0	0.0	0.0	0.0	0.0	0.0	0.0	0.0	0.0	0.0	0.0	0.0	0.0	0.0	0.0	0.0	0.0	0.0	0.0	0.0	0.0	0.0	0.0	0.0	0.0	0.0	0.0	0.0	0.0	0.0	0.0	0.0	0.0	0.0	0.0	0.0	0.0	0.0	0.0	0.0	0.0014656200345264294	0.0	0.0	0.0	0.0	0.0	0.0	0.0	0.0	0.0	0.0	0.0	0.001889330155246088	0.0
0.0	0.0	0.0	0.0	0.0	0.0	0.00019676637259546606	0.0	0.0	0.0	0.0	0.0	0.0	0.0	0.0	0.0	0.00031756397023499156	0.0	0.001633805842745384	0.003540766380292641	0.0002980922139518058	0.00203392158490832	8.73080717041262e-05	0.00019339358907767673	0.0	0.0003582392681782219	6.0584898150426266e-05	0.0	0.0	0.0002544349410851595	0.0029564851509931264	0.00012094922972660728	0.0	0.0	0.004908775125964911	0.000362671628655089	0.000974691114020219	0.0006833697599057934	0.0	0.0	4.2939319864299086e-05	0.0	0.0	0.0	3.090299468637093e-05	7.58463949223009e-05	0.0	0.0006190196511358729	8.666275139105725e-05	0.0	0.0	0.0	0.0	0.0	0.0	0.0	0.0	0.0	0.010823040544127019	0.0	0.0	0.0	0.0	0.013166377466264843	0.018983269301500863	0.01423745234739613	0.036240784840084014	0.0	0.04814597131916498	0.0	0.0	0.0	0.0	0.0	0.0	0.0	0.0	0.0	0.0001755645828680635	0.0	0.0	0.0	9.160125215790184e-05	0.0	0.0	0.0	0.0	0.0	0.0	0.0	0.0	0.0	0.0	0.0	0.0	0.0008051700895124708	0.013565127930831897	0.004516102298327973	0.00017227686089904207	0.0	0.00026421571394998604	0.002819978252166751	0.00012859633721831818	0.0030494681384713824	0.0005163842546625089	0.0	3.9190784510618586e-05	0.007122425866679111	0.017342191572298913	0.00036373050368092275	4.985601068752184e-05	0.00033650701414298517	0.007421650023428573	0.005556078589039358	0.00034053131935117374	0.00027496170886070993	0.0016338059355630278	0.0	3.1478887418727145e-05	0.0	0.00017981445229926573	0.0	8.346914358946392e-05	0.0	0.0	0.0	0.0	0.0	0.0	0.0	0.0	0.0	0.0	0.0	0.0	0.0	0.014716100011524567	0.0	0.0	0.0	0.0	0.10018395442682716	0.04062661440473219	0.0017523018302277407	0.0004745817418192829	0.0	0.0	0.0	0.0	0.0	0.0	0.0	0.0	0.0024722396677272864	0.005811204992397597	0.0	0.0	0.0	0.0	0.0	0.0	0.0	0.0	0.0	0.0	0.0
0.0	0.0014345613092748488	0.0	0.0	0.0	0.0	0.0	0.0	0.0006824228113290586	0.0023288533704576113	0.009134722077043116	0.013166748551114724	0.0061375524913721185	0.0015599295250392298	0.0	0.0	5.008148789402685e-05	0.00033653407628067463	0.00016749943351176033	0.0	0.0	0.0	0.0	0.0	0.0	0.0	0.0	0.0	0.0	0.0	0.0	0.0	0.0	0.0	5.446019978576479e-05	0.0	0.009373630596660873	0.0	0.0	0.0	0.0	0.0	0.0	0.0	0.0	0.0	0.0	0.0	0.0	0.0	0.0	0.0	0.0	0.0	0.0	0.0	0.0	0.0002460034753843015	0.0	0.0	0.0	0.0	0.0	0.0	0.0	0.0	0.0	0.0	0.0	0.0033234567531916755	0.0032826799417762604	0.0013522681620464446	0.0037272717416508244	0.0	0.0	0.0	0.0	0.0	0.0	0.00108040003114676	5.989312696869587e-05	0.0	0.0	0.0	0.0	0.0	0.011939163111892864	0.008224547424174528	0.03772636590738207	0.01931877660024942	0.0031764833449144355	0.0001277720065203678	0.0	0.0	0.00020959444078465843	0.002006047748402989	0.0017072747026963095	0.0	0.0	0.0	5.000610258223754e-05	0.0	8.195901539395513e-05	0.0	0.0	0.0	0.0	0.0	0.0	0.0	0.0	0.0	0.001114854899500933	0.0	0.0005058993122121826	0.000917872372068771	0.0	0.0	0.0	6.77973900310075e-05	0.0	0.0	0.0	0.0	0.0	0.0	0.0	0.0	0.0	0.0	0.0	0.0	0.0	0.0	0.0	0.0	0.0	0.0	0.0	0.0	0.0	0.0	0.0	0.0	0.0	0.0	0.0	0.0	0.010477304534673349	0.022480187129212743	0.00035451191554601667	0.0	0.0	0.0	0.0005170540179160668	0.0	0.0	0.0	0.0	0.0	0.0	0.0	0.0	0.0	0.0	0.0
0.0	0.009626664242562335	0.00106332080858243	0.0	0.00028232906694238854	6.81683762621496e-05	0.0	0.0	0.0	0.017167081993012576	0.0026246071024521897	0.00046509008424257194	0.0001663808999598897	0.0	0.0	0.0	0.00031815534610679414	0.0001924723045731988	0.0004485245927092796	0.0	0.0	0.0	0.0	0.0	0.0	0.0	0.0	0.0	0.0	0.0	0.0	0.0	0.0	0.0	0.00021478913703978187	0.0	0.0013832360652556049	0.00024250545769097516	0.0	0.0	0.0	0.0	0.0	0.0	0.0	0.0	0.0	0.0	0.0	0.0	0.0	0.0	0.0	0.0	0.0	0.0	0.0005484418280438788	0.0003245883962115434	0.0	0.00014227289189135578	0.0	0.00012892905938510454	0.0	0.0	0.0	0.0	0.0	0.0	0.0	0.0013436908044481839	0.000625331202974379	0.0027838592784347072	0.0	0.0	0.0	0.0	0.0	0.0	0.0	0.001553445497756569	0.00034378741516599665	0.0	0.00014242537964092515	6.548105087754701e-05	0.0	0.0004951746856582311	0.0028829551126275717	0.02274819352931875	0.0043072076618000665	0.00014308996541148253	0.0	7.689981691285023e-05	0.0	0.00011921310802655728	0.00028851742949356925	0.02660221194733262	0.023825644276198404	0.0	5.598997921205523e-05	0.0	0.00019860933317873054	0.0	0.0006085206729208761	0.0	0.00010888073454125347	0.0	0.0	0.0	0.0	0.0	0.0	0.0	0.019968090623525638	0.0	0.011287520294498667	0.002563844162700827	0.001073945706953166	0.0	0.0	0.00015054707233188178	3.941552787780381e-05	0.0	2.3700870824149007e-05	3.023730670652404e-05	0.0	0.0002331278613686112	0.0	0.0	0.0	0.0	0.0	0.0	0.000446248489994636	0.0	0.007411611968819214	0.0010992655418852022	0.0	0.0014229828911298363	0.0004606879765091357	0.0007715780581165604	0.0007302594586435242	0.0	0.0	0.0	0.0	0.0	0.0	0.010477304534673349	0.0	0.07054831978122578	0.0	0.00045568525755055667	0.0	0.0039659486813035235	0.002812336101716142	0.00030448628065558983	0.0	0.0	0.0	0.0	0.0	0.0	0.0	0.0	0.0	0.0
4.910675784299311e-05	0.019165090860896385	0.0025706510386758574	0.00012687734907103628	0.000455672831591515	0.0003699412207760666	0.0	0.024097418459712302	0.0	0.029149416787883572	0.002228866202846467	0.0005037076909362628	0.0011042898989517024	0.0003063385955147471	0.0	0.0	0.0007085975632657523	0.002336461352421383	0.0	0.0	0.0	0.0	0.0	0.0	0.0	0.0	0.0	0.0	0.0	0.0	0.0	0.0	0.0	0.0	0.0002699541517836217	0.0	0.008718560326169914	0.0012385453729485405	0.0	0.0	0.0	0.0	0.0	0.0	0.0	0.0	0.0	0.0	6.010986916689486e-05	0.0	0.0	0.0	0.0	0.0	0.0	0.0	0.001303039482456776	0.0027198854581025776	0.0	0.00034043435974355095	0.0	0.0	0.00017484590182756363	0.0	0.0	0.0	0.0	0.0	0.0	0.0012797709285573202	0.0023197227270188867	0.008582506122086962	0.00014337301274761814	0.00036784189502227753	0.000176588552667165	0.000680142700053405	0.0010117985780156032	0.0	0.0012476867310214114	0.025395447983436077	0.02014310357096653	0.004281552587023311	0.009580043962923382	0.0007791640423041068	0.00010693364999022614	0.027798330704652967	0.0043841001403197594	0.09110474012405037	0.005883583198889609	0.00046789746922031847	0.0006045365113339006	8.438794232201198e-05	0.0	0.0	8.654985615805335e-05	0.05718917963045949	0.03168981184320717	0.0	0.0010175716484242148	0.0	4.162997648747104e-05	0.0	0.0008442964411906214	0.0	0.0	0.0	0.0	0.0	0.0	0.0001061364858497995	0.00015901422060703415	4.361582689813224e-05	0.03516253258113851	0.00021839773387638802	0.02991302982945391	0.004747676415920702	0.002574299336799675	0.0	2.7126335593406824e-05	0.0	0.0002419963530382106	0.0	9.746910676114171e-05	0.0	0.0	0.0	0.0	0.0	0.0	0.0	0.0	0.0	0.0	0.0	0.01908034006983805	0.05652715812068628	0.00028571844161000097	0.008172169419490312	0.008585130145853877	0.009664209340191817	0.01053928983608821	0.0	0.00036422901552262126	0.0	0.0	0.0	0.0	0.022480187129212743	0.07054831978122578	0.0	0.0	0.0023942861735754164	0.00316527373758761	0.01591546970603034	0.02970981448853164	0.0009234390915019603	0.0	0.0	0.0	0.0	0.0	0.0	0.0	0.0	0.00216853298547722	0.0
0.0	0.0	0.0	0.0	0.0	0.0	0.0	0.0	0.0	0.0	0.0	9.95501706479188e-05	0.00014255270221290826	0.0	0.0	0.0	0.0	0.0	0.0	0.0009218375234467287	8.842156990004945e-05	0.0018899698542919907	4.140298519350871e-05	0.0	8.882050583745231e-05	0.0	0.0	0.0	0.0	0.0	0.0	0.0	0.0	0.0	0.0	0.0	0.00031735332064347714	0.001392659072599179	0.0022541624853070733	0.0	0.0	0.0	0.0	0.0	0.000297576716485368	0.0	0.0	0.0	0.0	0.0	0.0	0.0	0.0	0.0	0.0	0.0	0.0	0.0	0.0	0.0	0.0	0.0	0.0	0.0	0.0	0.0	0.00029917346962651136	0.0	0.0	0.0	0.0	0.0	0.0	0.0	0.0	0.0	0.0	0.0	0.0	5.667855833776049e-05	0.0	0.0	0.0	0.0	0.0	0.0	0.0004587441318731794	0.0	0.0005949240110153883	0.00980877454887601	0.008541084866324778	0.00025005403637710135	0.0	0.0	0.0	0.0	0.0	0.0010920633817660815	0.0003889634671205167	0.01606138691939059	4.958008130272431e-05	0.0	4.0692968097848105e-05	0.0	0.0	0.0	0.0001494675569875081	0.0	0.0	0.0	0.0	0.0	0.0	0.0	0.00019890166517749617	0.0015630054662019654	0.013934704378356304	0.0	0.0	0.0	2.1864727985233713e-05	0.000372952224410498	0.00010756480981493701	0.0	0.0	0.0	0.0	0.0	0.0	0.0	0.0	0.0	0.000582393957003768	0.0	0.003508458933173159	0.0	0.0	0.0004946012961010768	0.0	0.00036093132146044403	0.0	0.001527389418949777	0.0	0.0	0.0002982780812384197	0.0	0.0	0.00035451191554601667	0.0	0.0	0.0	0.0006337816440777233	0.0	0.0	0.0004748643714760815	0.0	0.0	0.0	0.0	0.0	0.0	0.0	0.0	0.0	0.0	0.0
0.0	0.00010215212267453445	4.414591413437596e-05	0.0	3.9281534039278096e-05	0.0	0.0	0.0003237098165145265	0.0	0.0002325353571826047	0.0	0.0	0.0	0.0	0.0	0.0	0.0	0.0	0.0	0.00010600947653727932	0.00020212886425633036	0.0	0.0	0.0	0.0	0.0	0.0	0.0	0.0	0.0	0.0	0.0	0.0	0.0	0.0	7.343624615921243e-05	0.00037320828502322245	0.0	0.0003309660806052127	0.0	0.0	0.0	0.0	0.0	0.0	0.0008015339911047408	0.00036676619100151563	0.011755467711201433	0.0023747409579460603	0.0018736515882940936	0.00016802893483678486	5.2588700684532495e-05	0.00011362366567947719	0.0	0.0	0.0	0.0	0.0	0.0	0.00164391201098599	0.0	0.0	0.0	0.0	0.0	0.0	0.0	0.0	0.0	0.0	0.0	0.0001625478686647178	0.0	0.0	0.002523092771711428	0.0048814118037799675	0.0	0.021167184765718203	0.0027936135547691706	0.005357632907829684	0.0004913373876530508	7.082680055995195e-05	0.0005539030660515795	0.00045191855604802603	0.0	0.012106284389012248	0.0	0.005536463716685781	0.0003459991242055649	0.0	0.0	0.00045568525755055667	0.00017511471326098319	0.0005081563351045454	0.0	0.0008113150395218512	0.0	0.0	0.0	0.0	0.0	0.0	0.0	0.0	0.0	0.0	0.0	0.0001560828718949679	4.468904804753186e-05	0.0	0.0	0.0	0.0	0.004604559904669526	0.014582589497557261	0.0005585922122788359	0.006572081828503526	0.0	0.0	0.0	0.0	0.0	2.7954744465566705e-05	0.0016509521347427387	0.001406912506191777	0.01899429881943801	0.0008026867424528179	0.0021556043842020176	0.0016545252186872961	0.00107574245306267	0.0006098342220961923	0.0	0.0	0.0	0.012710537040855879	0.006351478080818771	0.012115226258812563	0.07907080288243358	0.043687522732706076	0.0	0.0	0.0	0.0	0.0	0.0005160500097066423	0.0	0.0	0.0	0.00045568525755055667	0.0023942861735754164	0.0006337816440777233	0.0	0.009519967786553033	0.01406995311112181	0.2228380833515847	1.0	0.0	0.0	0.0005922356878413248	0.0	0.0034515035810864904	0.0	0.0005472184453865805	0.0008296538349141474	0.0	0.0613305612734428
8.399086853818064e-05	0.0005284152254239698	0.00010974196459445473	0.0	3.8888755970961345e-05	0.0	0.0	0.0004113077808543701	0.0	0.00016469001814856015	0.0	0.0	0.0	0.0	0.0	0.0	5.268252189635097e-05	0.0	0.0	0.00010319665012647874	0.00019700946194559638	0.0	0.0	0.0	0.0	0.0	0.0	0.0	0.0	7.616034762574178e-05	4.748643772770173e-05	0.0	0.0	0.0	0.0001958686463635132	0.000216225992974692	0.00048218768179537116	0.00048397309255285845	0.0	0.0	0.0	0.0	2.0029575684370577e-05	0.0	0.0	0.0008693390124845551	0.0004135895657477403	0.00645822553866069	0.0015481501335397215	0.000865248157041866	0.00016107016572506684	0.00010377421937713267	0.0	0.001121374513639717	0.0	0.0	0.0	0.0012990587203151702	0.0	0.0	0.0	0.0	0.0	0.0	0.0	0.0	0.0	0.0	0.0	0.0	0.0	0.0014042418647745617	0.0	0.0023381152348083997	0.006121284254072121	0.004588761370941991	0.0010862360826622566	0.0025072241142710455	0.015964624163429038	0.016649795350933153	0.0010386248226372198	0.0004173602932146066	0.001003578231795414	0.00021958064224972458	7.302594586431654e-05	0.04658291792426387	0.0	0.00993058588897301	0.00022402284719557196	0.0	0.0	0.00014618579274957693	0.0	0.0	5.525275785173179e-05	0.0014258138981921955	0.0008108108135953425	0.00040688813349105913	8.549188030294154e-05	0.0	0.0007889866179050649	0.0009571396266971389	0.0	0.0011021908748551858	0.00023375668334950077	0.0	0.00011716918859159479	0.005219876155920595	0.002827608637983856	0.0	0.0	5.580969258494104e-05	0.0006344540584345654	0.02245907861539365	0.013037283469966668	0.0011819894092851434	0.00825885657611468	0.0	0.0	0.0	0.00011216269166577145	0.0	0.00016653150235150648	0.0015980136508524023	0.00227057817790126	0.04677808842548571	0.0006683129085855808	0.0022343944435745367	0.0029841599430101484	0.00174491244536432	0.0010643245339881917	0.0	0.0	0.0	0.00534500964752298	0.01908877713360173	0.031148349389786854	0.1573765338739365	0.0028679759496563584	0.0	0.0	0.001239964711007673	0.01453406572139242	0.0	0.0013667953496108456	0.0014656200345264294	0.0	0.0	0.0	0.00316527373758761	0.0	0.009519967786553033	0.0	0.013381213875029125	0.13393750463401277	0.13823110624772522	0.0	0.0	0.0009984044499608306	0.0	0.0013127837083831972	0.0007202324406294773	0.0009594432208309595	0.0006837884369910143	0.0	0.0071399758399147755
0.00036173751791559783	0.0019019400353125634	0.0006334517093400993	0.00018226020822229057	0.00023135773071202318	0.0	0.0	0.0037555005910548177	0.0	0.0019293933760874162	0.0	0.0	0.00032912170165266233	0.0	0.0	0.0	0.0009374453633712905	0.0	0.0003843322680944416	0.000908198414882778	0.0004821001779829078	0.00036158608016538665	0.0	6.321234456709308e-05	0.0	0.0002804175808496746	3.0013073836255922e-05	0.0	0.0	0.00012623052917326807	0.000234982992662447	3.982304944515131e-05	0.0	0.0	0.00105679646799635	0.0002838114339674916	0.003640627095497008	0.0011373713522151376	0.0022869768094564286	0.0	0.0	0.0	0.0	0.0	6.122459719628878e-05	0.0012745360437224256	0.0008178981119080935	0.0020803582872453564	0.002279198228704751	0.00045569609400786286	0.0018668423947790953	0.00010260565712736198	0.0001077865743165692	0.0	0.0	0.0	0.002222947826451712	0.010004110323474645	0.0017796815434245015	0.0046086547860765105	0.001760038178961719	0.0	0.0	0.008073896720968499	0.0	0.001150501147286655	0.0016636353842383075	0.0	0.00120985931554431	0.0	0.0	0.003620649912459319	0.0	0.0077257489616478145	0.0034366262622502115	0.01924510706860127	0.007016917866346318	0.0016172358553585618	0.07154302493558073	0.07331911637752994	0.008028728272807553	0.005001521158757672	0.013278502150565013	0.010077443623289708	0.00222809123952084	0.15064577797820364	0.0	0.07632971079358468	0.0024051199507514553	0.0007468827001405597	0.00014729304896050302	0.001841333316319496	0.00016162523830478428	0.0049089624870351295	0.00010918141432482788	0.01001640884393001	0.005868107948937027	0.007562036359460184	0.00041958600176195013	0.00032824095524431365	0.001975953673788845	0.0049843711656576755	0.00033846528031682545	0.005496730120223142	0.0015733999839853156	0.00038161890736704697	0.0005034176039636747	0.016753289960126736	0.02279742550393399	0.0010673323644202074	0.0003928298373449866	0.002315641060520736	0.004982170256818478	0.0378920218553109	0.03904771412972515	0.01738293490265798	0.27586189399389976	0.0	6.235461692881234e-05	0.0	0.001227744527174449	8.020292920366055e-05	0.0014345337076347023	0.0015482216263125253	0.0024312040053694165	0.021630626884697104	0.0006523638246763268	0.002207983166233836	0.0030424743539120423	0.0037526816850898064	0.0014984624244039901	0.000928709728524372	0.0	0.0	0.048433949359356354	0.06501429751314514	0.030769704173370504	0.0	0.0	0.0	0.0011073573821086995	0.009746911140202309	0.0028525841891540948	0.0	0.00041418039631603034	0.0	0.0024722396677272864	0.0	0.0039659486813035235	0.01591546970603034	0.0	0.01406995311112181	0.013381213875029125	0.0	0.00685110475498023	0.033620969052855706	0.0	0.0	0.0005531984526818338	0.0007008180340340232	0.0007984950522668465	0.0	0.0004340213694945101	0.0005945542720210027	0.0013445148508921475	0.0
0.00030564822384873295	0.0023042106574761435	0.0010036581593695752	0.0003628201600535454	0.00023089988459062936	0.0	0.0	0.002843943500932631	0.0	0.0020893877710790655	0.00012781297389798473	0.0	0.0	0.0	0.0	0.0	0.0001558235800687954	0.0	0.0	0.00010038998448530182	0.0	0.0	0.0	0.0	0.0	0.0	0.0	0.0	0.0	5.0426746240784445e-05	9.376658864369426e-05	0.0	0.0	0.0	8.33121483841739e-05	0.0002120847549669732	0.004902853161589011	0.0003772848813588143	0.0	0.0	0.0	0.0	0.0	0.0	0.0	0.0	0.0	0.001013084194888024	0.0	0.0	0.0	0.0	0.00021438485103672476	0.0	0.0	0.0	0.0064240604396687915	0.004477521354594672	0.0	0.0008800190894808794	0.0	0.0016096176634564886	0.0	0.0	0.0	0.0	0.0	0.0	0.0	0.0	0.0	0.004640671447190729	0.0	0.005725653969866534	0.0	0.0026255674167663945	0.0033570410923271796	0.0	0.014681111141641027	0.030916551564323512	0.005063362221589071	0.00034136722904734107	0.0061282033204463045	0.0058640480945798944	0.0	0.09844289375031548	0.0	0.05503612577007059	0.0015219746709681208	0.00024737738501893835	0.0	0.0004218504152574073	0.0	0.002003259515761274	0.0	0.012371095594715447	0.0	9.899394945018388e-05	0.0	0.0	0.0	0.0	0.0	6.762487687963356e-05	0.0	0.0	0.00015458988305332242	0.005183587157709675	0.0011351292149487976	0.0	9.796010037549067e-05	5.497843537203533e-05	0.0003596018946707791	0.027006305191418202	0.07394904984943804	0.0027508309632595005	0.017256251339376874	0.0	3.112740158967898e-05	0.0	4.459406661546554e-05	0.0	0.0	0.0	0.0	0.01674994323515612	0.0	0.0	0.0	0.0	0.000343761407378437	0.0	0.0	0.0	0.04736419699010189	0.026212514809125786	0.05925559522590601	0.12598177690404705	0.006455848711423654	0.005839061184853218	0.0	0.0	0.007972973151182805	0.0	0.0008110857625939649	0.0	0.005811204992397597	0.0005170540179160668	0.002812336101716142	0.02970981448853164	0.0004748643714760815	0.2228380833515847	0.13393750463401277	0.00685110475498023	0.0	0.25886276045994583	0.03090299631067932	0.0	0.0	0.0	0.0	0.0	0.0	0.0	0.4552391589842563	0.05643302110851804
0.0	6.131012573376327e-05	0.0	0.0	0.0	0.0	0.0	0.0002776588207032605	0.0	6.647190799026492e-05	0.0	0.0	0.0	0.0	0.0	0.0	5.344890539308023e-05	0.0	0.0	0.00042471556760222254	0.0002024367867149304	0.0	0.0	0.0	0.0	7.260698452514894e-05	0.0	0.0	0.0	0.0	0.0	0.0	0.0	0.0	5.6391931722142347e-05	7.351750218554351e-05	0.00037390838513615214	0.00019882724864965168	0.0009978689735014698	0.0	0.0	0.0	0.0	0.0	0.0	0.0030170275502752323	0.008180097181363793	0.05450410989966939	0.00951155498299512	0.005567309086132058	0.015666310918814923	0.004473580463422523	0.004666550949174672	0.013233150277381108	0.0	0.0	0.0	0.0	0.0	0.0	0.0	0.0	0.0	0.0	0.008437008165922058	0.0	0.0	0.0	0.0	0.0	0.0	0.00016294652034813401	0.0	0.0385789002605277	0.0	0.0016679859317831006	0.006168644630967395	0.5999464705184704	0.0013827155150299341	0.0019223213042153435	0.00020478701300180886	0.0	0.00023095338814817768	0.00033951621943601254	0.0	0.007000086765587538	0.0	0.001257052699036149	0.0	0.0	0.0	0.00015224314032779492	0.0	0.0	0.0	0.0003608292452814207	0.0	0.0	0.0	0.0	0.0003735413436538926	0.0006966337228489158	0.00021603459433794782	0.00042121895377542404	4.735387966176553e-05	0.0	0.0	0.0009108400565944143	0.0006260677746113556	0.0	0.0	5.667050060803361e-05	0.0001218503467023072	0.004257929667048012	0.0073040174689676446	0.0	0.0013908369698757458	0.0	0.0	0.0	0.0	0.0	2.7966511999615105e-05	0.0008259424701172204	0.0021118593522744776	0.0060648712817554275	0.002067620066513584	0.00038722549196855795	0.0046086547860765105	0.003401549137311595	0.027370820154827617	0.02707802135302201	0.0	0.0	0.00587977354603285	0.0033815624868765164	0.006983625670673764	0.3378378378378385	0.013070446741963272	0.03654590012255469	0.0	0.0	0.03819388385695115	0.0	0.0005200895718113093	0.0	0.0	0.0	0.00030448628065558983	0.0009234390915019603	0.0	1.0	0.13823110624772522	0.033620969052855706	0.25886276045994583	0.0	0.0	0.0	0.0017806751560603378	0.0	0.0034773089681998212	0.0	0.0	0.01680289278754781	0.035699878085762346	0.5945945945945972
0.0	0.0	0.0	0.0	0.0	0.0	0.0	0.0	0.0	0.0	0.0	0.0	0.0	0.0	0.0	0.0	0.0	0.0	0.0	0.0	0.0	0.0	0.0	0.0	0.0	0.0	0.0	0.0	0.0	0.0	0.0	0.0	0.0	0.0	0.0	0.0	0.0	0.0	0.0	0.0	0.0	0.0	0.0	0.0	0.0	0.0	0.0	0.0	0.0	0.0	0.0	0.0	0.00010819613207051446	0.0	0.0	0.0	0.0	0.0	0.0	0.0	0.0	0.0	0.0	0.0	0.0	0.0	0.0	0.0	0.0	0.0	0.0	0.0	0.0	0.0	0.0	0.0	0.0	0.0	0.0	0.0001539741309537261	4.0578022175537214e-05	0.0	0.0	0.0	0.0	0.0009871103902008376	0.0	0.00018235400042863277	0.0	0.0	0.0	0.0	0.0	0.0	0.0	0.00044193631093403295	0.0	0.0	0.0	0.0	0.0	0.0	0.0	0.0	0.0	0.0	0.0	0.0	4.382439969535118e-05	0.0	4.918855337174143e-05	5.5241271671078864e-05	0.0	0.00033664909471673604	0.0006606523918481652	0.0	0.0	0.0	0.0	0.0	0.0	0.0	0.0	3.691020334576552e-05	0.0	0.0	0.0	0.0	0.0	0.0	0.0	0.0	0.0	0.0	0.0007651605317589903	0.00032071493124015627	0.0	0.026703736197956646	0.0018759935625142952	0.012240432681860891	0.0	0.0	0.0	0.0	0.0	0.0	0.0	0.0	0.0	0.0	0.0	0.0	0.0	0.0	0.03090299631067932	0.0	0.0	0.0	0.00013897460611682433	0.0	0.0	0.0013507790193349825	0.0	0.0018216998949443929	0.0	0.0
0.0	0.0	0.0	0.0	0.0	0.0	0.0	0.0	0.0	0.0	0.0	0.0	0.0	0.0	0.0	0.0	0.0	0.0	0.0	0.0	0.0	0.0	0.0	0.0	0.0	0.0	0.0	0.0	0.0	0.0	0.0	0.0	0.0	0.0	0.0	0.0	0.0	0.0	0.0	0.0	0.0	0.0	0.0	0.0	0.0	0.0	0.0	0.0	0.0	0.0	0.0	0.0	0.0	0.0	0.0	0.0	0.0	0.0	0.0	0.0	0.0	0.0	0.0	0.0	0.0	0.0	0.0	0.0	0.0	0.0	0.0	0.0	0.0	0.0	0.0	0.0	0.0	0.0	0.0	0.0	0.0	0.0	0.0	0.0	0.0	0.0	0.0	0.0	0.0	0.0	0.0	0.0	0.0	0.0	0.0	0.0	0.0	0.0	0.0	0.0	0.0	0.0	0.0	0.0	0.0	0.0	0.0	0.0	0.0	0.0	0.0	0.0	0.0	0.0	0.0	0.0	0.0	0.0	0.0	0.0	0.0	0.0	0.0	0.0	0.0	0.0	0.0	0.0	0.0	0.0	0.0	0.0	0.0	0.0	0.0	0.0	0.0	0.0	0.0	0.0	0.0	0.0	0.0	0.0	0.0	0.0	0.0	0.0	0.0	0.0	0.0	0.0	0.0	0.0	0.0	0.0	0.0	0.0	0.000111603768605099	0.0	0.0	0.00021159695775942102	0.0	0.0	0.0	0.0
0.0	0.0	0.0	0.0	0.0	0.0	0.0	0.0	0.0	0.0	0.0	0.0	0.0	0.0	0.0	0.0	0.0	0.0	8.835297767794477e-05	0.0	6.0658647551638214e-05	0.0	0.0	0.0	0.0	0.0	0.0	0.0	0.0	0.0	0.0	0.0	0.0	0.0	0.0	4.948468799245606e-05	0.0	0.0	0.0	0.0	0.0	0.0	0.0	0.0	0.0	0.0035985726147180486	0.003972466091023797	0.0011197995494351709	0.01130246831715796	0.005914668388765469	0.0028702701924148543	0.006873252385274017	0.0013643450862320602	0.006652356842192344	0.0	0.0	0.0	0.0	0.0	0.0	0.0	0.0	0.0	0.0	0.0	0.0	0.0	0.0	0.0	0.0	0.0	0.0	0.0	0.00014789413587593543	0.0	0.00013878108137645507	0.0	0.0	4.9264536196980305e-05	1.7209835811059663e-05	0.0	0.0	0.0	0.0	0.0	0.0	0.0	3.560634491023177e-05	0.0	0.0	0.0	0.0	0.0	0.0	0.0	0.0	0.0	6.186354209901015e-05	5.546030385401345e-05	0.0	0.0	0.00019083228681836373	0.0	9.592123369980119e-05	0.0	6.0255238965126114e-05	0.0	4.441272708842561e-05	0.00017260505530625441	0.0	0.0	0.0	5.071865765972517e-05	0.0	0.0	5.769572924612195e-05	0.0	0.0	0.0	0.0	0.0	0.0	0.0	0.003730186655842839	0.01293243758123473	0.009371900151338493	0.0013061882738500013	0.002714375894020249	0.0006649685504642622	0.010190816008463976	0.023326625795301526	0.004354172165739463	0.0	0.0	0.0	0.0002158065385419091	0.0	0.0	0.0	0.0	0.0	0.0	0.00029344766659154613	0.0	0.0	0.0	0.0	0.0	0.0	0.0	0.0	0.0005922356878413248	0.0009984044499608306	0.0005531984526818338	0.0	0.0017806751560603378	0.00013897460611682433	0.000111603768605099	0.0	0.0010581889585585572	0.03434225887182685	0.024256978958429428	0.002613310548218604	0.0046175519583910914	0.0	0.0001480589219603312
0.0	0.0	0.0	0.0	0.0	0.0	0.0	0.0	0.0	0.0	0.0	0.0	0.0	0.0	0.0	0.0	0.0	0.0	0.0	0.0	0.0	0.0	0.0	0.0	0.0	0.0	0.0	0.0	0.0	0.0	0.0	0.0	0.0	0.0	0.0	0.0	0.0	0.0	0.0	0.0	0.0	0.0	0.0	0.0	0.0	0.0005026672431088352	0.0006600142997073241	0.0003931446283075496	0.000799429122398631	0.00043436292093753005	0.00031274736220930643	0.0005737856853364993	0.0002411181301089309	0.0013546313566953495	0.0	0.0	0.0	0.0	0.0	0.0	0.0	0.0	0.0	0.0	0.0	0.0	0.0	0.0	0.0	0.0	0.0	0.0	0.0	0.0	0.0	0.0	0.0	0.0005287117255140446	0.0	0.0	0.0	0.0	0.0	0.0	0.0	0.0	0.0	0.0	0.0	0.0	0.0	0.0	0.0	0.0	0.0	0.0	0.0	0.0	0.0	0.0	0.0	0.0	0.0	0.0	4.036539440850623e-05	0.0	0.0	0.0	0.0	0.0	0.0	0.0	0.0	0.0	0.0	0.0	0.0	0.0	0.0	0.0	0.0	0.0	0.0	6.602329142107621e-05	0.0006008570757986885	0.0012069812383457426	0.00040447305959295283	0.00023006039561493966	0.0	0.0003348113058153369	0.0027871621238748966	0.0007521672714083354	0.0	0.0	0.0	0.0	0.0	0.0	0.0	0.0	0.0	0.0	0.0	0.0	0.0	0.0	0.0	0.0	0.0	0.0	0.0	0.0	0.0	0.0007008180340340232	0.0	0.0	0.0	0.0	0.0010581889585585572	0.0	0.004233436953143657	0.0025970595053829352	0.0009143317684905761	0.0006190196511358729	0.0	0.0
0.0	1.9680521967055117e-05	0.0	0.0	0.0	0.0	0.0	0.0	0.0	0.0	0.0	0.0	0.0	0.0	0.0	0.0	0.0	0.0	0.0	0.0	0.0002551079152483121	0.0	0.0	0.0	0.0	0.0	0.0	0.0	0.0	0.0	0.0	0.0	0.0	0.0	0.0	0.0	0.0	0.0	0.0	0.0	0.0	0.0	0.0	0.0	0.0	0.0025298582220218777	0.002386545967109024	0.00271805887692894	0.008160359119722932	0.006334459459459474	0.0029425286177666146	0.0016283101984057016	0.0012188222897512653	0.005012594010921775	0.0	0.0	0.0	0.0	0.0	0.0	0.0	0.0	0.0	0.0	0.0	0.0	0.0	0.0	0.0	0.0	0.0	0.0	0.0	0.0	0.0	0.0008065728770295269	0.0	0.0	2.7877528906310673e-05	0.0	0.0	0.0	0.0	0.0	0.0	0.0	0.0	0.0	0.0	0.0	0.0	0.0	0.0	0.0	0.0	0.0	0.0	8.742295091378182e-05	0.0	0.0	0.0	6.159589668693367e-05	0.0	0.00024807010613096423	0.0	0.0	0.0	2.481009795922747e-05	0.000371258053374728	0.0	0.0	5.121385707256226e-05	5.7624839787862774e-05	0.0	0.0	7.932517036247996e-05	0.0	0.0	0.0	0.0	0.0	7.216666353091168e-05	0.0	0.00021040568419795005	0.0006468768500825789	0.0193856581008002	0.004062059634221218	0.0011524534209228336	0.0005475943103439386	0.0005576619766750442	0.010731319702265207	0.005081923204963432	0.0	0.0	0.0	0.0	0.0002779007614353335	0.0	0.0	0.0	0.0	0.0	0.0004785697901441485	0.0	0.0	0.0	0.0	0.0	0.0	0.0	0.0	0.0034515035810864904	0.0013127837083831972	0.0007984950522668465	0.0	0.0034773089681998212	0.0	0.0	0.03434225887182685	0.004233436953143657	0.0	0.004561197136314112	0.004062316460579313	0.017261747209959512	0.0	0.0009861438803103974
0.0	0.0	0.0	0.0	0.0	0.0	0.0	0.0	0.0	0.0	0.0	0.0	0.0	0.0	0.0	0.0	0.0	0.0	0.0	0.0	8.162339267650932e-05	0.0	0.0	0.0	0.0	0.0	0.0	0.0	0.0	0.0	0.0	0.0	0.0	0.0	0.0	0.0	0.0	0.0	0.0	0.0	0.0	0.0	0.0	0.0	0.0	0.0006653482296457996	0.00046636480664665435	0.00026296086031793686	0.003059803241374896	0.0013377471236494765	0.0008425544980853593	0.00037431798929889935	0.00017924849685351993	0.001545149838738341	0.0	0.0	0.0	0.0	0.0	0.0	0.0	0.0	0.0	0.0	0.0	0.0	0.0	0.0	0.0	0.0	0.0	0.0	0.0	0.0	0.0	0.0	0.0	0.0	0.0	0.0	0.0	0.0	0.0	0.0	0.0	0.0	0.0	0.0	0.0	0.0	0.0	0.0	0.0	0.0	0.0	0.0	0.0	0.0	0.0	0.0	0.0	0.0	0.0	0.00012036492829790846	0.0	0.0	0.0	0.0	0.0	0.0	0.0	0.0	0.0	0.0	0.0	0.0	0.0	0.0	0.0	0.0	0.0	0.0	0.0	0.0003792057246279885	0.002322635103229074	0.008194444627604552	0.0007221895929918717	0.00024450972079724466	0.0	0.0007813575895456858	0.0038841716812648636	0.0007437474601200123	0.0	0.0	0.0	0.0	0.0	0.0	0.0	0.0	0.0	0.0	0.0	0.0	0.0	0.0	0.0	0.0	0.0	0.0	0.0	0.0	0.0007202324406294773	0.0	0.0	0.0	0.0013507790193349825	0.00021159695775942102	0.024256978958429428	0.0025970595053829352	0.004561197136314112	0.0	0.0031069739454610387	0.12577083660775354	0.0	0.0
0.0	0.0	0.0	0.0	0.0	0.0	0.0	0.0	0.0	0.0	0.0	0.0	0.0	0.0	0.0	0.0	0.0	0.0	0.0	0.0	0.0	0.0	0.0	0.0	0.0	0.0	0.0	0.0	0.0	0.0	0.0	0.0	0.0	0.0	0.0	0.0	0.0	0.0	0.0	0.0	0.0	0.0	0.0	0.0	0.0	0.00021533055817775853	0.0004337328256148955	0.00032149084014526777	0.00023016664858689512	0.00042681867567406735	0.0002626143953420897	0.0009187681259263024	0.0008599803161503195	0.0006268060285677515	0.0	0.0	0.0	0.0	0.0	0.0	0.0	0.0	0.0	0.0	0.0	0.0	0.0	0.0	0.0	0.0	0.0	0.0	0.0	0.0	0.0	0.0	0.0	0.0	0.0	0.0	0.0	0.0	0.0	0.0	0.0	0.0	0.0	0.0	0.0	0.0	0.0	0.0	0.0	0.0	0.0	0.0	0.0	0.0	0.0	0.0	0.0	0.0	0.0	0.0	0.0	0.0	0.0	0.0	4.159522498994252e-05	0.0	0.0	0.0	0.0	0.0	0.0	0.0	0.0	0.0	0.0	0.0	0.0	0.0	0.0	0.002825291585294921	0.012397955262382344	0.0005231609533084269	9.629194147809178e-05	0.0006073874915881273	0.0029560810810810773	0.009556645638387191	0.013382915082800817	0.004788572463172857	0.0	0.0	0.0	0.0	0.0	0.0	0.0	0.0	0.0	0.0	0.0	0.0	0.0	0.0	0.0	0.0	0.0	0.0	0.0	0.0005472184453865805	0.0009594432208309595	0.0004340213694945101	0.0	0.0	0.0	0.0	0.002613310548218604	0.0009143317684905761	0.004062316460579313	0.0031069739454610387	0.0	0.04913414224350681	0.0	0.0
0.0	0.0	0.0	0.0	3.7736523821446525e-05	0.0	0.0	0.0	0.0	0.0	0.0	0.0	0.0	0.0	0.0	0.0	0.0	0.0	0.0	0.0	0.0002742995305471568	0.0	0.0	0.0	0.0	0.0	0.0	0.0	0.0	0.0	0.0	0.0	0.0	0.0	0.0	0.0	0.0	0.0	0.0002460794234028891	0.0	0.0	0.0	0.0	0.0	3.0091232074478152e-05	0.0015784431337195822	0.009240858632506139	0.0012055906331414883	0.0008056763284211474	0.0009381266737170214	0.006005467470432513	0.030013318433892416	0.011683127559934147	0.017908044730157214	0.0	0.0	0.0	0.0	0.0	0.0	0.0	0.0	0.0	0.0	0.0	0.0	0.0	0.0	0.0	0.0	0.0	0.0	0.0	0.004947035904015211	0.0	0.0	0.0017587440692769882	0.018581081081081103	0.0	0.0	0.0	0.0	0.0	0.0	0.0	0.0	0.0	0.0	0.0	0.0	0.0	0.0	0.0	0.0	0.0	0.0	0.0	0.0	0.0	0.0	0.0	6.488422197049992e-05	0.0	0.0	0.0	0.0	0.0	0.0	0.0	0.0	0.0	0.0	2.9512041416015712e-05	0.0	0.0	0.0	0.0	0.0	0.0	0.0	0.0	0.0	0.0	0.0024193351753901624	0.02213224335111758	0.0006248411259339978	0.0	0.001515575626919382	0.0024684126115664903	0.02034425951801607	0.01071287122545003	0.002574299418015088	0.0	0.0	0.0	0.0	0.0	0.0	0.0	0.0	0.0	0.0	0.0	0.0	0.0	0.0	0.0	0.0	0.0	0.0	0.0	0.0008296538349141474	0.0006837884369910143	0.0005945542720210027	0.0	0.01680289278754781	0.0018216998949443929	0.0	0.0046175519583910914	0.0006190196511358729	0.017261747209959512	0.12577083660775354	0.04913414224350681	0.0	0.0007636947094748686	0.004977923009485044
0.00014058705123706888	0.004118186969010091	0.0008148271002312272	9.433238165865323e-05	0.0007041879750121854	0.0	0.0	0.005062497103347697	0.0	0.0016883476002147923	0.0	0.0	0.0	0.0	0.0	0.0	0.0001593319991368051	0.0	0.0	0.0	0.0	0.003342965485694754	0.0	0.0	0.0	0.0	0.0	0.0	0.0	0.0	0.0	0.0	0.0	0.0	0.0	0.00029151638714111703	0.004175617306572016	0.0039299927591265596	0.014397423076794934	0.0	0.0	0.0	0.0	0.0	0.0	0.0	0.0	0.0012901251170842098	0.0	0.0	0.0	0.0	0.0004491815964404396	0.0	0.0	0.0	0.04708045788426599	0.0020504859568290313	0.0010666184286805729	0.05334031105023442	0.11755024386396928	0.03125294310754453	0.0	0.0	0.0	0.0	0.0	0.0	0.0	0.0	0.0	0.0020779600655466395	0.0	0.0036406267706353547	0.0	0.006957219057418556	0.7412780499975068	0.03254274610107411	0.00023453370026500276	0.0013948246585323465	0.00028600395441417324	0.0	0.0001378135446910775	0.00011166629287522376	0.0	0.0064647981980700585	0.0	0.003426248463240899	0.0	0.0	0.0	0.0	0.0	0.0	0.0	0.000583213191434171	0.0	0.0	0.0	0.0	0.0	0.0	0.0	0.0	0.0	0.0	0.0	0.0002853791032871547	0.0	0.0	0.0	0.0	0.0	0.001166321400337564	0.003659425309109188	9.220507719312712e-05	0.001001629757880617	0.0	0.0	0.0	0.0	0.0	0.0	0.0	0.0	0.00044196080318385154	0.0	0.0	0.0	0.0	0.00024087532501274733	0.0	0.0	0.0	0.012377189700972227	0.0025174023321901987	0.0043538418278253	0.18420801162263165	0.025554400839993274	0.056166992440181696	0.0	0.0	0.0	0.0	0.0024487017222842473	0.001889330155246088	0.0	0.0	0.0	0.00216853298547722	0.0	0.0	0.0	0.0013445148508921475	0.4552391589842563	0.035699878085762346	0.0	0.0	0.0	0.0	0.0	0.0	0.0	0.0007636947094748686	0.0	0.0
0.0003101994953006867	0.00036774764162840376	0.00015451069947043544	0.0	3.9281534039278096e-05	0.0	0.0	0.0007861524115353412	0.0	9.9658010221122e-05	0.0	0.0	0.0	0.0002209191651662841	0.0	0.0	0.0	0.0	0.0	0.0	0.0	0.0	0.0	0.0	0.0	0.0	0.0	0.0	0.0	0.00012776790804228152	0.0	0.0	0.0	0.0	0.0	0.0007343624615924034	0.0008708193317208788	0.0005955906271714391	0.001985796483631276	0.0	0.0	0.0	0.0	0.0	0.0	0.0001526731411628021	0.00010479034028613593	0.049787863247441465	0.0003518134752512564	0.00040986128493929685	0.00016802893483678486	0.0	0.00556755961829522	0.0006551333632690148	0.0	0.0	0.0	0.00035435435763388857	0.0016939744016544508	0.008219560054930112	0.0	0.0	0.0	0.0019446275525725632	0.0	0.0	0.0	0.0	0.0	0.0	0.0	0.0	0.0	0.08793720207158616	0.012615463858557338	0.013017098143413248	0.06179430985300282	0.6561827277372646	8.821937541374565e-05	0.0001941171343416344	2.0472391152211224e-05	0.0	9.231717767524332e-05	0.0	0.0	0.00037701231661281526	0.0	0.0004187241466400669	0.00011533304140182837	0.0	0.0	0.00015189508585017228	0.0	0.0	0.0	0.00013521917325361532	0.0	0.0	0.0	0.0	0.0	0.0	0.0	0.0	0.0	0.0	0.0	0.0	0.0	0.0	0.0	0.0	0.0	0.00035419691574378514	0.00011573483728218402	0.0	0.0	0.0	0.0	0.0	0.0	0.0	0.0	0.00045025967311163425	0.0001875883341588797	0.005096031390580919	0.0002293390692722109	0.00011054381457443075	0.00018383613540968628	0.0003012078868575524	0.0010977015997731701	0.0	0.0	0.0	0.0034665101020515707	0.0	0.0005769155361339297	0.006589233573536125	0.0	0.0007375553181513434	0.0	0.0	0.0	0.0	0.0	0.0	0.0	0.0	0.0	0.0	0.0	0.0613305612734428	0.0071399758399147755	0.0	0.05643302110851804	0.5945945945945972	0.0	0.0	0.0001480589219603312	0.0	0.0009861438803103974	0.0	0.0	0.004977923009485044	0.0	0.0
